2026-05-17T14:13:45.443-04:00  INFO 30016 --- [ms-envios] [main] c.dsy1103.msenvios.MsEnviosApplication   : Starting MsEnviosApplication using Java 24.0.2 with PID 30016 (C:\Users\zerze\OneDrive\Desktop\ev2\Evaluacion-Parcial-2-Full-Stack-DSY1103\ms-envios\target\classes started by zerze in C:\Users\zerze\OneDrive\Desktop\ev2\Evaluacion-Parcial-2-Full-Stack-DSY1103\ms-envios)
2026-05-17T14:13:45.452-04:00 DEBUG 30016 --- [ms-envios] [main] c.dsy1103.msenvios.MsEnviosApplication   : Running with Spring Boot v4.0.6, Spring v7.0.7
2026-05-17T14:13:45.453-04:00  INFO 30016 --- [ms-envios] [main] c.dsy1103.msenvios.MsEnviosApplication   : No active profile set, falling back to 1 default profile: "default"
2026-05-17T14:13:46.596-04:00  INFO 30016 --- [ms-envios] [main] .s.d.r.c.RepositoryConfigurationDelegate : Bootstrapping Spring Data JPA repositories in DEFAULT mode.
2026-05-17T14:13:46.691-04:00  INFO 30016 --- [ms-envios] [main] .s.d.r.c.RepositoryConfigurationDelegate : Finished Spring Data repository scanning in 76 ms. Found 2 JPA repository interfaces.
2026-05-17T14:13:46.949-04:00  INFO 30016 --- [ms-envios] [main] o.s.cloud.context.scope.GenericScope     : BeanFactory id=70c89f48-f23d-3461-8175-d8330af911c3
2026-05-17T14:13:47.581-04:00  INFO 30016 --- [ms-envios] [main] o.s.boot.tomcat.TomcatWebServer          : Tomcat initialized with port 8086 (http)
2026-05-17T14:13:47.599-04:00  INFO 30016 --- [ms-envios] [main] o.apache.catalina.core.StandardService   : Starting service [Tomcat]
2026-05-17T14:13:47.600-04:00  INFO 30016 --- [ms-envios] [main] o.apache.catalina.core.StandardEngine    : Starting Servlet engine: [Apache Tomcat/11.0.21]
2026-05-17T14:13:47.703-04:00  INFO 30016 --- [ms-envios] [main] b.w.c.s.WebApplicationContextInitializer : Root WebApplicationContext: initialization completed in 2173 ms
2026-05-17T14:13:48.058-04:00  INFO 30016 --- [ms-envios] [main] com.zaxxer.hikari.HikariDataSource       : HikariPool-1 - Starting...
2026-05-17T14:13:48.364-04:00  INFO 30016 --- [ms-envios] [main] com.zaxxer.hikari.pool.HikariPool        : HikariPool-1 - Added connection com.mysql.cj.jdbc.ConnectionImpl@79195c22
2026-05-17T14:13:48.367-04:00  INFO 30016 --- [ms-envios] [main] com.zaxxer.hikari.HikariDataSource       : HikariPool-1 - Start completed.
2026-05-17T14:13:52.894-04:00  INFO 30016 --- [ms-envios] [main] liquibase.changelog                      : Reading from prueba5.databasechangelog
2026-05-17T14:13:52.978-04:00  INFO 30016 --- [ms-envios] [main] liquibase.ui                             : Database is up to date, no changesets to execute
2026-05-17T14:13:52.983-04:00  INFO 30016 --- [ms-envios] [main] liquibase.changelog                      : Reading from prueba5.databasechangelog
2026-05-17T14:13:53.005-04:00  INFO 30016 --- [ms-envios] [main] liquibase.util                           : UPDATE SUMMARY
2026-05-17T14:13:53.006-04:00  INFO 30016 --- [ms-envios] [main] liquibase.util                           : Run:                          0
2026-05-17T14:13:53.006-04:00  INFO 30016 --- [ms-envios] [main] liquibase.util                           : Previously run:               2
2026-05-17T14:13:53.007-04:00  INFO 30016 --- [ms-envios] [main] liquibase.util                           : Filtered out:                 0
2026-05-17T14:13:53.007-04:00  INFO 30016 --- [ms-envios] [main] liquibase.util                           : -------------------------------
2026-05-17T14:13:53.007-04:00  INFO 30016 --- [ms-envios] [main] liquibase.util                           : Total change sets:            2
2026-05-17T14:13:53.012-04:00  INFO 30016 --- [ms-envios] [main] liquibase.util                           : Update summary generated
2026-05-17T14:13:53.015-04:00  INFO 30016 --- [ms-envios] [main] liquibase.command                        : Command execution complete
2026-05-17T14:13:53.186-04:00  INFO 30016 --- [ms-envios] [main] org.hibernate.orm.jpa                    : HHH008540: Processing PersistenceUnitInfo [name: default]
2026-05-17T14:13:53.270-04:00  INFO 30016 --- [ms-envios] [main] org.hibernate.orm.core                   : HHH000001: Hibernate ORM core version 7.2.12.Final
2026-05-17T14:13:53.756-04:00  INFO 30016 --- [ms-envios] [main] o.s.o.j.p.SpringPersistenceUnitInfo      : No LoadTimeWeaver setup: ignoring JPA class transformer
2026-05-17T14:13:53.808-04:00  WARN 30016 --- [ms-envios] [main] org.hibernate.orm.deprecation            : HHH90000025: MySQLDialect does not need to be specified explicitly using 'hibernate.dialect' (remove the property setting and it will be selected by default)
2026-05-17T14:13:53.820-04:00  INFO 30016 --- [ms-envios] [main] org.hibernate.orm.connections.pooling    : HHH10001005: Database info:
	Database JDBC URL [jdbc:mysql://localhost:3306/prueba5?useSSL=false&serverTimezone=America/Santiago&allowPublicKeyRetrieval=true]
	Database driver: MySQL Connector/J
	Database dialect: MySQLDialect
	Database version: 8.4.3
	Default catalog/schema: prueba5/undefined
	Autocommit mode: undefined/unknown
	Isolation level: REPEATABLE_READ [default REPEATABLE_READ]
	JDBC fetch size: none
	Pool: DataSourceConnectionProvider
	Minimum pool size: undefined/unknown
	Maximum pool size: undefined/unknown
2026-05-17T14:13:54.771-04:00  INFO 30016 --- [ms-envios] [main] org.hibernate.orm.core                   : HHH000489: No JTA platform available (set 'hibernate.transaction.jta.platform' to enable JTA platform integration)
2026-05-17T14:13:54.809-04:00  INFO 30016 --- [ms-envios] [main] j.LocalContainerEntityManagerFactoryBean : Initialized JPA EntityManagerFactory for persistence unit 'default'
2026-05-17T14:13:54.919-04:00  INFO 30016 --- [ms-envios] [main] o.s.d.j.r.query.QueryEnhancerFactories   : Hibernate is in classpath; If applicable, HQL parser will be used.
2026-05-17T14:13:55.869-04:00  WARN 30016 --- [ms-envios] [main] JpaBaseConfiguration$JpaWebConfiguration : spring.jpa.open-in-view is enabled by default. Therefore, database queries may be performed during view rendering. Explicitly configure spring.jpa.open-in-view to disable this warning
2026-05-17T14:13:56.719-04:00  INFO 30016 --- [ms-envios] [main] o.s.boot.tomcat.TomcatWebServer          : Tomcat started on port 8086 (http) with context path '/'
2026-05-17T14:13:56.731-04:00  INFO 30016 --- [ms-envios] [main] c.dsy1103.msenvios.MsEnviosApplication   : Started MsEnviosApplication in 12.002 seconds (process running for 13.091)
2026-05-17T14:15:56.778-04:00  INFO 30016 --- [ms-envios] [http-nio-8086-exec-1] o.a.c.c.C.[Tomcat].[localhost].[/]       : Initializing Spring DispatcherServlet 'dispatcherServlet'
2026-05-17T14:15:56.778-04:00  INFO 30016 --- [ms-envios] [http-nio-8086-exec-1] o.s.web.servlet.DispatcherServlet        : Initializing Servlet 'dispatcherServlet'
2026-05-17T14:15:56.786-04:00  INFO 30016 --- [ms-envios] [http-nio-8086-exec-1] o.s.web.servlet.DispatcherServlet        : Completed initialization in 6 ms
2026-05-17T14:15:56.907-04:00 ERROR 30016 --- [ms-envios] [http-nio-8086-exec-1] c.d.m.exception.GlobalExceptionHandler   : ERROR CRÍTICO en /api/envios/no-entregados: 

org.springframework.web.bind.MissingServletRequestParameterException: Required request parameter 'inicio' for method parameter type String is not present
	at org.springframework.web.method.annotation.RequestParamMethodArgumentResolver.handleMissingValueInternal(RequestParamMethodArgumentResolver.java:219) ~[spring-web-7.0.7.jar:7.0.7]
	at org.springframework.web.method.annotation.RequestParamMethodArgumentResolver.handleMissingValue(RequestParamMethodArgumentResolver.java:195) ~[spring-web-7.0.7.jar:7.0.7]
	at org.springframework.web.method.annotation.AbstractNamedValueMethodArgumentResolver.resolveArgument(AbstractNamedValueMethodArgumentResolver.java:123) ~[spring-web-7.0.7.jar:7.0.7]
	at org.springframework.web.method.support.HandlerMethodArgumentResolverComposite.resolveArgument(HandlerMethodArgumentResolverComposite.java:122) ~[spring-web-7.0.7.jar:7.0.7]
	at org.springframework.web.method.support.InvocableHandlerMethod.getMethodArgumentValues(InvocableHandlerMethod.java:224) ~[spring-web-7.0.7.jar:7.0.7]
	at org.springframework.web.method.support.InvocableHandlerMethod.invokeForRequest(InvocableHandlerMethod.java:174) ~[spring-web-7.0.7.jar:7.0.7]
	at org.springframework.web.servlet.mvc.method.annotation.ServletInvocableHandlerMethod.invokeAndHandle(ServletInvocableHandlerMethod.java:117) ~[spring-webmvc-7.0.7.jar:7.0.7]
	at org.springframework.web.servlet.mvc.method.annotation.RequestMappingHandlerAdapter.invokeHandlerMethod(RequestMappingHandlerAdapter.java:934) ~[spring-webmvc-7.0.7.jar:7.0.7]
	at org.springframework.web.servlet.mvc.method.annotation.RequestMappingHandlerAdapter.handleInternal(RequestMappingHandlerAdapter.java:853) ~[spring-webmvc-7.0.7.jar:7.0.7]
	at org.springframework.web.servlet.mvc.method.AbstractHandlerMethodAdapter.handle(AbstractHandlerMethodAdapter.java:86) ~[spring-webmvc-7.0.7.jar:7.0.7]
	at org.springframework.web.servlet.DispatcherServlet.doDispatch(DispatcherServlet.java:963) ~[spring-webmvc-7.0.7.jar:7.0.7]
	at org.springframework.web.servlet.DispatcherServlet.doService(DispatcherServlet.java:866) ~[spring-webmvc-7.0.7.jar:7.0.7]
	at org.springframework.web.servlet.FrameworkServlet.processRequest(FrameworkServlet.java:1000) ~[spring-webmvc-7.0.7.jar:7.0.7]
	at org.springframework.web.servlet.FrameworkServlet.doGet(FrameworkServlet.java:892) ~[spring-webmvc-7.0.7.jar:7.0.7]
	at jakarta.servlet.http.HttpServlet.service(HttpServlet.java:622) ~[tomcat-embed-core-11.0.21.jar:6.1]
	at org.springframework.web.servlet.FrameworkServlet.service(FrameworkServlet.java:874) ~[spring-webmvc-7.0.7.jar:7.0.7]
	at jakarta.servlet.http.HttpServlet.service(HttpServlet.java:710) ~[tomcat-embed-core-11.0.21.jar:6.1]
	at org.apache.catalina.core.ApplicationFilterChain.doFilter(ApplicationFilterChain.java:128) ~[tomcat-embed-core-11.0.21.jar:11.0.21]
	at org.apache.tomcat.websocket.server.WsFilter.doFilter(WsFilter.java:53) ~[tomcat-embed-websocket-11.0.21.jar:11.0.21]
	at org.apache.catalina.core.ApplicationFilterChain.doFilter(ApplicationFilterChain.java:107) ~[tomcat-embed-core-11.0.21.jar:11.0.21]
	at org.springframework.web.filter.RequestContextFilter.doFilterInternal(RequestContextFilter.java:100) ~[spring-web-7.0.7.jar:7.0.7]
	at org.springframework.web.filter.OncePerRequestFilter.doFilter(OncePerRequestFilter.java:116) ~[spring-web-7.0.7.jar:7.0.7]
	at org.apache.catalina.core.ApplicationFilterChain.doFilter(ApplicationFilterChain.java:107) ~[tomcat-embed-core-11.0.21.jar:11.0.21]
	at org.springframework.web.filter.FormContentFilter.doFilterInternal(FormContentFilter.java:93) ~[spring-web-7.0.7.jar:7.0.7]
	at org.springframework.web.filter.OncePerRequestFilter.doFilter(OncePerRequestFilter.java:116) ~[spring-web-7.0.7.jar:7.0.7]
	at org.apache.catalina.core.ApplicationFilterChain.doFilter(ApplicationFilterChain.java:107) ~[tomcat-embed-core-11.0.21.jar:11.0.21]
	at org.springframework.web.filter.CharacterEncodingFilter.doFilterInternal(CharacterEncodingFilter.java:199) ~[spring-web-7.0.7.jar:7.0.7]
	at org.springframework.web.filter.OncePerRequestFilter.doFilter(OncePerRequestFilter.java:116) ~[spring-web-7.0.7.jar:7.0.7]
	at org.apache.catalina.core.ApplicationFilterChain.doFilter(ApplicationFilterChain.java:107) ~[tomcat-embed-core-11.0.21.jar:11.0.21]
	at org.apache.catalina.core.StandardWrapperValve.invoke(StandardWrapperValve.java:165) ~[tomcat-embed-core-11.0.21.jar:11.0.21]
	at org.apache.catalina.core.StandardContextValve.invoke(StandardContextValve.java:77) ~[tomcat-embed-core-11.0.21.jar:11.0.21]
	at org.apache.catalina.authenticator.AuthenticatorBase.invoke(AuthenticatorBase.java:492) ~[tomcat-embed-core-11.0.21.jar:11.0.21]
	at org.apache.catalina.core.StandardHostValve.invoke(StandardHostValve.java:113) ~[tomcat-embed-core-11.0.21.jar:11.0.21]
	at org.apache.catalina.valves.ErrorReportValve.invoke(ErrorReportValve.java:83) ~[tomcat-embed-core-11.0.21.jar:11.0.21]
	at org.apache.catalina.core.StandardEngineValve.invoke(StandardEngineValve.java:72) ~[tomcat-embed-core-11.0.21.jar:11.0.21]
	at org.apache.catalina.connector.CoyoteAdapter.service(CoyoteAdapter.java:341) ~[tomcat-embed-core-11.0.21.jar:11.0.21]
	at org.apache.coyote.http11.Http11Processor.service(Http11Processor.java:397) ~[tomcat-embed-core-11.0.21.jar:11.0.21]
	at org.apache.coyote.AbstractProcessorLight.process(AbstractProcessorLight.java:63) ~[tomcat-embed-core-11.0.21.jar:11.0.21]
	at org.apache.coyote.AbstractProtocol$ConnectionHandler.process(AbstractProtocol.java:903) ~[tomcat-embed-core-11.0.21.jar:11.0.21]
	at org.apache.tomcat.util.net.NioEndpoint$SocketProcessor.doRun(NioEndpoint.java:1801) ~[tomcat-embed-core-11.0.21.jar:11.0.21]
	at org.apache.tomcat.util.net.SocketProcessorBase.run(SocketProcessorBase.java:52) ~[tomcat-embed-core-11.0.21.jar:11.0.21]
	at org.apache.tomcat.util.threads.ThreadPoolExecutor.runWorker(ThreadPoolExecutor.java:946) ~[tomcat-embed-core-11.0.21.jar:11.0.21]
	at org.apache.tomcat.util.threads.ThreadPoolExecutor$Worker.run(ThreadPoolExecutor.java:480) ~[tomcat-embed-core-11.0.21.jar:11.0.21]
	at org.apache.tomcat.util.threads.TaskThread$WrappingRunnable.run(TaskThread.java:57) ~[tomcat-embed-core-11.0.21.jar:11.0.21]
	at java.base/java.lang.Thread.run(Thread.java:1447) ~[na:na]

2026-05-17T14:20:52.763-04:00 ERROR 30016 --- [ms-envios] [http-nio-8086-exec-4] c.d.m.exception.GlobalExceptionHandler   : ERROR CRÍTICO en /api/envios/no-entregados: 

org.springframework.web.bind.MissingServletRequestParameterException: Required request parameter 'inicio' for method parameter type String is not present
	at org.springframework.web.method.annotation.RequestParamMethodArgumentResolver.handleMissingValueInternal(RequestParamMethodArgumentResolver.java:219) ~[spring-web-7.0.7.jar:7.0.7]
	at org.springframework.web.method.annotation.RequestParamMethodArgumentResolver.handleMissingValue(RequestParamMethodArgumentResolver.java:195) ~[spring-web-7.0.7.jar:7.0.7]
	at org.springframework.web.method.annotation.AbstractNamedValueMethodArgumentResolver.resolveArgument(AbstractNamedValueMethodArgumentResolver.java:123) ~[spring-web-7.0.7.jar:7.0.7]
	at org.springframework.web.method.support.HandlerMethodArgumentResolverComposite.resolveArgument(HandlerMethodArgumentResolverComposite.java:122) ~[spring-web-7.0.7.jar:7.0.7]
	at org.springframework.web.method.support.InvocableHandlerMethod.getMethodArgumentValues(InvocableHandlerMethod.java:224) ~[spring-web-7.0.7.jar:7.0.7]
	at org.springframework.web.method.support.InvocableHandlerMethod.invokeForRequest(InvocableHandlerMethod.java:174) ~[spring-web-7.0.7.jar:7.0.7]
	at org.springframework.web.servlet.mvc.method.annotation.ServletInvocableHandlerMethod.invokeAndHandle(ServletInvocableHandlerMethod.java:117) ~[spring-webmvc-7.0.7.jar:7.0.7]
	at org.springframework.web.servlet.mvc.method.annotation.RequestMappingHandlerAdapter.invokeHandlerMethod(RequestMappingHandlerAdapter.java:934) ~[spring-webmvc-7.0.7.jar:7.0.7]
	at org.springframework.web.servlet.mvc.method.annotation.RequestMappingHandlerAdapter.handleInternal(RequestMappingHandlerAdapter.java:853) ~[spring-webmvc-7.0.7.jar:7.0.7]
	at org.springframework.web.servlet.mvc.method.AbstractHandlerMethodAdapter.handle(AbstractHandlerMethodAdapter.java:86) ~[spring-webmvc-7.0.7.jar:7.0.7]
	at org.springframework.web.servlet.DispatcherServlet.doDispatch(DispatcherServlet.java:963) ~[spring-webmvc-7.0.7.jar:7.0.7]
	at org.springframework.web.servlet.DispatcherServlet.doService(DispatcherServlet.java:866) ~[spring-webmvc-7.0.7.jar:7.0.7]
	at org.springframework.web.servlet.FrameworkServlet.processRequest(FrameworkServlet.java:1000) ~[spring-webmvc-7.0.7.jar:7.0.7]
	at org.springframework.web.servlet.FrameworkServlet.doGet(FrameworkServlet.java:892) ~[spring-webmvc-7.0.7.jar:7.0.7]
	at jakarta.servlet.http.HttpServlet.service(HttpServlet.java:622) ~[tomcat-embed-core-11.0.21.jar:6.1]
	at org.springframework.web.servlet.FrameworkServlet.service(FrameworkServlet.java:874) ~[spring-webmvc-7.0.7.jar:7.0.7]
	at jakarta.servlet.http.HttpServlet.service(HttpServlet.java:710) ~[tomcat-embed-core-11.0.21.jar:6.1]
	at org.apache.catalina.core.ApplicationFilterChain.doFilter(ApplicationFilterChain.java:128) ~[tomcat-embed-core-11.0.21.jar:11.0.21]
	at org.apache.tomcat.websocket.server.WsFilter.doFilter(WsFilter.java:53) ~[tomcat-embed-websocket-11.0.21.jar:11.0.21]
	at org.apache.catalina.core.ApplicationFilterChain.doFilter(ApplicationFilterChain.java:107) ~[tomcat-embed-core-11.0.21.jar:11.0.21]
	at org.springframework.web.filter.RequestContextFilter.doFilterInternal(RequestContextFilter.java:100) ~[spring-web-7.0.7.jar:7.0.7]
	at org.springframework.web.filter.OncePerRequestFilter.doFilter(OncePerRequestFilter.java:116) ~[spring-web-7.0.7.jar:7.0.7]
	at org.apache.catalina.core.ApplicationFilterChain.doFilter(ApplicationFilterChain.java:107) ~[tomcat-embed-core-11.0.21.jar:11.0.21]
	at org.springframework.web.filter.FormContentFilter.doFilterInternal(FormContentFilter.java:93) ~[spring-web-7.0.7.jar:7.0.7]
	at org.springframework.web.filter.OncePerRequestFilter.doFilter(OncePerRequestFilter.java:116) ~[spring-web-7.0.7.jar:7.0.7]
	at org.apache.catalina.core.ApplicationFilterChain.doFilter(ApplicationFilterChain.java:107) ~[tomcat-embed-core-11.0.21.jar:11.0.21]
	at org.springframework.web.filter.CharacterEncodingFilter.doFilterInternal(CharacterEncodingFilter.java:199) ~[spring-web-7.0.7.jar:7.0.7]
	at org.springframework.web.filter.OncePerRequestFilter.doFilter(OncePerRequestFilter.java:116) ~[spring-web-7.0.7.jar:7.0.7]
	at org.apache.catalina.core.ApplicationFilterChain.doFilter(ApplicationFilterChain.java:107) ~[tomcat-embed-core-11.0.21.jar:11.0.21]
	at org.apache.catalina.core.StandardWrapperValve.invoke(StandardWrapperValve.java:165) ~[tomcat-embed-core-11.0.21.jar:11.0.21]
	at org.apache.catalina.core.StandardContextValve.invoke(StandardContextValve.java:77) ~[tomcat-embed-core-11.0.21.jar:11.0.21]
	at org.apache.catalina.authenticator.AuthenticatorBase.invoke(AuthenticatorBase.java:492) ~[tomcat-embed-core-11.0.21.jar:11.0.21]
	at org.apache.catalina.core.StandardHostValve.invoke(StandardHostValve.java:113) ~[tomcat-embed-core-11.0.21.jar:11.0.21]
	at org.apache.catalina.valves.ErrorReportValve.invoke(ErrorReportValve.java:83) ~[tomcat-embed-core-11.0.21.jar:11.0.21]
	at org.apache.catalina.core.StandardEngineValve.invoke(StandardEngineValve.java:72) ~[tomcat-embed-core-11.0.21.jar:11.0.21]
	at org.apache.catalina.connector.CoyoteAdapter.service(CoyoteAdapter.java:341) ~[tomcat-embed-core-11.0.21.jar:11.0.21]
	at org.apache.coyote.http11.Http11Processor.service(Http11Processor.java:397) ~[tomcat-embed-core-11.0.21.jar:11.0.21]
	at org.apache.coyote.AbstractProcessorLight.process(AbstractProcessorLight.java:63) ~[tomcat-embed-core-11.0.21.jar:11.0.21]
	at org.apache.coyote.AbstractProtocol$ConnectionHandler.process(AbstractProtocol.java:903) ~[tomcat-embed-core-11.0.21.jar:11.0.21]
	at org.apache.tomcat.util.net.NioEndpoint$SocketProcessor.doRun(NioEndpoint.java:1801) ~[tomcat-embed-core-11.0.21.jar:11.0.21]
	at org.apache.tomcat.util.net.SocketProcessorBase.run(SocketProcessorBase.java:52) ~[tomcat-embed-core-11.0.21.jar:11.0.21]
	at org.apache.tomcat.util.threads.ThreadPoolExecutor.runWorker(ThreadPoolExecutor.java:946) ~[tomcat-embed-core-11.0.21.jar:11.0.21]
	at org.apache.tomcat.util.threads.ThreadPoolExecutor$Worker.run(ThreadPoolExecutor.java:480) ~[tomcat-embed-core-11.0.21.jar:11.0.21]
	at org.apache.tomcat.util.threads.TaskThread$WrappingRunnable.run(TaskThread.java:57) ~[tomcat-embed-core-11.0.21.jar:11.0.21]
	at java.base/java.lang.Thread.run(Thread.java:1447) ~[na:na]

2026-05-17T14:20:58.813-04:00 ERROR 30016 --- [ms-envios] [http-nio-8086-exec-3] c.d.m.exception.GlobalExceptionHandler   : ERROR CRÍTICO en /api/envios/no-entregados: 

org.springframework.web.bind.MissingServletRequestParameterException: Required request parameter 'inicio' for method parameter type String is not present
	at org.springframework.web.method.annotation.RequestParamMethodArgumentResolver.handleMissingValueInternal(RequestParamMethodArgumentResolver.java:219) ~[spring-web-7.0.7.jar:7.0.7]
	at org.springframework.web.method.annotation.RequestParamMethodArgumentResolver.handleMissingValue(RequestParamMethodArgumentResolver.java:195) ~[spring-web-7.0.7.jar:7.0.7]
	at org.springframework.web.method.annotation.AbstractNamedValueMethodArgumentResolver.resolveArgument(AbstractNamedValueMethodArgumentResolver.java:123) ~[spring-web-7.0.7.jar:7.0.7]
	at org.springframework.web.method.support.HandlerMethodArgumentResolverComposite.resolveArgument(HandlerMethodArgumentResolverComposite.java:122) ~[spring-web-7.0.7.jar:7.0.7]
	at org.springframework.web.method.support.InvocableHandlerMethod.getMethodArgumentValues(InvocableHandlerMethod.java:224) ~[spring-web-7.0.7.jar:7.0.7]
	at org.springframework.web.method.support.InvocableHandlerMethod.invokeForRequest(InvocableHandlerMethod.java:174) ~[spring-web-7.0.7.jar:7.0.7]
	at org.springframework.web.servlet.mvc.method.annotation.ServletInvocableHandlerMethod.invokeAndHandle(ServletInvocableHandlerMethod.java:117) ~[spring-webmvc-7.0.7.jar:7.0.7]
	at org.springframework.web.servlet.mvc.method.annotation.RequestMappingHandlerAdapter.invokeHandlerMethod(RequestMappingHandlerAdapter.java:934) ~[spring-webmvc-7.0.7.jar:7.0.7]
	at org.springframework.web.servlet.mvc.method.annotation.RequestMappingHandlerAdapter.handleInternal(RequestMappingHandlerAdapter.java:853) ~[spring-webmvc-7.0.7.jar:7.0.7]
	at org.springframework.web.servlet.mvc.method.AbstractHandlerMethodAdapter.handle(AbstractHandlerMethodAdapter.java:86) ~[spring-webmvc-7.0.7.jar:7.0.7]
	at org.springframework.web.servlet.DispatcherServlet.doDispatch(DispatcherServlet.java:963) ~[spring-webmvc-7.0.7.jar:7.0.7]
	at org.springframework.web.servlet.DispatcherServlet.doService(DispatcherServlet.java:866) ~[spring-webmvc-7.0.7.jar:7.0.7]
	at org.springframework.web.servlet.FrameworkServlet.processRequest(FrameworkServlet.java:1000) ~[spring-webmvc-7.0.7.jar:7.0.7]
	at org.springframework.web.servlet.FrameworkServlet.doGet(FrameworkServlet.java:892) ~[spring-webmvc-7.0.7.jar:7.0.7]
	at jakarta.servlet.http.HttpServlet.service(HttpServlet.java:622) ~[tomcat-embed-core-11.0.21.jar:6.1]
	at org.springframework.web.servlet.FrameworkServlet.service(FrameworkServlet.java:874) ~[spring-webmvc-7.0.7.jar:7.0.7]
	at jakarta.servlet.http.HttpServlet.service(HttpServlet.java:710) ~[tomcat-embed-core-11.0.21.jar:6.1]
	at org.apache.catalina.core.ApplicationFilterChain.doFilter(ApplicationFilterChain.java:128) ~[tomcat-embed-core-11.0.21.jar:11.0.21]
	at org.apache.tomcat.websocket.server.WsFilter.doFilter(WsFilter.java:53) ~[tomcat-embed-websocket-11.0.21.jar:11.0.21]
	at org.apache.catalina.core.ApplicationFilterChain.doFilter(ApplicationFilterChain.java:107) ~[tomcat-embed-core-11.0.21.jar:11.0.21]
	at org.springframework.web.filter.RequestContextFilter.doFilterInternal(RequestContextFilter.java:100) ~[spring-web-7.0.7.jar:7.0.7]
	at org.springframework.web.filter.OncePerRequestFilter.doFilter(OncePerRequestFilter.java:116) ~[spring-web-7.0.7.jar:7.0.7]
	at org.apache.catalina.core.ApplicationFilterChain.doFilter(ApplicationFilterChain.java:107) ~[tomcat-embed-core-11.0.21.jar:11.0.21]
	at org.springframework.web.filter.FormContentFilter.doFilterInternal(FormContentFilter.java:93) ~[spring-web-7.0.7.jar:7.0.7]
	at org.springframework.web.filter.OncePerRequestFilter.doFilter(OncePerRequestFilter.java:116) ~[spring-web-7.0.7.jar:7.0.7]
	at org.apache.catalina.core.ApplicationFilterChain.doFilter(ApplicationFilterChain.java:107) ~[tomcat-embed-core-11.0.21.jar:11.0.21]
	at org.springframework.web.filter.CharacterEncodingFilter.doFilterInternal(CharacterEncodingFilter.java:199) ~[spring-web-7.0.7.jar:7.0.7]
	at org.springframework.web.filter.OncePerRequestFilter.doFilter(OncePerRequestFilter.java:116) ~[spring-web-7.0.7.jar:7.0.7]
	at org.apache.catalina.core.ApplicationFilterChain.doFilter(ApplicationFilterChain.java:107) ~[tomcat-embed-core-11.0.21.jar:11.0.21]
	at org.apache.catalina.core.StandardWrapperValve.invoke(StandardWrapperValve.java:165) ~[tomcat-embed-core-11.0.21.jar:11.0.21]
	at org.apache.catalina.core.StandardContextValve.invoke(StandardContextValve.java:77) ~[tomcat-embed-core-11.0.21.jar:11.0.21]
	at org.apache.catalina.authenticator.AuthenticatorBase.invoke(AuthenticatorBase.java:492) ~[tomcat-embed-core-11.0.21.jar:11.0.21]
	at org.apache.catalina.core.StandardHostValve.invoke(StandardHostValve.java:113) ~[tomcat-embed-core-11.0.21.jar:11.0.21]
	at org.apache.catalina.valves.ErrorReportValve.invoke(ErrorReportValve.java:83) ~[tomcat-embed-core-11.0.21.jar:11.0.21]
	at org.apache.catalina.core.StandardEngineValve.invoke(StandardEngineValve.java:72) ~[tomcat-embed-core-11.0.21.jar:11.0.21]
	at org.apache.catalina.connector.CoyoteAdapter.service(CoyoteAdapter.java:341) ~[tomcat-embed-core-11.0.21.jar:11.0.21]
	at org.apache.coyote.http11.Http11Processor.service(Http11Processor.java:397) ~[tomcat-embed-core-11.0.21.jar:11.0.21]
	at org.apache.coyote.AbstractProcessorLight.process(AbstractProcessorLight.java:63) ~[tomcat-embed-core-11.0.21.jar:11.0.21]
	at org.apache.coyote.AbstractProtocol$ConnectionHandler.process(AbstractProtocol.java:903) ~[tomcat-embed-core-11.0.21.jar:11.0.21]
	at org.apache.tomcat.util.net.NioEndpoint$SocketProcessor.doRun(NioEndpoint.java:1801) ~[tomcat-embed-core-11.0.21.jar:11.0.21]
	at org.apache.tomcat.util.net.SocketProcessorBase.run(SocketProcessorBase.java:52) ~[tomcat-embed-core-11.0.21.jar:11.0.21]
	at org.apache.tomcat.util.threads.ThreadPoolExecutor.runWorker(ThreadPoolExecutor.java:946) ~[tomcat-embed-core-11.0.21.jar:11.0.21]
	at org.apache.tomcat.util.threads.ThreadPoolExecutor$Worker.run(ThreadPoolExecutor.java:480) ~[tomcat-embed-core-11.0.21.jar:11.0.21]
	at org.apache.tomcat.util.threads.TaskThread$WrappingRunnable.run(TaskThread.java:57) ~[tomcat-embed-core-11.0.21.jar:11.0.21]
	at java.base/java.lang.Thread.run(Thread.java:1447) ~[na:na]

2026-05-17T14:24:28.985-04:00 ERROR 30016 --- [ms-envios] [http-nio-8086-exec-7] c.d.m.exception.GlobalExceptionHandler   : ERROR CRÍTICO en /api/envios/no-entregados: 

org.springframework.http.converter.HttpMessageNotWritableException: Could not write JSON: Document nesting depth (501) exceeds the maximum allowed (500, from `StreamWriteConstraints.getMaxNestingDepth()`)
	at org.springframework.http.converter.AbstractJacksonHttpMessageConverter.writeInternal(AbstractJacksonHttpMessageConverter.java:444) ~[spring-web-7.0.7.jar:7.0.7]
	at org.springframework.http.converter.AbstractSmartHttpMessageConverter.write(AbstractSmartHttpMessageConverter.java:116) ~[spring-web-7.0.7.jar:7.0.7]
	at org.springframework.web.servlet.mvc.method.annotation.AbstractMessageConverterMethodProcessor.writeWithMessageConverters(AbstractMessageConverterMethodProcessor.java:342) ~[spring-webmvc-7.0.7.jar:7.0.7]
	at org.springframework.web.servlet.mvc.method.annotation.HttpEntityMethodProcessor.handleReturnValue(HttpEntityMethodProcessor.java:261) ~[spring-webmvc-7.0.7.jar:7.0.7]
	at org.springframework.web.servlet.mvc.method.annotation.ResponseEntityReturnValueHandler.handleReturnValue(ResponseEntityReturnValueHandler.java:80) ~[spring-webmvc-7.0.7.jar:7.0.7]
	at org.springframework.web.method.support.HandlerMethodReturnValueHandlerComposite.handleReturnValue(HandlerMethodReturnValueHandlerComposite.java:77) ~[spring-web-7.0.7.jar:7.0.7]
	at org.springframework.web.servlet.mvc.method.annotation.ServletInvocableHandlerMethod.invokeAndHandle(ServletInvocableHandlerMethod.java:135) ~[spring-webmvc-7.0.7.jar:7.0.7]
	at org.springframework.web.servlet.mvc.method.annotation.RequestMappingHandlerAdapter.invokeHandlerMethod(RequestMappingHandlerAdapter.java:934) ~[spring-webmvc-7.0.7.jar:7.0.7]
	at org.springframework.web.servlet.mvc.method.annotation.RequestMappingHandlerAdapter.handleInternal(RequestMappingHandlerAdapter.java:853) ~[spring-webmvc-7.0.7.jar:7.0.7]
	at org.springframework.web.servlet.mvc.method.AbstractHandlerMethodAdapter.handle(AbstractHandlerMethodAdapter.java:86) ~[spring-webmvc-7.0.7.jar:7.0.7]
	at org.springframework.web.servlet.DispatcherServlet.doDispatch(DispatcherServlet.java:963) ~[spring-webmvc-7.0.7.jar:7.0.7]
	at org.springframework.web.servlet.DispatcherServlet.doService(DispatcherServlet.java:866) ~[spring-webmvc-7.0.7.jar:7.0.7]
	at org.springframework.web.servlet.FrameworkServlet.processRequest(FrameworkServlet.java:1000) ~[spring-webmvc-7.0.7.jar:7.0.7]
	at org.springframework.web.servlet.FrameworkServlet.doGet(FrameworkServlet.java:892) ~[spring-webmvc-7.0.7.jar:7.0.7]
	at jakarta.servlet.http.HttpServlet.service(HttpServlet.java:622) ~[tomcat-embed-core-11.0.21.jar:6.1]
	at org.springframework.web.servlet.FrameworkServlet.service(FrameworkServlet.java:874) ~[spring-webmvc-7.0.7.jar:7.0.7]
	at jakarta.servlet.http.HttpServlet.service(HttpServlet.java:710) ~[tomcat-embed-core-11.0.21.jar:6.1]
	at org.apache.catalina.core.ApplicationFilterChain.doFilter(ApplicationFilterChain.java:128) ~[tomcat-embed-core-11.0.21.jar:11.0.21]
	at org.apache.tomcat.websocket.server.WsFilter.doFilter(WsFilter.java:53) ~[tomcat-embed-websocket-11.0.21.jar:11.0.21]
	at org.apache.catalina.core.ApplicationFilterChain.doFilter(ApplicationFilterChain.java:107) ~[tomcat-embed-core-11.0.21.jar:11.0.21]
	at org.springframework.web.filter.RequestContextFilter.doFilterInternal(RequestContextFilter.java:100) ~[spring-web-7.0.7.jar:7.0.7]
	at org.springframework.web.filter.OncePerRequestFilter.doFilter(OncePerRequestFilter.java:116) ~[spring-web-7.0.7.jar:7.0.7]
	at org.apache.catalina.core.ApplicationFilterChain.doFilter(ApplicationFilterChain.java:107) ~[tomcat-embed-core-11.0.21.jar:11.0.21]
	at org.springframework.web.filter.FormContentFilter.doFilterInternal(FormContentFilter.java:93) ~[spring-web-7.0.7.jar:7.0.7]
	at org.springframework.web.filter.OncePerRequestFilter.doFilter(OncePerRequestFilter.java:116) ~[spring-web-7.0.7.jar:7.0.7]
	at org.apache.catalina.core.ApplicationFilterChain.doFilter(ApplicationFilterChain.java:107) ~[tomcat-embed-core-11.0.21.jar:11.0.21]
	at org.springframework.web.filter.CharacterEncodingFilter.doFilterInternal(CharacterEncodingFilter.java:199) ~[spring-web-7.0.7.jar:7.0.7]
	at org.springframework.web.filter.OncePerRequestFilter.doFilter(OncePerRequestFilter.java:116) ~[spring-web-7.0.7.jar:7.0.7]
	at org.apache.catalina.core.ApplicationFilterChain.doFilter(ApplicationFilterChain.java:107) ~[tomcat-embed-core-11.0.21.jar:11.0.21]
	at org.apache.catalina.core.StandardWrapperValve.invoke(StandardWrapperValve.java:165) ~[tomcat-embed-core-11.0.21.jar:11.0.21]
	at org.apache.catalina.core.StandardContextValve.invoke(StandardContextValve.java:77) ~[tomcat-embed-core-11.0.21.jar:11.0.21]
	at org.apache.catalina.authenticator.AuthenticatorBase.invoke(AuthenticatorBase.java:492) ~[tomcat-embed-core-11.0.21.jar:11.0.21]
	at org.apache.catalina.core.StandardHostValve.invoke(StandardHostValve.java:113) ~[tomcat-embed-core-11.0.21.jar:11.0.21]
	at org.apache.catalina.valves.ErrorReportValve.invoke(ErrorReportValve.java:83) ~[tomcat-embed-core-11.0.21.jar:11.0.21]
	at org.apache.catalina.core.StandardEngineValve.invoke(StandardEngineValve.java:72) ~[tomcat-embed-core-11.0.21.jar:11.0.21]
	at org.apache.catalina.connector.CoyoteAdapter.service(CoyoteAdapter.java:341) ~[tomcat-embed-core-11.0.21.jar:11.0.21]
	at org.apache.coyote.http11.Http11Processor.service(Http11Processor.java:397) ~[tomcat-embed-core-11.0.21.jar:11.0.21]
	at org.apache.coyote.AbstractProcessorLight.process(AbstractProcessorLight.java:63) ~[tomcat-embed-core-11.0.21.jar:11.0.21]
	at org.apache.coyote.AbstractProtocol$ConnectionHandler.process(AbstractProtocol.java:903) ~[tomcat-embed-core-11.0.21.jar:11.0.21]
	at org.apache.tomcat.util.net.NioEndpoint$SocketProcessor.doRun(NioEndpoint.java:1801) ~[tomcat-embed-core-11.0.21.jar:11.0.21]
	at org.apache.tomcat.util.net.SocketProcessorBase.run(SocketProcessorBase.java:52) ~[tomcat-embed-core-11.0.21.jar:11.0.21]
	at org.apache.tomcat.util.threads.ThreadPoolExecutor.runWorker(ThreadPoolExecutor.java:946) ~[tomcat-embed-core-11.0.21.jar:11.0.21]
	at org.apache.tomcat.util.threads.ThreadPoolExecutor$Worker.run(ThreadPoolExecutor.java:480) ~[tomcat-embed-core-11.0.21.jar:11.0.21]
	at org.apache.tomcat.util.threads.TaskThread$WrappingRunnable.run(TaskThread.java:57) ~[tomcat-embed-core-11.0.21.jar:11.0.21]
	at java.base/java.lang.Thread.run(Thread.java:1447) ~[na:na]
Caused by: tools.jackson.core.exc.StreamConstraintsException: Document nesting depth (501) exceeds the maximum allowed (500, from `StreamWriteConstraints.getMaxNestingDepth()`) (through reference chain: java.util.ArrayList[0]->com.dsy1103.msenvios.modelo.EnvioModelo["seguimientos"]->org.hibernate.collection.spi.PersistentBag[0]->com.dsy1103.msenvios.modelo.SeguimientoModelo["envio"]->com.dsy1103.msenvios.modelo.EnvioModelo["seguimientos"]->org.hibernate.collection.spi.PersistentBag[0]->com.dsy1103.msenvios.modelo.SeguimientoModelo["envio"]->com.dsy1103.msenvios.modelo.EnvioModelo["seguimientos"]->org.hibernate.collection.spi.PersistentBag[0]->com.dsy1103.msenvios.modelo.SeguimientoModelo["envio"]->com.dsy1103.msenvios.modelo.EnvioModelo["seguimientos"]->org.hibernate.collection.spi.PersistentBag[0]->com.dsy1103.msenvios.modelo.SeguimientoModelo["envio"]->com.dsy1103.msenvios.modelo.EnvioModelo["seguimientos"]->org.hibernate.collection.spi.PersistentBag[0]->com.dsy1103.msenvios.modelo.SeguimientoModelo["envio"]->com.dsy1103.msenvios.modelo.EnvioModelo["seguimientos"]->org.hibernate.collection.spi.PersistentBag[0]->com.dsy1103.msenvios.modelo.SeguimientoModelo["envio"]->com.dsy1103.msenvios.modelo.EnvioModelo["seguimientos"]->org.hibernate.collection.spi.PersistentBag[0]->com.dsy1103.msenvios.modelo.SeguimientoModelo["envio"]->com.dsy1103.msenvios.modelo.EnvioModelo["seguimientos"]->org.hibernate.collection.spi.PersistentBag[0]->com.dsy1103.msenvios.modelo.SeguimientoModelo["envio"]->com.dsy1103.msenvios.modelo.EnvioModelo["seguimientos"]->org.hibernate.collection.spi.PersistentBag[0]->com.dsy1103.msenvios.modelo.SeguimientoModelo["envio"]->com.dsy1103.msenvios.modelo.EnvioModelo["seguimientos"]->org.hibernate.collection.spi.PersistentBag[0]->com.dsy1103.msenvios.modelo.SeguimientoModelo["envio"]->com.dsy1103.msenvios.modelo.EnvioModelo["seguimientos"]->org.hibernate.collection.spi.PersistentBag[0]->com.dsy1103.msenvios.modelo.SeguimientoModelo["envio"]->com.dsy1103.msenvios.modelo.EnvioModelo["seguimientos"]->org.hibernate.collection.spi.PersistentBag[0]->com.dsy1103.msenvios.modelo.SeguimientoModelo["envio"]->com.dsy1103.msenvios.modelo.EnvioModelo["seguimientos"]->org.hibernate.collection.spi.PersistentBag[0]->com.dsy1103.msenvios.modelo.SeguimientoModelo["envio"]->com.dsy1103.msenvios.modelo.EnvioModelo["seguimientos"]->org.hibernate.collection.spi.PersistentBag[0]->com.dsy1103.msenvios.modelo.SeguimientoModelo["envio"]->com.dsy1103.msenvios.modelo.EnvioModelo["seguimientos"]->org.hibernate.collection.spi.PersistentBag[0]->com.dsy1103.msenvios.modelo.SeguimientoModelo["envio"]->com.dsy1103.msenvios.modelo.EnvioModelo["seguimientos"]->org.hibernate.collection.spi.PersistentBag[0]->com.dsy1103.msenvios.modelo.SeguimientoModelo["envio"]->com.dsy1103.msenvios.modelo.EnvioModelo["seguimientos"]->org.hibernate.collection.spi.PersistentBag[0]->com.dsy1103.msenvios.modelo.SeguimientoModelo["envio"]->com.dsy1103.msenvios.modelo.EnvioModelo["seguimientos"]->org.hibernate.collection.spi.PersistentBag[0]->com.dsy1103.msenvios.modelo.SeguimientoModelo["envio"]->com.dsy1103.msenvios.modelo.EnvioModelo["seguimientos"]->org.hibernate.collection.spi.PersistentBag[0]->com.dsy1103.msenvios.modelo.SeguimientoModelo["envio"]->com.dsy1103.msenvios.modelo.EnvioModelo["seguimientos"]->org.hibernate.collection.spi.PersistentBag[0]->com.dsy1103.msenvios.modelo.SeguimientoModelo["envio"]->com.dsy1103.msenvios.modelo.EnvioModelo["seguimientos"]->org.hibernate.collection.spi.PersistentBag[0]->com.dsy1103.msenvios.modelo.SeguimientoModelo["envio"]->com.dsy1103.msenvios.modelo.EnvioModelo["seguimientos"]->org.hibernate.collection.spi.PersistentBag[0]->com.dsy1103.msenvios.modelo.SeguimientoModelo["envio"]->com.dsy1103.msenvios.modelo.EnvioModelo["seguimientos"]->org.hibernate.collection.spi.PersistentBag[0]->com.dsy1103.msenvios.modelo.SeguimientoModelo["envio"]->com.dsy1103.msenvios.modelo.EnvioModelo["seguimientos"]->org.hibernate.collection.spi.PersistentBag[0]->com.dsy1103.msenvios.modelo.SeguimientoModelo["envio"]->com.dsy1103.msenvios.modelo.EnvioModelo["seguimientos"]->org.hibernate.collection.spi.PersistentBag[0]->com.dsy1103.msenvios.modelo.SeguimientoModelo["envio"]->com.dsy1103.msenvios.modelo.EnvioModelo["seguimientos"]->org.hibernate.collection.spi.PersistentBag[0]->com.dsy1103.msenvios.modelo.SeguimientoModelo["envio"]->com.dsy1103.msenvios.modelo.EnvioModelo["seguimientos"]->org.hibernate.collection.spi.PersistentBag[0]->com.dsy1103.msenvios.modelo.SeguimientoModelo["envio"]->com.dsy1103.msenvios.modelo.EnvioModelo["seguimientos"]->org.hibernate.collection.spi.PersistentBag[0]->com.dsy1103.msenvios.modelo.SeguimientoModelo["envio"]->com.dsy1103.msenvios.modelo.EnvioModelo["seguimientos"]->org.hibernate.collection.spi.PersistentBag[0]->com.dsy1103.msenvios.modelo.SeguimientoModelo["envio"]->com.dsy1103.msenvios.modelo.EnvioModelo["seguimientos"]->org.hibernate.collection.spi.PersistentBag[0]->com.dsy1103.msenvios.modelo.SeguimientoModelo["envio"]->com.dsy1103.msenvios.modelo.EnvioModelo["seguimientos"]->org.hibernate.collection.spi.PersistentBag[0]->com.dsy1103.msenvios.modelo.SeguimientoModelo["envio"]->com.dsy1103.msenvios.modelo.EnvioModelo["seguimientos"]->org.hibernate.collection.spi.PersistentBag[0]->com.dsy1103.msenvios.modelo.SeguimientoModelo["envio"]->com.dsy1103.msenvios.modelo.EnvioModelo["seguimientos"]->org.hibernate.collection.spi.PersistentBag[0]->com.dsy1103.msenvios.modelo.SeguimientoModelo["envio"]->com.dsy1103.msenvios.modelo.EnvioModelo["seguimientos"]->org.hibernate.collection.spi.PersistentBag[0]->com.dsy1103.msenvios.modelo.SeguimientoModelo["envio"]->com.dsy1103.msenvios.modelo.EnvioModelo["seguimientos"]->org.hibernate.collection.spi.PersistentBag[0]->com.dsy1103.msenvios.modelo.SeguimientoModelo["envio"]->com.dsy1103.msenvios.modelo.EnvioModelo["seguimientos"]->org.hibernate.collection.spi.PersistentBag[0]->com.dsy1103.msenvios.modelo.SeguimientoModelo["envio"]->com.dsy1103.msenvios.modelo.EnvioModelo["seguimientos"]->org.hibernate.collection.spi.PersistentBag[0]->com.dsy1103.msenvios.modelo.SeguimientoModelo["envio"]->com.dsy1103.msenvios.modelo.EnvioModelo["seguimientos"]->org.hibernate.collection.spi.PersistentBag[0]->com.dsy1103.msenvios.modelo.SeguimientoModelo["envio"]->com.dsy1103.msenvios.modelo.EnvioModelo["seguimientos"]->org.hibernate.collection.spi.PersistentBag[0]->com.dsy1103.msenvios.modelo.SeguimientoModelo["envio"]->com.dsy1103.msenvios.modelo.EnvioModelo["seguimientos"]->org.hibernate.collection.spi.PersistentBag[0]->com.dsy1103.msenvios.modelo.SeguimientoModelo["envio"]->com.dsy1103.msenvios.modelo.EnvioModelo["seguimientos"]->org.hibernate.collection.spi.PersistentBag[0]->com.dsy1103.msenvios.modelo.SeguimientoModelo["envio"]->com.dsy1103.msenvios.modelo.EnvioModelo["seguimientos"]->org.hibernate.collection.spi.PersistentBag[0]->com.dsy1103.msenvios.modelo.SeguimientoModelo["envio"]->com.dsy1103.msenvios.modelo.EnvioModelo["seguimientos"]->org.hibernate.collection.spi.PersistentBag[0]->com.dsy1103.msenvios.modelo.SeguimientoModelo["envio"]->com.dsy1103.msenvios.modelo.EnvioModelo["seguimientos"]->org.hibernate.collection.spi.PersistentBag[0]->com.dsy1103.msenvios.modelo.SeguimientoModelo["envio"]->com.dsy1103.msenvios.modelo.EnvioModelo["seguimientos"]->org.hibernate.collection.spi.PersistentBag[0]->com.dsy1103.msenvios.modelo.SeguimientoModelo["envio"]->com.dsy1103.msenvios.modelo.EnvioModelo["seguimientos"]->org.hibernate.collection.spi.PersistentBag[0]->com.dsy1103.msenvios.modelo.SeguimientoModelo["envio"]->com.dsy1103.msenvios.modelo.EnvioModelo["seguimientos"]->org.hibernate.collection.spi.PersistentBag[0]->com.dsy1103.msenvios.modelo.SeguimientoModelo["envio"]->com.dsy1103.msenvios.modelo.EnvioModelo["seguimientos"]->org.hibernate.collection.spi.PersistentBag[0]->com.dsy1103.msenvios.modelo.SeguimientoModelo["envio"]->com.dsy1103.msenvios.modelo.EnvioModelo["seguimientos"]->org.hibernate.collection.spi.PersistentBag[0]->com.dsy1103.msenvios.modelo.SeguimientoModelo["envio"]->com.dsy1103.msenvios.modelo.EnvioModelo["seguimientos"]->org.hibernate.collection.spi.PersistentBag[0]->com.dsy1103.msenvios.modelo.SeguimientoModelo["envio"]->com.dsy1103.msenvios.modelo.EnvioModelo["seguimientos"]->org.hibernate.collection.spi.PersistentBag[0]->com.dsy1103.msenvios.modelo.SeguimientoModelo["envio"]->com.dsy1103.msenvios.modelo.EnvioModelo["seguimientos"]->org.hibernate.collection.spi.PersistentBag[0]->com.dsy1103.msenvios.modelo.SeguimientoModelo["envio"]->com.dsy1103.msenvios.modelo.EnvioModelo["seguimientos"]->org.hibernate.collection.spi.PersistentBag[0]->com.dsy1103.msenvios.modelo.SeguimientoModelo["envio"]->com.dsy1103.msenvios.modelo.EnvioModelo["seguimientos"]->org.hibernate.collection.spi.PersistentBag[0]->com.dsy1103.msenvios.modelo.SeguimientoModelo["envio"]->com.dsy1103.msenvios.modelo.EnvioModelo["seguimientos"]->org.hibernate.collection.spi.PersistentBag[0]->com.dsy1103.msenvios.modelo.SeguimientoModelo["envio"]->com.dsy1103.msenvios.modelo.EnvioModelo["seguimientos"]->org.hibernate.collection.spi.PersistentBag[0]->com.dsy1103.msenvios.modelo.SeguimientoModelo["envio"]->com.dsy1103.msenvios.modelo.EnvioModelo["seguimientos"]->org.hibernate.collection.spi.PersistentBag[0]->com.dsy1103.msenvios.modelo.SeguimientoModelo["envio"]->com.dsy1103.msenvios.modelo.EnvioModelo["seguimientos"]->org.hibernate.collection.spi.PersistentBag[0]->com.dsy1103.msenvios.modelo.SeguimientoModelo["envio"]->com.dsy1103.msenvios.modelo.EnvioModelo["seguimientos"]->org.hibernate.collection.spi.PersistentBag[0]->com.dsy1103.msenvios.modelo.SeguimientoModelo["envio"]->com.dsy1103.msenvios.modelo.EnvioModelo["seguimientos"]->org.hibernate.collection.spi.PersistentBag[0]->com.dsy1103.msenvios.modelo.SeguimientoModelo["envio"]->com.dsy1103.msenvios.modelo.EnvioModelo["seguimientos"]->org.hibernate.collection.spi.PersistentBag[0]->com.dsy1103.msenvios.modelo.SeguimientoModelo["envio"]->com.dsy1103.msenvios.modelo.EnvioModelo["seguimientos"]->org.hibernate.collection.spi.PersistentBag[0]->com.dsy1103.msenvios.modelo.SeguimientoModelo["envio"]->com.dsy1103.msenvios.modelo.EnvioModelo["seguimientos"]->org.hibernate.collection.spi.PersistentBag[0]->com.dsy1103.msenvios.modelo.SeguimientoModelo["envio"]->com.dsy1103.msenvios.modelo.EnvioModelo["seguimientos"]->org.hibernate.collection.spi.PersistentBag[0]->com.dsy1103.msenvios.modelo.SeguimientoModelo["envio"]->com.dsy1103.msenvios.modelo.EnvioModelo["seguimientos"]->org.hibernate.collection.spi.PersistentBag[0]->com.dsy1103.msenvios.modelo.SeguimientoModelo["envio"]->com.dsy1103.msenvios.modelo.EnvioModelo["seguimientos"]->org.hibernate.collection.spi.PersistentBag[0]->com.dsy1103.msenvios.modelo.SeguimientoModelo["envio"]->com.dsy1103.msenvios.modelo.EnvioModelo["seguimientos"]->org.hibernate.collection.spi.PersistentBag[0]->com.dsy1103.msenvios.modelo.SeguimientoModelo["envio"]->com.dsy1103.msenvios.modelo.EnvioModelo["seguimientos"]->org.hibernate.collection.spi.PersistentBag[0]->com.dsy1103.msenvios.modelo.SeguimientoModelo["envio"]->com.dsy1103.msenvios.modelo.EnvioModelo["seguimientos"]->org.hibernate.collection.spi.PersistentBag[0]->com.dsy1103.msenvios.modelo.SeguimientoModelo["envio"]->com.dsy1103.msenvios.modelo.EnvioModelo["seguimientos"]->org.hibernate.collection.spi.PersistentBag[0]->com.dsy1103.msenvios.modelo.SeguimientoModelo["envio"]->com.dsy1103.msenvios.modelo.EnvioModelo["seguimientos"]->org.hibernate.collection.spi.PersistentBag[0]->com.dsy1103.msenvios.modelo.SeguimientoModelo["envio"]->com.dsy1103.msenvios.modelo.EnvioModelo["seguimientos"]->org.hibernate.collection.spi.PersistentBag[0]->com.dsy1103.msenvios.modelo.SeguimientoModelo["envio"]->com.dsy1103.msenvios.modelo.EnvioModelo["seguimientos"]->org.hibernate.collection.spi.PersistentBag[0]->com.dsy1103.msenvios.modelo.SeguimientoModelo["envio"]->com.dsy1103.msenvios.modelo.EnvioModelo["seguimientos"]->org.hibernate.collection.spi.PersistentBag[0]->com.dsy1103.msenvios.modelo.SeguimientoModelo["envio"]->com.dsy1103.msenvios.modelo.EnvioModelo["seguimientos"]->org.hibernate.collection.spi.PersistentBag[0]->com.dsy1103.msenvios.modelo.SeguimientoModelo["envio"]->com.dsy1103.msenvios.modelo.EnvioModelo["seguimientos"]->org.hibernate.collection.spi.PersistentBag[0]->com.dsy1103.msenvios.modelo.SeguimientoModelo["envio"]->com.dsy1103.msenvios.modelo.EnvioModelo["seguimientos"]->org.hibernate.collection.spi.PersistentBag[0]->com.dsy1103.msenvios.modelo.SeguimientoModelo["envio"]->com.dsy1103.msenvios.modelo.EnvioModelo["seguimientos"]->org.hibernate.collection.spi.PersistentBag[0]->com.dsy1103.msenvios.modelo.SeguimientoModelo["envio"]->com.dsy1103.msenvios.modelo.EnvioModelo["seguimientos"]->org.hibernate.collection.spi.PersistentBag[0]->com.dsy1103.msenvios.modelo.SeguimientoModelo["envio"]->com.dsy1103.msenvios.modelo.EnvioModelo["seguimientos"]->org.hibernate.collection.spi.PersistentBag[0]->com.dsy1103.msenvios.modelo.SeguimientoModelo["envio"]->com.dsy1103.msenvios.modelo.EnvioModelo["seguimientos"]->org.hibernate.collection.spi.PersistentBag[0]->com.dsy1103.msenvios.modelo.SeguimientoModelo["envio"]->com.dsy1103.msenvios.modelo.EnvioModelo["seguimientos"]->org.hibernate.collection.spi.PersistentBag[0]->com.dsy1103.msenvios.modelo.SeguimientoModelo["envio"]->com.dsy1103.msenvios.modelo.EnvioModelo["seguimientos"]->org.hibernate.collection.spi.PersistentBag[0]->com.dsy1103.msenvios.modelo.SeguimientoModelo["envio"]->com.dsy1103.msenvios.modelo.EnvioModelo["seguimientos"]->org.hibernate.collection.spi.PersistentBag[0]->com.dsy1103.msenvios.modelo.SeguimientoModelo["envio"]->com.dsy1103.msenvios.modelo.EnvioModelo["seguimientos"]->org.hibernate.collection.spi.PersistentBag[0]->com.dsy1103.msenvios.modelo.SeguimientoModelo["envio"]->com.dsy1103.msenvios.modelo.EnvioModelo["seguimientos"]->org.hibernate.collection.spi.PersistentBag[0]->com.dsy1103.msenvios.modelo.SeguimientoModelo["envio"]->com.dsy1103.msenvios.modelo.EnvioModelo["seguimientos"]->org.hibernate.collection.spi.PersistentBag[0]->com.dsy1103.msenvios.modelo.SeguimientoModelo["envio"]->com.dsy1103.msenvios.modelo.EnvioModelo["seguimientos"]->org.hibernate.collection.spi.PersistentBag[0]->com.dsy1103.msenvios.modelo.SeguimientoModelo["envio"]->com.dsy1103.msenvios.modelo.EnvioModelo["seguimientos"]->org.hibernate.collection.spi.PersistentBag[0]->com.dsy1103.msenvios.modelo.SeguimientoModelo["envio"]->com.dsy1103.msenvios.modelo.EnvioModelo["seguimientos"]->org.hibernate.collection.spi.PersistentBag[0]->com.dsy1103.msenvios.modelo.SeguimientoModelo["envio"]->com.dsy1103.msenvios.modelo.EnvioModelo["seguimientos"]->org.hibernate.collection.spi.PersistentBag[0]->com.dsy1103.msenvios.modelo.SeguimientoModelo["envio"]->com.dsy1103.msenvios.modelo.EnvioModelo["seguimientos"]->org.hibernate.collection.spi.PersistentBag[0]->com.dsy1103.msenvios.modelo.SeguimientoModelo["envio"]->com.dsy1103.msenvios.modelo.EnvioModelo["seguimientos"]->org.hibernate.collection.spi.PersistentBag[0]->com.dsy1103.msenvios.modelo.SeguimientoModelo["envio"]->com.dsy1103.msenvios.modelo.EnvioModelo["seguimientos"]->org.hibernate.collection.spi.PersistentBag[0]->com.dsy1103.msenvios.modelo.SeguimientoModelo["envio"]->com.dsy1103.msenvios.modelo.EnvioModelo["seguimientos"]->org.hibernate.collection.spi.PersistentBag[0]->com.dsy1103.msenvios.modelo.SeguimientoModelo["envio"]->com.dsy1103.msenvios.modelo.EnvioModelo["seguimientos"]->org.hibernate.collection.spi.PersistentBag[0]->com.dsy1103.msenvios.modelo.SeguimientoModelo["envio"]->com.dsy1103.msenvios.modelo.EnvioModelo["seguimientos"]->org.hibernate.collection.spi.PersistentBag[0]->com.dsy1103.msenvios.modelo.SeguimientoModelo["envio"]->com.dsy1103.msenvios.modelo.EnvioModelo["seguimientos"]->org.hibernate.collection.spi.PersistentBag[0]->com.dsy1103.msenvios.modelo.SeguimientoModelo["envio"]->com.dsy1103.msenvios.modelo.EnvioModelo["seguimientos"]->org.hibernate.collection.spi.PersistentBag[0]->com.dsy1103.msenvios.modelo.SeguimientoModelo["envio"]->com.dsy1103.msenvios.modelo.EnvioModelo["seguimientos"]->org.hibernate.collection.spi.PersistentBag[0]->com.dsy1103.msenvios.modelo.SeguimientoModelo["envio"]->com.dsy1103.msenvios.modelo.EnvioModelo["seguimientos"]->org.hibernate.collection.spi.PersistentBag[0]->com.dsy1103.msenvios.modelo.SeguimientoModelo["envio"]->com.dsy1103.msenvios.modelo.EnvioModelo["seguimientos"]->org.hibernate.collection.spi.PersistentBag[0]->com.dsy1103.msenvios.modelo.SeguimientoModelo["envio"]->com.dsy1103.msenvios.modelo.EnvioModelo["seguimientos"]->org.hibernate.collection.spi.PersistentBag[0]->com.dsy1103.msenvios.modelo.SeguimientoModelo["envio"]->com.dsy1103.msenvios.modelo.EnvioModelo["seguimientos"]->org.hibernate.collection.spi.PersistentBag[0]->com.dsy1103.msenvios.modelo.SeguimientoModelo["envio"]->com.dsy1103.msenvios.modelo.EnvioModelo["seguimientos"]->org.hibernate.collection.spi.PersistentBag[0]->com.dsy1103.msenvios.modelo.SeguimientoModelo["envio"]->com.dsy1103.msenvios.modelo.EnvioModelo["seguimientos"]->org.hibernate.collection.spi.PersistentBag[0]->com.dsy1103.msenvios.modelo.SeguimientoModelo["envio"]->com.dsy1103.msenvios.modelo.EnvioModelo["seguimientos"]->org.hibernate.collection.spi.PersistentBag[0]->com.dsy1103.msenvios.modelo.SeguimientoModelo["envio"]->com.dsy1103.msenvios.modelo.EnvioModelo["seguimientos"]->org.hibernate.collection.spi.PersistentBag[0]->com.dsy1103.msenvios.modelo.SeguimientoModelo["envio"]->com.dsy1103.msenvios.modelo.EnvioModelo["seguimientos"]->org.hibernate.collection.spi.PersistentBag[0]->com.dsy1103.msenvios.modelo.SeguimientoModelo["envio"]->com.dsy1103.msenvios.modelo.EnvioModelo["seguimientos"]->org.hibernate.collection.spi.PersistentBag[0]->com.dsy1103.msenvios.modelo.SeguimientoModelo["envio"]->com.dsy1103.msenvios.modelo.EnvioModelo["seguimientos"]->org.hibernate.collection.spi.PersistentBag[0]->com.dsy1103.msenvios.modelo.SeguimientoModelo["envio"]->com.dsy1103.msenvios.modelo.EnvioModelo["seguimientos"]->org.hibernate.collection.spi.PersistentBag[0]->com.dsy1103.msenvios.modelo.SeguimientoModelo["envio"]->com.dsy1103.msenvios.modelo.EnvioModelo["seguimientos"]->org.hibernate.collection.spi.PersistentBag[0]->com.dsy1103.msenvios.modelo.SeguimientoModelo["envio"]->com.dsy1103.msenvios.modelo.EnvioModelo["seguimientos"]->org.hibernate.collection.spi.PersistentBag[0]->com.dsy1103.msenvios.modelo.SeguimientoModelo["envio"]->com.dsy1103.msenvios.modelo.EnvioModelo["seguimientos"]->org.hibernate.collection.spi.PersistentBag[0]->com.dsy1103.msenvios.modelo.SeguimientoModelo["envio"]->com.dsy1103.msenvios.modelo.EnvioModelo["seguimientos"]->org.hibernate.collection.spi.PersistentBag[0]->com.dsy1103.msenvios.modelo.SeguimientoModelo["envio"]->com.dsy1103.msenvios.modelo.EnvioModelo["seguimientos"]->org.hibernate.collection.spi.PersistentBag[0]->com.dsy1103.msenvios.modelo.SeguimientoModelo["envio"]->com.dsy1103.msenvios.modelo.EnvioModelo["seguimientos"]->org.hibernate.collection.spi.PersistentBag[0]->com.dsy1103.msenvios.modelo.SeguimientoModelo["envio"]->com.dsy1103.msenvios.modelo.EnvioModelo["seguimientos"]->org.hibernate.collection.spi.PersistentBag[0]->com.dsy1103.msenvios.modelo.SeguimientoModelo["envio"]->com.dsy1103.msenvios.modelo.EnvioModelo["seguimientos"]->org.hibernate.collection.spi.PersistentBag[0]->com.dsy1103.msenvios.modelo.SeguimientoModelo["envio"]->com.dsy1103.msenvios.modelo.EnvioModelo["seguimientos"]->org.hibernate.collection.spi.PersistentBag[0]->com.dsy1103.msenvios.modelo.SeguimientoModelo["envio"]->com.dsy1103.msenvios.modelo.EnvioModelo["seguimientos"]->org.hibernate.collection.spi.PersistentBag[0]->com.dsy1103.msenvios.modelo.SeguimientoModelo["envio"]->com.dsy1103.msenvios.modelo.EnvioModelo["seguimientos"]->org.hibernate.collection.spi.PersistentBag[0]->com.dsy1103.msenvios.modelo.SeguimientoModelo["envio"]->com.dsy1103.msenvios.modelo.EnvioModelo["seguimientos"]->org.hibernate.collection.spi.PersistentBag[0]->com.dsy1103.msenvios.modelo.SeguimientoModelo["envio"]->com.dsy1103.msenvios.modelo.EnvioModelo["seguimientos"]->org.hibernate.collection.spi.PersistentBag[0]->com.dsy1103.msenvios.modelo.SeguimientoModelo["envio"]->com.dsy1103.msenvios.modelo.EnvioModelo["seguimientos"]->org.hibernate.collection.spi.PersistentBag[0]->com.dsy1103.msenvios.modelo.SeguimientoModelo["envio"]->com.dsy1103.msenvios.modelo.EnvioModelo["seguimientos"]->org.hibernate.collection.spi.PersistentBag[0]->com.dsy1103.msenvios.modelo.SeguimientoModelo["envio"]->com.dsy1103.msenvios.modelo.EnvioModelo["seguimientos"]->org.hibernate.collection.spi.PersistentBag[0]->com.dsy1103.msenvios.modelo.SeguimientoModelo["envio"]->com.dsy1103.msenvios.modelo.EnvioModelo["seguimientos"]->org.hibernate.collection.spi.PersistentBag[0]->com.dsy1103.msenvios.modelo.SeguimientoModelo["envio"]->com.dsy1103.msenvios.modelo.EnvioModelo["seguimientos"]->org.hibernate.collection.spi.PersistentBag[0]->com.dsy1103.msenvios.modelo.SeguimientoModelo["envio"]->com.dsy1103.msenvios.modelo.EnvioModelo["seguimientos"]->org.hibernate.collection.spi.PersistentBag[0]->com.dsy1103.msenvios.modelo.SeguimientoModelo["envio"]->com.dsy1103.msenvios.modelo.EnvioModelo["seguimientos"]->org.hibernate.collection.spi.PersistentBag[0]->com.dsy1103.msenvios.modelo.SeguimientoModelo["envio"]->com.dsy1103.msenvios.modelo.EnvioModelo["seguimientos"]->org.hibernate.collection.spi.PersistentBag[0]->com.dsy1103.msenvios.modelo.SeguimientoModelo["envio"]->com.dsy1103.msenvios.modelo.EnvioModelo["seguimientos"]->org.hibernate.collection.spi.PersistentBag[0]->com.dsy1103.msenvios.modelo.SeguimientoModelo["envio"]->com.dsy1103.msenvios.modelo.EnvioModelo["seguimientos"]->org.hibernate.collection.spi.PersistentBag[0]->com.dsy1103.msenvios.modelo.SeguimientoModelo["envio"]->com.dsy1103.msenvios.modelo.EnvioModelo["seguimientos"]->org.hibernate.collection.spi.PersistentBag[0]->com.dsy1103.msenvios.modelo.SeguimientoModelo["envio"]->com.dsy1103.msenvios.modelo.EnvioModelo["seguimientos"]->org.hibernate.collection.spi.PersistentBag[0]->com.dsy1103.msenvios.modelo.SeguimientoModelo["envio"]->com.dsy1103.msenvios.modelo.EnvioModelo["seguimientos"]->org.hibernate.collection.spi.PersistentBag[0]->com.dsy1103.msenvios.modelo.SeguimientoModelo["envio"]->com.dsy1103.msenvios.modelo.EnvioModelo["seguimientos"]->org.hibernate.collection.spi.PersistentBag[0]->com.dsy1103.msenvios.modelo.SeguimientoModelo["envio"]->com.dsy1103.msenvios.modelo.EnvioModelo["seguimientos"]->org.hibernate.collection.spi.PersistentBag[0]->com.dsy1103.msenvios.modelo.SeguimientoModelo["envio"]->com.dsy1103.msenvios.modelo.EnvioModelo["seguimientos"]->org.hibernate.collection.spi.PersistentBag[0]->com.dsy1103.msenvios.modelo.SeguimientoModelo["envio"]->com.dsy1103.msenvios.modelo.EnvioModelo["seguimientos"]->org.hibernate.collection.spi.PersistentBag[0]->com.dsy1103.msenvios.modelo.SeguimientoModelo["envio"]->com.dsy1103.msenvios.modelo.EnvioModelo["seguimientos"]->org.hibernate.collection.spi.PersistentBag[0]->com.dsy1103.msenvios.modelo.SeguimientoModelo["envio"]->com.dsy1103.msenvios.modelo.EnvioModelo["seguimientos"]->org.hibernate.collection.spi.PersistentBag[0]->com.dsy1103.msenvios.modelo.SeguimientoModelo["envio"]->com.dsy1103.msenvios.modelo.EnvioModelo["seguimientos"]->org.hibernate.collection.spi.PersistentBag[0]->com.dsy1103.msenvios.modelo.SeguimientoModelo["envio"]->com.dsy1103.msenvios.modelo.EnvioModelo["seguimientos"]->org.hibernate.collection.spi.PersistentBag[0]->com.dsy1103.msenvios.modelo.SeguimientoModelo["envio"]->com.dsy1103.msenvios.modelo.EnvioModelo["seguimientos"]->org.hibernate.collection.spi.PersistentBag[0]->com.dsy1103.msenvios.modelo.SeguimientoModelo["envio"]->com.dsy1103.msenvios.modelo.EnvioModelo["seguimientos"]->org.hibernate.collection.spi.PersistentBag[0]->com.dsy1103.msenvios.modelo.SeguimientoModelo["envio"]->com.dsy1103.msenvios.modelo.EnvioModelo["seguimientos"]->org.hibernate.collection.spi.PersistentBag[0]->com.dsy1103.msenvios.modelo.SeguimientoModelo["envio"]->com.dsy1103.msenvios.modelo.EnvioModelo["seguimientos"]->org.hibernate.collection.spi.PersistentBag[0]->com.dsy1103.msenvios.modelo.SeguimientoModelo["envio"]->com.dsy1103.msenvios.modelo.EnvioModelo["seguimientos"]->org.hibernate.collection.spi.PersistentBag[0]->com.dsy1103.msenvios.modelo.SeguimientoModelo["envio"]->com.dsy1103.msenvios.modelo.EnvioModelo["seguimientos"]->org.hibernate.collection.spi.PersistentBag[0]->com.dsy1103.msenvios.modelo.SeguimientoModelo["envio"]->com.dsy1103.msenvios.modelo.EnvioModelo["seguimientos"]->org.hibernate.collection.spi.PersistentBag[0]->com.dsy1103.msenvios.modelo.SeguimientoModelo["envio"]->com.dsy1103.msenvios.modelo.EnvioModelo["seguimientos"]->org.hibernate.collection.spi.PersistentBag[0]->com.dsy1103.msenvios.modelo.SeguimientoModelo["envio"]->com.dsy1103.msenvios.modelo.EnvioModelo["seguimientos"]->org.hibernate.collection.spi.PersistentBag[0]->com.dsy1103.msenvios.modelo.SeguimientoModelo["envio"]->com.dsy1103.msenvios.modelo.EnvioModelo["seguimientos"]->org.hibernate.collection.spi.PersistentBag[0]->com.dsy1103.msenvios.modelo.SeguimientoModelo["envio"]->com.dsy1103.msenvios.modelo.EnvioModelo["seguimientos"]->org.hibernate.collection.spi.PersistentBag[0]->com.dsy1103.msenvios.modelo.SeguimientoModelo["envio"]->com.dsy1103.msenvios.modelo.EnvioModelo["seguimientos"]->org.hibernate.collection.spi.PersistentBag[0]->com.dsy1103.msenvios.modelo.SeguimientoModelo["envio"]->com.dsy1103.msenvios.modelo.EnvioModelo["seguimientos"]->org.hibernate.collection.spi.PersistentBag[0]->com.dsy1103.msenvios.modelo.SeguimientoModelo["envio"]->com.dsy1103.msenvios.modelo.EnvioModelo["seguimientos"]->org.hibernate.collection.spi.PersistentBag[0]->com.dsy1103.msenvios.modelo.SeguimientoModelo["envio"]->com.dsy1103.msenvios.modelo.EnvioModelo["seguimientos"]->org.hibernate.collection.spi.PersistentBag[0]->com.dsy1103.msenvios.modelo.SeguimientoModelo["envio"]->com.dsy1103.msenvios.modelo.EnvioModelo["seguimientos"]->org.hibernate.collection.spi.PersistentBag[0]->com.dsy1103.msenvios.modelo.SeguimientoModelo["envio"]->com.dsy1103.msenvios.modelo.EnvioModelo["seguimientos"]->org.hibernate.collection.spi.PersistentBag[0]->com.dsy1103.msenvios.modelo.SeguimientoModelo["envio"]->com.dsy1103.msenvios.modelo.EnvioModelo["seguimientos"]->org.hibernate.collection.spi.PersistentBag[0]->com.dsy1103.msenvios.modelo.SeguimientoModelo["envio"]->com.dsy1103.msenvios.modelo.EnvioModelo["seguimientos"]->org.hibernate.collection.spi.PersistentBag[0]->com.dsy1103.msenvios.modelo.SeguimientoModelo["envio"]->com.dsy1103.msenvios.modelo.EnvioModelo["seguimientos"]->org.hibernate.collection.spi.PersistentBag[0]->com.dsy1103.msenvios.modelo.SeguimientoModelo["envio"]->com.dsy1103.msenvios.modelo.EnvioModelo["seguimientos"])
	at tools.jackson.core.StreamWriteConstraints._constructException(StreamWriteConstraints.java:177) ~[jackson-core-3.1.2.jar:3.1.2]
	at tools.jackson.core.StreamWriteConstraints.validateNestingDepth(StreamWriteConstraints.java:162) ~[jackson-core-3.1.2.jar:3.1.2]
	at tools.jackson.core.json.UTF8JsonGenerator.writeStartArray(UTF8JsonGenerator.java:338) ~[jackson-core-3.1.2.jar:3.1.2]
	at tools.jackson.databind.ser.jdk.CollectionSerializer.serialize(CollectionSerializer.java:118) ~[jackson-databind-3.1.2.jar:3.1.2]
	at tools.jackson.databind.ser.jdk.CollectionSerializer.serialize(CollectionSerializer.java:25) ~[jackson-databind-3.1.2.jar:3.1.2]
	at tools.jackson.databind.ser.BeanPropertyWriter.serializeAsProperty(BeanPropertyWriter.java:648) ~[jackson-databind-3.1.2.jar:3.1.2]
	at tools.jackson.databind.ser.bean.BeanSerializerBase._serializePropertiesNoView(BeanSerializerBase.java:765) ~[jackson-databind-3.1.2.jar:3.1.2]
	at tools.jackson.databind.ser.BeanSerializer.serialize(BeanSerializer.java:171) ~[jackson-databind-3.1.2.jar:3.1.2]
	at tools.jackson.databind.ser.BeanPropertyWriter.serializeAsProperty(BeanPropertyWriter.java:648) ~[jackson-databind-3.1.2.jar:3.1.2]
	at tools.jackson.databind.ser.bean.BeanSerializerBase._serializePropertiesNoView(BeanSerializerBase.java:765) ~[jackson-databind-3.1.2.jar:3.1.2]
	at tools.jackson.databind.ser.BeanSerializer.serialize(BeanSerializer.java:171) ~[jackson-databind-3.1.2.jar:3.1.2]
	at tools.jackson.databind.ser.jdk.CollectionSerializer.serializeContentsImpl(CollectionSerializer.java:176) ~[jackson-databind-3.1.2.jar:3.1.2]
	at tools.jackson.databind.ser.jdk.CollectionSerializer.serialize(CollectionSerializer.java:119) ~[jackson-databind-3.1.2.jar:3.1.2]
	at tools.jackson.databind.ser.jdk.CollectionSerializer.serialize(CollectionSerializer.java:25) ~[jackson-databind-3.1.2.jar:3.1.2]
	at tools.jackson.databind.ser.BeanPropertyWriter.serializeAsProperty(BeanPropertyWriter.java:648) ~[jackson-databind-3.1.2.jar:3.1.2]
	at tools.jackson.databind.ser.bean.BeanSerializerBase._serializePropertiesNoView(BeanSerializerBase.java:765) ~[jackson-databind-3.1.2.jar:3.1.2]
	at tools.jackson.databind.ser.BeanSerializer.serialize(BeanSerializer.java:171) ~[jackson-databind-3.1.2.jar:3.1.2]
	at tools.jackson.databind.ser.BeanPropertyWriter.serializeAsProperty(BeanPropertyWriter.java:648) ~[jackson-databind-3.1.2.jar:3.1.2]
	at tools.jackson.databind.ser.bean.BeanSerializerBase._serializePropertiesNoView(BeanSerializerBase.java:765) ~[jackson-databind-3.1.2.jar:3.1.2]
	at tools.jackson.databind.ser.BeanSerializer.serialize(BeanSerializer.java:171) ~[jackson-databind-3.1.2.jar:3.1.2]
	at tools.jackson.databind.ser.jdk.CollectionSerializer.serializeContentsImpl(CollectionSerializer.java:176) ~[jackson-databind-3.1.2.jar:3.1.2]
	at tools.jackson.databind.ser.jdk.CollectionSerializer.serialize(CollectionSerializer.java:119) ~[jackson-databind-3.1.2.jar:3.1.2]
	at tools.jackson.databind.ser.jdk.CollectionSerializer.serialize(CollectionSerializer.java:25) ~[jackson-databind-3.1.2.jar:3.1.2]
	at tools.jackson.databind.ser.BeanPropertyWriter.serializeAsProperty(BeanPropertyWriter.java:648) ~[jackson-databind-3.1.2.jar:3.1.2]
	at tools.jackson.databind.ser.bean.BeanSerializerBase._serializePropertiesNoView(BeanSerializerBase.java:765) ~[jackson-databind-3.1.2.jar:3.1.2]
	at tools.jackson.databind.ser.BeanSerializer.serialize(BeanSerializer.java:171) ~[jackson-databind-3.1.2.jar:3.1.2]
	at tools.jackson.databind.ser.BeanPropertyWriter.serializeAsProperty(BeanPropertyWriter.java:648) ~[jackson-databind-3.1.2.jar:3.1.2]
	at tools.jackson.databind.ser.bean.BeanSerializerBase._serializePropertiesNoView(BeanSerializerBase.java:765) ~[jackson-databind-3.1.2.jar:3.1.2]
	at tools.jackson.databind.ser.BeanSerializer.serialize(BeanSerializer.java:171) ~[jackson-databind-3.1.2.jar:3.1.2]
	at tools.jackson.databind.ser.jdk.CollectionSerializer.serializeContentsImpl(CollectionSerializer.java:176) ~[jackson-databind-3.1.2.jar:3.1.2]
	at tools.jackson.databind.ser.jdk.CollectionSerializer.serialize(CollectionSerializer.java:119) ~[jackson-databind-3.1.2.jar:3.1.2]
	at tools.jackson.databind.ser.jdk.CollectionSerializer.serialize(CollectionSerializer.java:25) ~[jackson-databind-3.1.2.jar:3.1.2]
	at tools.jackson.databind.ser.BeanPropertyWriter.serializeAsProperty(BeanPropertyWriter.java:648) ~[jackson-databind-3.1.2.jar:3.1.2]
	at tools.jackson.databind.ser.bean.BeanSerializerBase._serializePropertiesNoView(BeanSerializerBase.java:765) ~[jackson-databind-3.1.2.jar:3.1.2]
	at tools.jackson.databind.ser.BeanSerializer.serialize(BeanSerializer.java:171) ~[jackson-databind-3.1.2.jar:3.1.2]
	at tools.jackson.databind.ser.BeanPropertyWriter.serializeAsProperty(BeanPropertyWriter.java:648) ~[jackson-databind-3.1.2.jar:3.1.2]
	at tools.jackson.databind.ser.bean.BeanSerializerBase._serializePropertiesNoView(BeanSerializerBase.java:765) ~[jackson-databind-3.1.2.jar:3.1.2]
	at tools.jackson.databind.ser.BeanSerializer.serialize(BeanSerializer.java:171) ~[jackson-databind-3.1.2.jar:3.1.2]
	at tools.jackson.databind.ser.jdk.CollectionSerializer.serializeContentsImpl(CollectionSerializer.java:176) ~[jackson-databind-3.1.2.jar:3.1.2]
	at tools.jackson.databind.ser.jdk.CollectionSerializer.serialize(CollectionSerializer.java:119) ~[jackson-databind-3.1.2.jar:3.1.2]
	at tools.jackson.databind.ser.jdk.CollectionSerializer.serialize(CollectionSerializer.java:25) ~[jackson-databind-3.1.2.jar:3.1.2]
	at tools.jackson.databind.ser.BeanPropertyWriter.serializeAsProperty(BeanPropertyWriter.java:648) ~[jackson-databind-3.1.2.jar:3.1.2]
	at tools.jackson.databind.ser.bean.BeanSerializerBase._serializePropertiesNoView(BeanSerializerBase.java:765) ~[jackson-databind-3.1.2.jar:3.1.2]
	at tools.jackson.databind.ser.BeanSerializer.serialize(BeanSerializer.java:171) ~[jackson-databind-3.1.2.jar:3.1.2]
	at tools.jackson.databind.ser.BeanPropertyWriter.serializeAsProperty(BeanPropertyWriter.java:648) ~[jackson-databind-3.1.2.jar:3.1.2]
	at tools.jackson.databind.ser.bean.BeanSerializerBase._serializePropertiesNoView(BeanSerializerBase.java:765) ~[jackson-databind-3.1.2.jar:3.1.2]
	at tools.jackson.databind.ser.BeanSerializer.serialize(BeanSerializer.java:171) ~[jackson-databind-3.1.2.jar:3.1.2]
	at tools.jackson.databind.ser.jdk.CollectionSerializer.serializeContentsImpl(CollectionSerializer.java:176) ~[jackson-databind-3.1.2.jar:3.1.2]
	at tools.jackson.databind.ser.jdk.CollectionSerializer.serialize(CollectionSerializer.java:119) ~[jackson-databind-3.1.2.jar:3.1.2]
	at tools.jackson.databind.ser.jdk.CollectionSerializer.serialize(CollectionSerializer.java:25) ~[jackson-databind-3.1.2.jar:3.1.2]
	at tools.jackson.databind.ser.BeanPropertyWriter.serializeAsProperty(BeanPropertyWriter.java:648) ~[jackson-databind-3.1.2.jar:3.1.2]
	at tools.jackson.databind.ser.bean.BeanSerializerBase._serializePropertiesNoView(BeanSerializerBase.java:765) ~[jackson-databind-3.1.2.jar:3.1.2]
	at tools.jackson.databind.ser.BeanSerializer.serialize(BeanSerializer.java:171) ~[jackson-databind-3.1.2.jar:3.1.2]
	at tools.jackson.databind.ser.BeanPropertyWriter.serializeAsProperty(BeanPropertyWriter.java:648) ~[jackson-databind-3.1.2.jar:3.1.2]
	at tools.jackson.databind.ser.bean.BeanSerializerBase._serializePropertiesNoView(BeanSerializerBase.java:765) ~[jackson-databind-3.1.2.jar:3.1.2]
	at tools.jackson.databind.ser.BeanSerializer.serialize(BeanSerializer.java:171) ~[jackson-databind-3.1.2.jar:3.1.2]
	at tools.jackson.databind.ser.jdk.CollectionSerializer.serializeContentsImpl(CollectionSerializer.java:176) ~[jackson-databind-3.1.2.jar:3.1.2]
	at tools.jackson.databind.ser.jdk.CollectionSerializer.serialize(CollectionSerializer.java:119) ~[jackson-databind-3.1.2.jar:3.1.2]
	at tools.jackson.databind.ser.jdk.CollectionSerializer.serialize(CollectionSerializer.java:25) ~[jackson-databind-3.1.2.jar:3.1.2]
	at tools.jackson.databind.ser.BeanPropertyWriter.serializeAsProperty(BeanPropertyWriter.java:648) ~[jackson-databind-3.1.2.jar:3.1.2]
	at tools.jackson.databind.ser.bean.BeanSerializerBase._serializePropertiesNoView(BeanSerializerBase.java:765) ~[jackson-databind-3.1.2.jar:3.1.2]
	at tools.jackson.databind.ser.BeanSerializer.serialize(BeanSerializer.java:171) ~[jackson-databind-3.1.2.jar:3.1.2]
	at tools.jackson.databind.ser.BeanPropertyWriter.serializeAsProperty(BeanPropertyWriter.java:648) ~[jackson-databind-3.1.2.jar:3.1.2]
	at tools.jackson.databind.ser.bean.BeanSerializerBase._serializePropertiesNoView(BeanSerializerBase.java:765) ~[jackson-databind-3.1.2.jar:3.1.2]
	at tools.jackson.databind.ser.BeanSerializer.serialize(BeanSerializer.java:171) ~[jackson-databind-3.1.2.jar:3.1.2]
	at tools.jackson.databind.ser.jdk.CollectionSerializer.serializeContentsImpl(CollectionSerializer.java:176) ~[jackson-databind-3.1.2.jar:3.1.2]
	at tools.jackson.databind.ser.jdk.CollectionSerializer.serialize(CollectionSerializer.java:119) ~[jackson-databind-3.1.2.jar:3.1.2]
	at tools.jackson.databind.ser.jdk.CollectionSerializer.serialize(CollectionSerializer.java:25) ~[jackson-databind-3.1.2.jar:3.1.2]
	at tools.jackson.databind.ser.BeanPropertyWriter.serializeAsProperty(BeanPropertyWriter.java:648) ~[jackson-databind-3.1.2.jar:3.1.2]
	at tools.jackson.databind.ser.bean.BeanSerializerBase._serializePropertiesNoView(BeanSerializerBase.java:765) ~[jackson-databind-3.1.2.jar:3.1.2]
	at tools.jackson.databind.ser.BeanSerializer.serialize(BeanSerializer.java:171) ~[jackson-databind-3.1.2.jar:3.1.2]
	at tools.jackson.databind.ser.BeanPropertyWriter.serializeAsProperty(BeanPropertyWriter.java:648) ~[jackson-databind-3.1.2.jar:3.1.2]
	at tools.jackson.databind.ser.bean.BeanSerializerBase._serializePropertiesNoView(BeanSerializerBase.java:765) ~[jackson-databind-3.1.2.jar:3.1.2]
	at tools.jackson.databind.ser.BeanSerializer.serialize(BeanSerializer.java:171) ~[jackson-databind-3.1.2.jar:3.1.2]
	at tools.jackson.databind.ser.jdk.CollectionSerializer.serializeContentsImpl(CollectionSerializer.java:176) ~[jackson-databind-3.1.2.jar:3.1.2]
	at tools.jackson.databind.ser.jdk.CollectionSerializer.serialize(CollectionSerializer.java:119) ~[jackson-databind-3.1.2.jar:3.1.2]
	at tools.jackson.databind.ser.jdk.CollectionSerializer.serialize(CollectionSerializer.java:25) ~[jackson-databind-3.1.2.jar:3.1.2]
	at tools.jackson.databind.ser.BeanPropertyWriter.serializeAsProperty(BeanPropertyWriter.java:648) ~[jackson-databind-3.1.2.jar:3.1.2]
	at tools.jackson.databind.ser.bean.BeanSerializerBase._serializePropertiesNoView(BeanSerializerBase.java:765) ~[jackson-databind-3.1.2.jar:3.1.2]
	at tools.jackson.databind.ser.BeanSerializer.serialize(BeanSerializer.java:171) ~[jackson-databind-3.1.2.jar:3.1.2]
	at tools.jackson.databind.ser.BeanPropertyWriter.serializeAsProperty(BeanPropertyWriter.java:648) ~[jackson-databind-3.1.2.jar:3.1.2]
	at tools.jackson.databind.ser.bean.BeanSerializerBase._serializePropertiesNoView(BeanSerializerBase.java:765) ~[jackson-databind-3.1.2.jar:3.1.2]
	at tools.jackson.databind.ser.BeanSerializer.serialize(BeanSerializer.java:171) ~[jackson-databind-3.1.2.jar:3.1.2]
	at tools.jackson.databind.ser.jdk.CollectionSerializer.serializeContentsImpl(CollectionSerializer.java:176) ~[jackson-databind-3.1.2.jar:3.1.2]
	at tools.jackson.databind.ser.jdk.CollectionSerializer.serialize(CollectionSerializer.java:119) ~[jackson-databind-3.1.2.jar:3.1.2]
	at tools.jackson.databind.ser.jdk.CollectionSerializer.serialize(CollectionSerializer.java:25) ~[jackson-databind-3.1.2.jar:3.1.2]
	at tools.jackson.databind.ser.BeanPropertyWriter.serializeAsProperty(BeanPropertyWriter.java:648) ~[jackson-databind-3.1.2.jar:3.1.2]
	at tools.jackson.databind.ser.bean.BeanSerializerBase._serializePropertiesNoView(BeanSerializerBase.java:765) ~[jackson-databind-3.1.2.jar:3.1.2]
	at tools.jackson.databind.ser.BeanSerializer.serialize(BeanSerializer.java:171) ~[jackson-databind-3.1.2.jar:3.1.2]
	at tools.jackson.databind.ser.BeanPropertyWriter.serializeAsProperty(BeanPropertyWriter.java:648) ~[jackson-databind-3.1.2.jar:3.1.2]
	at tools.jackson.databind.ser.bean.BeanSerializerBase._serializePropertiesNoView(BeanSerializerBase.java:765) ~[jackson-databind-3.1.2.jar:3.1.2]
	at tools.jackson.databind.ser.BeanSerializer.serialize(BeanSerializer.java:171) ~[jackson-databind-3.1.2.jar:3.1.2]
	at tools.jackson.databind.ser.jdk.CollectionSerializer.serializeContentsImpl(CollectionSerializer.java:176) ~[jackson-databind-3.1.2.jar:3.1.2]
	at tools.jackson.databind.ser.jdk.CollectionSerializer.serialize(CollectionSerializer.java:119) ~[jackson-databind-3.1.2.jar:3.1.2]
	at tools.jackson.databind.ser.jdk.CollectionSerializer.serialize(CollectionSerializer.java:25) ~[jackson-databind-3.1.2.jar:3.1.2]
	at tools.jackson.databind.ser.BeanPropertyWriter.serializeAsProperty(BeanPropertyWriter.java:648) ~[jackson-databind-3.1.2.jar:3.1.2]
	at tools.jackson.databind.ser.bean.BeanSerializerBase._serializePropertiesNoView(BeanSerializerBase.java:765) ~[jackson-databind-3.1.2.jar:3.1.2]
	at tools.jackson.databind.ser.BeanSerializer.serialize(BeanSerializer.java:171) ~[jackson-databind-3.1.2.jar:3.1.2]
	at tools.jackson.databind.ser.BeanPropertyWriter.serializeAsProperty(BeanPropertyWriter.java:648) ~[jackson-databind-3.1.2.jar:3.1.2]
	at tools.jackson.databind.ser.bean.BeanSerializerBase._serializePropertiesNoView(BeanSerializerBase.java:765) ~[jackson-databind-3.1.2.jar:3.1.2]
	at tools.jackson.databind.ser.BeanSerializer.serialize(BeanSerializer.java:171) ~[jackson-databind-3.1.2.jar:3.1.2]
	at tools.jackson.databind.ser.jdk.CollectionSerializer.serializeContentsImpl(CollectionSerializer.java:176) ~[jackson-databind-3.1.2.jar:3.1.2]
	at tools.jackson.databind.ser.jdk.CollectionSerializer.serialize(CollectionSerializer.java:119) ~[jackson-databind-3.1.2.jar:3.1.2]
	at tools.jackson.databind.ser.jdk.CollectionSerializer.serialize(CollectionSerializer.java:25) ~[jackson-databind-3.1.2.jar:3.1.2]
	at tools.jackson.databind.ser.BeanPropertyWriter.serializeAsProperty(BeanPropertyWriter.java:648) ~[jackson-databind-3.1.2.jar:3.1.2]
	at tools.jackson.databind.ser.bean.BeanSerializerBase._serializePropertiesNoView(BeanSerializerBase.java:765) ~[jackson-databind-3.1.2.jar:3.1.2]
	at tools.jackson.databind.ser.BeanSerializer.serialize(BeanSerializer.java:171) ~[jackson-databind-3.1.2.jar:3.1.2]
	at tools.jackson.databind.ser.BeanPropertyWriter.serializeAsProperty(BeanPropertyWriter.java:648) ~[jackson-databind-3.1.2.jar:3.1.2]
	at tools.jackson.databind.ser.bean.BeanSerializerBase._serializePropertiesNoView(BeanSerializerBase.java:765) ~[jackson-databind-3.1.2.jar:3.1.2]
	at tools.jackson.databind.ser.BeanSerializer.serialize(BeanSerializer.java:171) ~[jackson-databind-3.1.2.jar:3.1.2]
	at tools.jackson.databind.ser.jdk.CollectionSerializer.serializeContentsImpl(CollectionSerializer.java:176) ~[jackson-databind-3.1.2.jar:3.1.2]
	at tools.jackson.databind.ser.jdk.CollectionSerializer.serialize(CollectionSerializer.java:119) ~[jackson-databind-3.1.2.jar:3.1.2]
	at tools.jackson.databind.ser.jdk.CollectionSerializer.serialize(CollectionSerializer.java:25) ~[jackson-databind-3.1.2.jar:3.1.2]
	at tools.jackson.databind.ser.BeanPropertyWriter.serializeAsProperty(BeanPropertyWriter.java:648) ~[jackson-databind-3.1.2.jar:3.1.2]
	at tools.jackson.databind.ser.bean.BeanSerializerBase._serializePropertiesNoView(BeanSerializerBase.java:765) ~[jackson-databind-3.1.2.jar:3.1.2]
	at tools.jackson.databind.ser.BeanSerializer.serialize(BeanSerializer.java:171) ~[jackson-databind-3.1.2.jar:3.1.2]
	at tools.jackson.databind.ser.BeanPropertyWriter.serializeAsProperty(BeanPropertyWriter.java:648) ~[jackson-databind-3.1.2.jar:3.1.2]
	at tools.jackson.databind.ser.bean.BeanSerializerBase._serializePropertiesNoView(BeanSerializerBase.java:765) ~[jackson-databind-3.1.2.jar:3.1.2]
	at tools.jackson.databind.ser.BeanSerializer.serialize(BeanSerializer.java:171) ~[jackson-databind-3.1.2.jar:3.1.2]
	at tools.jackson.databind.ser.jdk.CollectionSerializer.serializeContentsImpl(CollectionSerializer.java:176) ~[jackson-databind-3.1.2.jar:3.1.2]
	at tools.jackson.databind.ser.jdk.CollectionSerializer.serialize(CollectionSerializer.java:119) ~[jackson-databind-3.1.2.jar:3.1.2]
	at tools.jackson.databind.ser.jdk.CollectionSerializer.serialize(CollectionSerializer.java:25) ~[jackson-databind-3.1.2.jar:3.1.2]
	at tools.jackson.databind.ser.BeanPropertyWriter.serializeAsProperty(BeanPropertyWriter.java:648) ~[jackson-databind-3.1.2.jar:3.1.2]
	at tools.jackson.databind.ser.bean.BeanSerializerBase._serializePropertiesNoView(BeanSerializerBase.java:765) ~[jackson-databind-3.1.2.jar:3.1.2]
	at tools.jackson.databind.ser.BeanSerializer.serialize(BeanSerializer.java:171) ~[jackson-databind-3.1.2.jar:3.1.2]
	at tools.jackson.databind.ser.BeanPropertyWriter.serializeAsProperty(BeanPropertyWriter.java:648) ~[jackson-databind-3.1.2.jar:3.1.2]
	at tools.jackson.databind.ser.bean.BeanSerializerBase._serializePropertiesNoView(BeanSerializerBase.java:765) ~[jackson-databind-3.1.2.jar:3.1.2]
	at tools.jackson.databind.ser.BeanSerializer.serialize(BeanSerializer.java:171) ~[jackson-databind-3.1.2.jar:3.1.2]
	at tools.jackson.databind.ser.jdk.CollectionSerializer.serializeContentsImpl(CollectionSerializer.java:176) ~[jackson-databind-3.1.2.jar:3.1.2]
	at tools.jackson.databind.ser.jdk.CollectionSerializer.serialize(CollectionSerializer.java:119) ~[jackson-databind-3.1.2.jar:3.1.2]
	at tools.jackson.databind.ser.jdk.CollectionSerializer.serialize(CollectionSerializer.java:25) ~[jackson-databind-3.1.2.jar:3.1.2]
	at tools.jackson.databind.ser.BeanPropertyWriter.serializeAsProperty(BeanPropertyWriter.java:648) ~[jackson-databind-3.1.2.jar:3.1.2]
	at tools.jackson.databind.ser.bean.BeanSerializerBase._serializePropertiesNoView(BeanSerializerBase.java:765) ~[jackson-databind-3.1.2.jar:3.1.2]
	at tools.jackson.databind.ser.BeanSerializer.serialize(BeanSerializer.java:171) ~[jackson-databind-3.1.2.jar:3.1.2]
	at tools.jackson.databind.ser.BeanPropertyWriter.serializeAsProperty(BeanPropertyWriter.java:648) ~[jackson-databind-3.1.2.jar:3.1.2]
	at tools.jackson.databind.ser.bean.BeanSerializerBase._serializePropertiesNoView(BeanSerializerBase.java:765) ~[jackson-databind-3.1.2.jar:3.1.2]
	at tools.jackson.databind.ser.BeanSerializer.serialize(BeanSerializer.java:171) ~[jackson-databind-3.1.2.jar:3.1.2]
	at tools.jackson.databind.ser.jdk.CollectionSerializer.serializeContentsImpl(CollectionSerializer.java:176) ~[jackson-databind-3.1.2.jar:3.1.2]
	at tools.jackson.databind.ser.jdk.CollectionSerializer.serialize(CollectionSerializer.java:119) ~[jackson-databind-3.1.2.jar:3.1.2]
	at tools.jackson.databind.ser.jdk.CollectionSerializer.serialize(CollectionSerializer.java:25) ~[jackson-databind-3.1.2.jar:3.1.2]
	at tools.jackson.databind.ser.BeanPropertyWriter.serializeAsProperty(BeanPropertyWriter.java:648) ~[jackson-databind-3.1.2.jar:3.1.2]
	at tools.jackson.databind.ser.bean.BeanSerializerBase._serializePropertiesNoView(BeanSerializerBase.java:765) ~[jackson-databind-3.1.2.jar:3.1.2]
	at tools.jackson.databind.ser.BeanSerializer.serialize(BeanSerializer.java:171) ~[jackson-databind-3.1.2.jar:3.1.2]
	at tools.jackson.databind.ser.BeanPropertyWriter.serializeAsProperty(BeanPropertyWriter.java:648) ~[jackson-databind-3.1.2.jar:3.1.2]
	at tools.jackson.databind.ser.bean.BeanSerializerBase._serializePropertiesNoView(BeanSerializerBase.java:765) ~[jackson-databind-3.1.2.jar:3.1.2]
	at tools.jackson.databind.ser.BeanSerializer.serialize(BeanSerializer.java:171) ~[jackson-databind-3.1.2.jar:3.1.2]
	at tools.jackson.databind.ser.jdk.CollectionSerializer.serializeContentsImpl(CollectionSerializer.java:176) ~[jackson-databind-3.1.2.jar:3.1.2]
	at tools.jackson.databind.ser.jdk.CollectionSerializer.serialize(CollectionSerializer.java:119) ~[jackson-databind-3.1.2.jar:3.1.2]
	at tools.jackson.databind.ser.jdk.CollectionSerializer.serialize(CollectionSerializer.java:25) ~[jackson-databind-3.1.2.jar:3.1.2]
	at tools.jackson.databind.ser.BeanPropertyWriter.serializeAsProperty(BeanPropertyWriter.java:648) ~[jackson-databind-3.1.2.jar:3.1.2]
	at tools.jackson.databind.ser.bean.BeanSerializerBase._serializePropertiesNoView(BeanSerializerBase.java:765) ~[jackson-databind-3.1.2.jar:3.1.2]
	at tools.jackson.databind.ser.BeanSerializer.serialize(BeanSerializer.java:171) ~[jackson-databind-3.1.2.jar:3.1.2]
	at tools.jackson.databind.ser.BeanPropertyWriter.serializeAsProperty(BeanPropertyWriter.java:648) ~[jackson-databind-3.1.2.jar:3.1.2]
	at tools.jackson.databind.ser.bean.BeanSerializerBase._serializePropertiesNoView(BeanSerializerBase.java:765) ~[jackson-databind-3.1.2.jar:3.1.2]
	at tools.jackson.databind.ser.BeanSerializer.serialize(BeanSerializer.java:171) ~[jackson-databind-3.1.2.jar:3.1.2]
	at tools.jackson.databind.ser.jdk.CollectionSerializer.serializeContentsImpl(CollectionSerializer.java:176) ~[jackson-databind-3.1.2.jar:3.1.2]
	at tools.jackson.databind.ser.jdk.CollectionSerializer.serialize(CollectionSerializer.java:119) ~[jackson-databind-3.1.2.jar:3.1.2]
	at tools.jackson.databind.ser.jdk.CollectionSerializer.serialize(CollectionSerializer.java:25) ~[jackson-databind-3.1.2.jar:3.1.2]
	at tools.jackson.databind.ser.BeanPropertyWriter.serializeAsProperty(BeanPropertyWriter.java:648) ~[jackson-databind-3.1.2.jar:3.1.2]
	at tools.jackson.databind.ser.bean.BeanSerializerBase._serializePropertiesNoView(BeanSerializerBase.java:765) ~[jackson-databind-3.1.2.jar:3.1.2]
	at tools.jackson.databind.ser.BeanSerializer.serialize(BeanSerializer.java:171) ~[jackson-databind-3.1.2.jar:3.1.2]
	at tools.jackson.databind.ser.BeanPropertyWriter.serializeAsProperty(BeanPropertyWriter.java:648) ~[jackson-databind-3.1.2.jar:3.1.2]
	at tools.jackson.databind.ser.bean.BeanSerializerBase._serializePropertiesNoView(BeanSerializerBase.java:765) ~[jackson-databind-3.1.2.jar:3.1.2]
	at tools.jackson.databind.ser.BeanSerializer.serialize(BeanSerializer.java:171) ~[jackson-databind-3.1.2.jar:3.1.2]
	at tools.jackson.databind.ser.jdk.CollectionSerializer.serializeContentsImpl(CollectionSerializer.java:176) ~[jackson-databind-3.1.2.jar:3.1.2]
	at tools.jackson.databind.ser.jdk.CollectionSerializer.serialize(CollectionSerializer.java:119) ~[jackson-databind-3.1.2.jar:3.1.2]
	at tools.jackson.databind.ser.jdk.CollectionSerializer.serialize(CollectionSerializer.java:25) ~[jackson-databind-3.1.2.jar:3.1.2]
	at tools.jackson.databind.ser.BeanPropertyWriter.serializeAsProperty(BeanPropertyWriter.java:648) ~[jackson-databind-3.1.2.jar:3.1.2]
	at tools.jackson.databind.ser.bean.BeanSerializerBase._serializePropertiesNoView(BeanSerializerBase.java:765) ~[jackson-databind-3.1.2.jar:3.1.2]
	at tools.jackson.databind.ser.BeanSerializer.serialize(BeanSerializer.java:171) ~[jackson-databind-3.1.2.jar:3.1.2]
	at tools.jackson.databind.ser.BeanPropertyWriter.serializeAsProperty(BeanPropertyWriter.java:648) ~[jackson-databind-3.1.2.jar:3.1.2]
	at tools.jackson.databind.ser.bean.BeanSerializerBase._serializePropertiesNoView(BeanSerializerBase.java:765) ~[jackson-databind-3.1.2.jar:3.1.2]
	at tools.jackson.databind.ser.BeanSerializer.serialize(BeanSerializer.java:171) ~[jackson-databind-3.1.2.jar:3.1.2]
	at tools.jackson.databind.ser.jdk.CollectionSerializer.serializeContentsImpl(CollectionSerializer.java:176) ~[jackson-databind-3.1.2.jar:3.1.2]
	at tools.jackson.databind.ser.jdk.CollectionSerializer.serialize(CollectionSerializer.java:119) ~[jackson-databind-3.1.2.jar:3.1.2]
	at tools.jackson.databind.ser.jdk.CollectionSerializer.serialize(CollectionSerializer.java:25) ~[jackson-databind-3.1.2.jar:3.1.2]
	at tools.jackson.databind.ser.BeanPropertyWriter.serializeAsProperty(BeanPropertyWriter.java:648) ~[jackson-databind-3.1.2.jar:3.1.2]
	at tools.jackson.databind.ser.bean.BeanSerializerBase._serializePropertiesNoView(BeanSerializerBase.java:765) ~[jackson-databind-3.1.2.jar:3.1.2]
	at tools.jackson.databind.ser.BeanSerializer.serialize(BeanSerializer.java:171) ~[jackson-databind-3.1.2.jar:3.1.2]
	at tools.jackson.databind.ser.BeanPropertyWriter.serializeAsProperty(BeanPropertyWriter.java:648) ~[jackson-databind-3.1.2.jar:3.1.2]
	at tools.jackson.databind.ser.bean.BeanSerializerBase._serializePropertiesNoView(BeanSerializerBase.java:765) ~[jackson-databind-3.1.2.jar:3.1.2]
	at tools.jackson.databind.ser.BeanSerializer.serialize(BeanSerializer.java:171) ~[jackson-databind-3.1.2.jar:3.1.2]
	at tools.jackson.databind.ser.jdk.CollectionSerializer.serializeContentsImpl(CollectionSerializer.java:176) ~[jackson-databind-3.1.2.jar:3.1.2]
	at tools.jackson.databind.ser.jdk.CollectionSerializer.serialize(CollectionSerializer.java:119) ~[jackson-databind-3.1.2.jar:3.1.2]
	at tools.jackson.databind.ser.jdk.CollectionSerializer.serialize(CollectionSerializer.java:25) ~[jackson-databind-3.1.2.jar:3.1.2]
	at tools.jackson.databind.ser.BeanPropertyWriter.serializeAsProperty(BeanPropertyWriter.java:648) ~[jackson-databind-3.1.2.jar:3.1.2]
	at tools.jackson.databind.ser.bean.BeanSerializerBase._serializePropertiesNoView(BeanSerializerBase.java:765) ~[jackson-databind-3.1.2.jar:3.1.2]
	at tools.jackson.databind.ser.BeanSerializer.serialize(BeanSerializer.java:171) ~[jackson-databind-3.1.2.jar:3.1.2]
	at tools.jackson.databind.ser.BeanPropertyWriter.serializeAsProperty(BeanPropertyWriter.java:648) ~[jackson-databind-3.1.2.jar:3.1.2]
	at tools.jackson.databind.ser.bean.BeanSerializerBase._serializePropertiesNoView(BeanSerializerBase.java:765) ~[jackson-databind-3.1.2.jar:3.1.2]
	at tools.jackson.databind.ser.BeanSerializer.serialize(BeanSerializer.java:171) ~[jackson-databind-3.1.2.jar:3.1.2]
	at tools.jackson.databind.ser.jdk.CollectionSerializer.serializeContentsImpl(CollectionSerializer.java:176) ~[jackson-databind-3.1.2.jar:3.1.2]
	at tools.jackson.databind.ser.jdk.CollectionSerializer.serialize(CollectionSerializer.java:119) ~[jackson-databind-3.1.2.jar:3.1.2]
	at tools.jackson.databind.ser.jdk.CollectionSerializer.serialize(CollectionSerializer.java:25) ~[jackson-databind-3.1.2.jar:3.1.2]
	at tools.jackson.databind.ser.BeanPropertyWriter.serializeAsProperty(BeanPropertyWriter.java:648) ~[jackson-databind-3.1.2.jar:3.1.2]
	at tools.jackson.databind.ser.bean.BeanSerializerBase._serializePropertiesNoView(BeanSerializerBase.java:765) ~[jackson-databind-3.1.2.jar:3.1.2]
	at tools.jackson.databind.ser.BeanSerializer.serialize(BeanSerializer.java:171) ~[jackson-databind-3.1.2.jar:3.1.2]
	at tools.jackson.databind.ser.BeanPropertyWriter.serializeAsProperty(BeanPropertyWriter.java:648) ~[jackson-databind-3.1.2.jar:3.1.2]
	at tools.jackson.databind.ser.bean.BeanSerializerBase._serializePropertiesNoView(BeanSerializerBase.java:765) ~[jackson-databind-3.1.2.jar:3.1.2]
	at tools.jackson.databind.ser.BeanSerializer.serialize(BeanSerializer.java:171) ~[jackson-databind-3.1.2.jar:3.1.2]
	at tools.jackson.databind.ser.jdk.CollectionSerializer.serializeContentsImpl(CollectionSerializer.java:176) ~[jackson-databind-3.1.2.jar:3.1.2]
	at tools.jackson.databind.ser.jdk.CollectionSerializer.serialize(CollectionSerializer.java:119) ~[jackson-databind-3.1.2.jar:3.1.2]
	at tools.jackson.databind.ser.jdk.CollectionSerializer.serialize(CollectionSerializer.java:25) ~[jackson-databind-3.1.2.jar:3.1.2]
	at tools.jackson.databind.ser.BeanPropertyWriter.serializeAsProperty(BeanPropertyWriter.java:648) ~[jackson-databind-3.1.2.jar:3.1.2]
	at tools.jackson.databind.ser.bean.BeanSerializerBase._serializePropertiesNoView(BeanSerializerBase.java:765) ~[jackson-databind-3.1.2.jar:3.1.2]
	at tools.jackson.databind.ser.BeanSerializer.serialize(BeanSerializer.java:171) ~[jackson-databind-3.1.2.jar:3.1.2]
	at tools.jackson.databind.ser.BeanPropertyWriter.serializeAsProperty(BeanPropertyWriter.java:648) ~[jackson-databind-3.1.2.jar:3.1.2]
	at tools.jackson.databind.ser.bean.BeanSerializerBase._serializePropertiesNoView(BeanSerializerBase.java:765) ~[jackson-databind-3.1.2.jar:3.1.2]
	at tools.jackson.databind.ser.BeanSerializer.serialize(BeanSerializer.java:171) ~[jackson-databind-3.1.2.jar:3.1.2]
	at tools.jackson.databind.ser.jdk.CollectionSerializer.serializeContentsImpl(CollectionSerializer.java:176) ~[jackson-databind-3.1.2.jar:3.1.2]
	at tools.jackson.databind.ser.jdk.CollectionSerializer.serialize(CollectionSerializer.java:119) ~[jackson-databind-3.1.2.jar:3.1.2]
	at tools.jackson.databind.ser.jdk.CollectionSerializer.serialize(CollectionSerializer.java:25) ~[jackson-databind-3.1.2.jar:3.1.2]
	at tools.jackson.databind.ser.BeanPropertyWriter.serializeAsProperty(BeanPropertyWriter.java:648) ~[jackson-databind-3.1.2.jar:3.1.2]
	at tools.jackson.databind.ser.bean.BeanSerializerBase._serializePropertiesNoView(BeanSerializerBase.java:765) ~[jackson-databind-3.1.2.jar:3.1.2]
	at tools.jackson.databind.ser.BeanSerializer.serialize(BeanSerializer.java:171) ~[jackson-databind-3.1.2.jar:3.1.2]
	at tools.jackson.databind.ser.BeanPropertyWriter.serializeAsProperty(BeanPropertyWriter.java:648) ~[jackson-databind-3.1.2.jar:3.1.2]
	at tools.jackson.databind.ser.bean.BeanSerializerBase._serializePropertiesNoView(BeanSerializerBase.java:765) ~[jackson-databind-3.1.2.jar:3.1.2]
	at tools.jackson.databind.ser.BeanSerializer.serialize(BeanSerializer.java:171) ~[jackson-databind-3.1.2.jar:3.1.2]
	at tools.jackson.databind.ser.jdk.CollectionSerializer.serializeContentsImpl(CollectionSerializer.java:176) ~[jackson-databind-3.1.2.jar:3.1.2]
	at tools.jackson.databind.ser.jdk.CollectionSerializer.serialize(CollectionSerializer.java:119) ~[jackson-databind-3.1.2.jar:3.1.2]
	at tools.jackson.databind.ser.jdk.CollectionSerializer.serialize(CollectionSerializer.java:25) ~[jackson-databind-3.1.2.jar:3.1.2]
	at tools.jackson.databind.ser.BeanPropertyWriter.serializeAsProperty(BeanPropertyWriter.java:648) ~[jackson-databind-3.1.2.jar:3.1.2]
	at tools.jackson.databind.ser.bean.BeanSerializerBase._serializePropertiesNoView(BeanSerializerBase.java:765) ~[jackson-databind-3.1.2.jar:3.1.2]
	at tools.jackson.databind.ser.BeanSerializer.serialize(BeanSerializer.java:171) ~[jackson-databind-3.1.2.jar:3.1.2]
	at tools.jackson.databind.ser.BeanPropertyWriter.serializeAsProperty(BeanPropertyWriter.java:648) ~[jackson-databind-3.1.2.jar:3.1.2]
	at tools.jackson.databind.ser.bean.BeanSerializerBase._serializePropertiesNoView(BeanSerializerBase.java:765) ~[jackson-databind-3.1.2.jar:3.1.2]
	at tools.jackson.databind.ser.BeanSerializer.serialize(BeanSerializer.java:171) ~[jackson-databind-3.1.2.jar:3.1.2]
	at tools.jackson.databind.ser.jdk.CollectionSerializer.serializeContentsImpl(CollectionSerializer.java:176) ~[jackson-databind-3.1.2.jar:3.1.2]
	at tools.jackson.databind.ser.jdk.CollectionSerializer.serialize(CollectionSerializer.java:119) ~[jackson-databind-3.1.2.jar:3.1.2]
	at tools.jackson.databind.ser.jdk.CollectionSerializer.serialize(CollectionSerializer.java:25) ~[jackson-databind-3.1.2.jar:3.1.2]
	at tools.jackson.databind.ser.BeanPropertyWriter.serializeAsProperty(BeanPropertyWriter.java:648) ~[jackson-databind-3.1.2.jar:3.1.2]
	at tools.jackson.databind.ser.bean.BeanSerializerBase._serializePropertiesNoView(BeanSerializerBase.java:765) ~[jackson-databind-3.1.2.jar:3.1.2]
	at tools.jackson.databind.ser.BeanSerializer.serialize(BeanSerializer.java:171) ~[jackson-databind-3.1.2.jar:3.1.2]
	at tools.jackson.databind.ser.BeanPropertyWriter.serializeAsProperty(BeanPropertyWriter.java:648) ~[jackson-databind-3.1.2.jar:3.1.2]
	at tools.jackson.databind.ser.bean.BeanSerializerBase._serializePropertiesNoView(BeanSerializerBase.java:765) ~[jackson-databind-3.1.2.jar:3.1.2]
	at tools.jackson.databind.ser.BeanSerializer.serialize(BeanSerializer.java:171) ~[jackson-databind-3.1.2.jar:3.1.2]
	at tools.jackson.databind.ser.jdk.CollectionSerializer.serializeContentsImpl(CollectionSerializer.java:176) ~[jackson-databind-3.1.2.jar:3.1.2]
	at tools.jackson.databind.ser.jdk.CollectionSerializer.serialize(CollectionSerializer.java:119) ~[jackson-databind-3.1.2.jar:3.1.2]
	at tools.jackson.databind.ser.jdk.CollectionSerializer.serialize(CollectionSerializer.java:25) ~[jackson-databind-3.1.2.jar:3.1.2]
	at tools.jackson.databind.ser.BeanPropertyWriter.serializeAsProperty(BeanPropertyWriter.java:648) ~[jackson-databind-3.1.2.jar:3.1.2]
	at tools.jackson.databind.ser.bean.BeanSerializerBase._serializePropertiesNoView(BeanSerializerBase.java:765) ~[jackson-databind-3.1.2.jar:3.1.2]
	at tools.jackson.databind.ser.BeanSerializer.serialize(BeanSerializer.java:171) ~[jackson-databind-3.1.2.jar:3.1.2]
	at tools.jackson.databind.ser.BeanPropertyWriter.serializeAsProperty(BeanPropertyWriter.java:648) ~[jackson-databind-3.1.2.jar:3.1.2]
	at tools.jackson.databind.ser.bean.BeanSerializerBase._serializePropertiesNoView(BeanSerializerBase.java:765) ~[jackson-databind-3.1.2.jar:3.1.2]
	at tools.jackson.databind.ser.BeanSerializer.serialize(BeanSerializer.java:171) ~[jackson-databind-3.1.2.jar:3.1.2]
	at tools.jackson.databind.ser.jdk.CollectionSerializer.serializeContentsImpl(CollectionSerializer.java:176) ~[jackson-databind-3.1.2.jar:3.1.2]
	at tools.jackson.databind.ser.jdk.CollectionSerializer.serialize(CollectionSerializer.java:119) ~[jackson-databind-3.1.2.jar:3.1.2]
	at tools.jackson.databind.ser.jdk.CollectionSerializer.serialize(CollectionSerializer.java:25) ~[jackson-databind-3.1.2.jar:3.1.2]
	at tools.jackson.databind.ser.BeanPropertyWriter.serializeAsProperty(BeanPropertyWriter.java:648) ~[jackson-databind-3.1.2.jar:3.1.2]
	at tools.jackson.databind.ser.bean.BeanSerializerBase._serializePropertiesNoView(BeanSerializerBase.java:765) ~[jackson-databind-3.1.2.jar:3.1.2]
	at tools.jackson.databind.ser.BeanSerializer.serialize(BeanSerializer.java:171) ~[jackson-databind-3.1.2.jar:3.1.2]
	at tools.jackson.databind.ser.BeanPropertyWriter.serializeAsProperty(BeanPropertyWriter.java:648) ~[jackson-databind-3.1.2.jar:3.1.2]
	at tools.jackson.databind.ser.bean.BeanSerializerBase._serializePropertiesNoView(BeanSerializerBase.java:765) ~[jackson-databind-3.1.2.jar:3.1.2]
	at tools.jackson.databind.ser.BeanSerializer.serialize(BeanSerializer.java:171) ~[jackson-databind-3.1.2.jar:3.1.2]
	at tools.jackson.databind.ser.jdk.CollectionSerializer.serializeContentsImpl(CollectionSerializer.java:176) ~[jackson-databind-3.1.2.jar:3.1.2]
	at tools.jackson.databind.ser.jdk.CollectionSerializer.serialize(CollectionSerializer.java:119) ~[jackson-databind-3.1.2.jar:3.1.2]
	at tools.jackson.databind.ser.jdk.CollectionSerializer.serialize(CollectionSerializer.java:25) ~[jackson-databind-3.1.2.jar:3.1.2]
	at tools.jackson.databind.ser.BeanPropertyWriter.serializeAsProperty(BeanPropertyWriter.java:648) ~[jackson-databind-3.1.2.jar:3.1.2]
	at tools.jackson.databind.ser.bean.BeanSerializerBase._serializePropertiesNoView(BeanSerializerBase.java:765) ~[jackson-databind-3.1.2.jar:3.1.2]
	at tools.jackson.databind.ser.BeanSerializer.serialize(BeanSerializer.java:171) ~[jackson-databind-3.1.2.jar:3.1.2]
	at tools.jackson.databind.ser.BeanPropertyWriter.serializeAsProperty(BeanPropertyWriter.java:648) ~[jackson-databind-3.1.2.jar:3.1.2]
	at tools.jackson.databind.ser.bean.BeanSerializerBase._serializePropertiesNoView(BeanSerializerBase.java:765) ~[jackson-databind-3.1.2.jar:3.1.2]
	at tools.jackson.databind.ser.BeanSerializer.serialize(BeanSerializer.java:171) ~[jackson-databind-3.1.2.jar:3.1.2]
	at tools.jackson.databind.ser.jdk.CollectionSerializer.serializeContentsImpl(CollectionSerializer.java:176) ~[jackson-databind-3.1.2.jar:3.1.2]
	at tools.jackson.databind.ser.jdk.CollectionSerializer.serialize(CollectionSerializer.java:119) ~[jackson-databind-3.1.2.jar:3.1.2]
	at tools.jackson.databind.ser.jdk.CollectionSerializer.serialize(CollectionSerializer.java:25) ~[jackson-databind-3.1.2.jar:3.1.2]
	at tools.jackson.databind.ser.BeanPropertyWriter.serializeAsProperty(BeanPropertyWriter.java:648) ~[jackson-databind-3.1.2.jar:3.1.2]
	at tools.jackson.databind.ser.bean.BeanSerializerBase._serializePropertiesNoView(BeanSerializerBase.java:765) ~[jackson-databind-3.1.2.jar:3.1.2]
	at tools.jackson.databind.ser.BeanSerializer.serialize(BeanSerializer.java:171) ~[jackson-databind-3.1.2.jar:3.1.2]
	at tools.jackson.databind.ser.BeanPropertyWriter.serializeAsProperty(BeanPropertyWriter.java:648) ~[jackson-databind-3.1.2.jar:3.1.2]
	at tools.jackson.databind.ser.bean.BeanSerializerBase._serializePropertiesNoView(BeanSerializerBase.java:765) ~[jackson-databind-3.1.2.jar:3.1.2]
	at tools.jackson.databind.ser.BeanSerializer.serialize(BeanSerializer.java:171) ~[jackson-databind-3.1.2.jar:3.1.2]
	at tools.jackson.databind.ser.jdk.CollectionSerializer.serializeContentsImpl(CollectionSerializer.java:176) ~[jackson-databind-3.1.2.jar:3.1.2]
	at tools.jackson.databind.ser.jdk.CollectionSerializer.serialize(CollectionSerializer.java:119) ~[jackson-databind-3.1.2.jar:3.1.2]
	at tools.jackson.databind.ser.jdk.CollectionSerializer.serialize(CollectionSerializer.java:25) ~[jackson-databind-3.1.2.jar:3.1.2]
	at tools.jackson.databind.ser.BeanPropertyWriter.serializeAsProperty(BeanPropertyWriter.java:648) ~[jackson-databind-3.1.2.jar:3.1.2]
	at tools.jackson.databind.ser.bean.BeanSerializerBase._serializePropertiesNoView(BeanSerializerBase.java:765) ~[jackson-databind-3.1.2.jar:3.1.2]
	at tools.jackson.databind.ser.BeanSerializer.serialize(BeanSerializer.java:171) ~[jackson-databind-3.1.2.jar:3.1.2]
	at tools.jackson.databind.ser.BeanPropertyWriter.serializeAsProperty(BeanPropertyWriter.java:648) ~[jackson-databind-3.1.2.jar:3.1.2]
	at tools.jackson.databind.ser.bean.BeanSerializerBase._serializePropertiesNoView(BeanSerializerBase.java:765) ~[jackson-databind-3.1.2.jar:3.1.2]
	at tools.jackson.databind.ser.BeanSerializer.serialize(BeanSerializer.java:171) ~[jackson-databind-3.1.2.jar:3.1.2]
	at tools.jackson.databind.ser.jdk.CollectionSerializer.serializeContentsImpl(CollectionSerializer.java:176) ~[jackson-databind-3.1.2.jar:3.1.2]
	at tools.jackson.databind.ser.jdk.CollectionSerializer.serialize(CollectionSerializer.java:119) ~[jackson-databind-3.1.2.jar:3.1.2]
	at tools.jackson.databind.ser.jdk.CollectionSerializer.serialize(CollectionSerializer.java:25) ~[jackson-databind-3.1.2.jar:3.1.2]
	at tools.jackson.databind.ser.BeanPropertyWriter.serializeAsProperty(BeanPropertyWriter.java:648) ~[jackson-databind-3.1.2.jar:3.1.2]
	at tools.jackson.databind.ser.bean.BeanSerializerBase._serializePropertiesNoView(BeanSerializerBase.java:765) ~[jackson-databind-3.1.2.jar:3.1.2]
	at tools.jackson.databind.ser.BeanSerializer.serialize(BeanSerializer.java:171) ~[jackson-databind-3.1.2.jar:3.1.2]
	at tools.jackson.databind.ser.BeanPropertyWriter.serializeAsProperty(BeanPropertyWriter.java:648) ~[jackson-databind-3.1.2.jar:3.1.2]
	at tools.jackson.databind.ser.bean.BeanSerializerBase._serializePropertiesNoView(BeanSerializerBase.java:765) ~[jackson-databind-3.1.2.jar:3.1.2]
	at tools.jackson.databind.ser.BeanSerializer.serialize(BeanSerializer.java:171) ~[jackson-databind-3.1.2.jar:3.1.2]
	at tools.jackson.databind.ser.jdk.CollectionSerializer.serializeContentsImpl(CollectionSerializer.java:176) ~[jackson-databind-3.1.2.jar:3.1.2]
	at tools.jackson.databind.ser.jdk.CollectionSerializer.serialize(CollectionSerializer.java:119) ~[jackson-databind-3.1.2.jar:3.1.2]
	at tools.jackson.databind.ser.jdk.CollectionSerializer.serialize(CollectionSerializer.java:25) ~[jackson-databind-3.1.2.jar:3.1.2]
	at tools.jackson.databind.ser.BeanPropertyWriter.serializeAsProperty(BeanPropertyWriter.java:648) ~[jackson-databind-3.1.2.jar:3.1.2]
	at tools.jackson.databind.ser.bean.BeanSerializerBase._serializePropertiesNoView(BeanSerializerBase.java:765) ~[jackson-databind-3.1.2.jar:3.1.2]
	at tools.jackson.databind.ser.BeanSerializer.serialize(BeanSerializer.java:171) ~[jackson-databind-3.1.2.jar:3.1.2]
	at tools.jackson.databind.ser.BeanPropertyWriter.serializeAsProperty(BeanPropertyWriter.java:648) ~[jackson-databind-3.1.2.jar:3.1.2]
	at tools.jackson.databind.ser.bean.BeanSerializerBase._serializePropertiesNoView(BeanSerializerBase.java:765) ~[jackson-databind-3.1.2.jar:3.1.2]
	at tools.jackson.databind.ser.BeanSerializer.serialize(BeanSerializer.java:171) ~[jackson-databind-3.1.2.jar:3.1.2]
	at tools.jackson.databind.ser.jdk.CollectionSerializer.serializeContentsImpl(CollectionSerializer.java:176) ~[jackson-databind-3.1.2.jar:3.1.2]
	at tools.jackson.databind.ser.jdk.CollectionSerializer.serialize(CollectionSerializer.java:119) ~[jackson-databind-3.1.2.jar:3.1.2]
	at tools.jackson.databind.ser.jdk.CollectionSerializer.serialize(CollectionSerializer.java:25) ~[jackson-databind-3.1.2.jar:3.1.2]
	at tools.jackson.databind.ser.BeanPropertyWriter.serializeAsProperty(BeanPropertyWriter.java:648) ~[jackson-databind-3.1.2.jar:3.1.2]
	at tools.jackson.databind.ser.bean.BeanSerializerBase._serializePropertiesNoView(BeanSerializerBase.java:765) ~[jackson-databind-3.1.2.jar:3.1.2]
	at tools.jackson.databind.ser.BeanSerializer.serialize(BeanSerializer.java:171) ~[jackson-databind-3.1.2.jar:3.1.2]
	at tools.jackson.databind.ser.BeanPropertyWriter.serializeAsProperty(BeanPropertyWriter.java:648) ~[jackson-databind-3.1.2.jar:3.1.2]
	at tools.jackson.databind.ser.bean.BeanSerializerBase._serializePropertiesNoView(BeanSerializerBase.java:765) ~[jackson-databind-3.1.2.jar:3.1.2]
	at tools.jackson.databind.ser.BeanSerializer.serialize(BeanSerializer.java:171) ~[jackson-databind-3.1.2.jar:3.1.2]
	at tools.jackson.databind.ser.jdk.CollectionSerializer.serializeContentsImpl(CollectionSerializer.java:176) ~[jackson-databind-3.1.2.jar:3.1.2]
	at tools.jackson.databind.ser.jdk.CollectionSerializer.serialize(CollectionSerializer.java:119) ~[jackson-databind-3.1.2.jar:3.1.2]
	at tools.jackson.databind.ser.jdk.CollectionSerializer.serialize(CollectionSerializer.java:25) ~[jackson-databind-3.1.2.jar:3.1.2]
	at tools.jackson.databind.ser.BeanPropertyWriter.serializeAsProperty(BeanPropertyWriter.java:648) ~[jackson-databind-3.1.2.jar:3.1.2]
	at tools.jackson.databind.ser.bean.BeanSerializerBase._serializePropertiesNoView(BeanSerializerBase.java:765) ~[jackson-databind-3.1.2.jar:3.1.2]
	at tools.jackson.databind.ser.BeanSerializer.serialize(BeanSerializer.java:171) ~[jackson-databind-3.1.2.jar:3.1.2]
	at tools.jackson.databind.ser.BeanPropertyWriter.serializeAsProperty(BeanPropertyWriter.java:648) ~[jackson-databind-3.1.2.jar:3.1.2]
	at tools.jackson.databind.ser.bean.BeanSerializerBase._serializePropertiesNoView(BeanSerializerBase.java:765) ~[jackson-databind-3.1.2.jar:3.1.2]
	at tools.jackson.databind.ser.BeanSerializer.serialize(BeanSerializer.java:171) ~[jackson-databind-3.1.2.jar:3.1.2]
	at tools.jackson.databind.ser.jdk.CollectionSerializer.serializeContentsImpl(CollectionSerializer.java:176) ~[jackson-databind-3.1.2.jar:3.1.2]
	at tools.jackson.databind.ser.jdk.CollectionSerializer.serialize(CollectionSerializer.java:119) ~[jackson-databind-3.1.2.jar:3.1.2]
	at tools.jackson.databind.ser.jdk.CollectionSerializer.serialize(CollectionSerializer.java:25) ~[jackson-databind-3.1.2.jar:3.1.2]
	at tools.jackson.databind.ser.BeanPropertyWriter.serializeAsProperty(BeanPropertyWriter.java:648) ~[jackson-databind-3.1.2.jar:3.1.2]
	at tools.jackson.databind.ser.bean.BeanSerializerBase._serializePropertiesNoView(BeanSerializerBase.java:765) ~[jackson-databind-3.1.2.jar:3.1.2]
	at tools.jackson.databind.ser.BeanSerializer.serialize(BeanSerializer.java:171) ~[jackson-databind-3.1.2.jar:3.1.2]
	at tools.jackson.databind.ser.BeanPropertyWriter.serializeAsProperty(BeanPropertyWriter.java:648) ~[jackson-databind-3.1.2.jar:3.1.2]
	at tools.jackson.databind.ser.bean.BeanSerializerBase._serializePropertiesNoView(BeanSerializerBase.java:765) ~[jackson-databind-3.1.2.jar:3.1.2]
	at tools.jackson.databind.ser.BeanSerializer.serialize(BeanSerializer.java:171) ~[jackson-databind-3.1.2.jar:3.1.2]
	at tools.jackson.databind.ser.jdk.CollectionSerializer.serializeContentsImpl(CollectionSerializer.java:176) ~[jackson-databind-3.1.2.jar:3.1.2]
	at tools.jackson.databind.ser.jdk.CollectionSerializer.serialize(CollectionSerializer.java:119) ~[jackson-databind-3.1.2.jar:3.1.2]
	at tools.jackson.databind.ser.jdk.CollectionSerializer.serialize(CollectionSerializer.java:25) ~[jackson-databind-3.1.2.jar:3.1.2]
	at tools.jackson.databind.ser.BeanPropertyWriter.serializeAsProperty(BeanPropertyWriter.java:648) ~[jackson-databind-3.1.2.jar:3.1.2]
	at tools.jackson.databind.ser.bean.BeanSerializerBase._serializePropertiesNoView(BeanSerializerBase.java:765) ~[jackson-databind-3.1.2.jar:3.1.2]
	at tools.jackson.databind.ser.BeanSerializer.serialize(BeanSerializer.java:171) ~[jackson-databind-3.1.2.jar:3.1.2]
	at tools.jackson.databind.ser.BeanPropertyWriter.serializeAsProperty(BeanPropertyWriter.java:648) ~[jackson-databind-3.1.2.jar:3.1.2]
	at tools.jackson.databind.ser.bean.BeanSerializerBase._serializePropertiesNoView(BeanSerializerBase.java:765) ~[jackson-databind-3.1.2.jar:3.1.2]
	at tools.jackson.databind.ser.BeanSerializer.serialize(BeanSerializer.java:171) ~[jackson-databind-3.1.2.jar:3.1.2]
	at tools.jackson.databind.ser.jdk.CollectionSerializer.serializeContentsImpl(CollectionSerializer.java:176) ~[jackson-databind-3.1.2.jar:3.1.2]
	at tools.jackson.databind.ser.jdk.CollectionSerializer.serialize(CollectionSerializer.java:119) ~[jackson-databind-3.1.2.jar:3.1.2]
	at tools.jackson.databind.ser.jdk.CollectionSerializer.serialize(CollectionSerializer.java:25) ~[jackson-databind-3.1.2.jar:3.1.2]
	at tools.jackson.databind.ser.BeanPropertyWriter.serializeAsProperty(BeanPropertyWriter.java:648) ~[jackson-databind-3.1.2.jar:3.1.2]
	at tools.jackson.databind.ser.bean.BeanSerializerBase._serializePropertiesNoView(BeanSerializerBase.java:765) ~[jackson-databind-3.1.2.jar:3.1.2]
	at tools.jackson.databind.ser.BeanSerializer.serialize(BeanSerializer.java:171) ~[jackson-databind-3.1.2.jar:3.1.2]
	at tools.jackson.databind.ser.BeanPropertyWriter.serializeAsProperty(BeanPropertyWriter.java:648) ~[jackson-databind-3.1.2.jar:3.1.2]
	at tools.jackson.databind.ser.bean.BeanSerializerBase._serializePropertiesNoView(BeanSerializerBase.java:765) ~[jackson-databind-3.1.2.jar:3.1.2]
	at tools.jackson.databind.ser.BeanSerializer.serialize(BeanSerializer.java:171) ~[jackson-databind-3.1.2.jar:3.1.2]
	at tools.jackson.databind.ser.jdk.CollectionSerializer.serializeContentsImpl(CollectionSerializer.java:176) ~[jackson-databind-3.1.2.jar:3.1.2]
	at tools.jackson.databind.ser.jdk.CollectionSerializer.serialize(CollectionSerializer.java:119) ~[jackson-databind-3.1.2.jar:3.1.2]
	at tools.jackson.databind.ser.jdk.CollectionSerializer.serialize(CollectionSerializer.java:25) ~[jackson-databind-3.1.2.jar:3.1.2]
	at tools.jackson.databind.ser.BeanPropertyWriter.serializeAsProperty(BeanPropertyWriter.java:648) ~[jackson-databind-3.1.2.jar:3.1.2]
	at tools.jackson.databind.ser.bean.BeanSerializerBase._serializePropertiesNoView(BeanSerializerBase.java:765) ~[jackson-databind-3.1.2.jar:3.1.2]
	at tools.jackson.databind.ser.BeanSerializer.serialize(BeanSerializer.java:171) ~[jackson-databind-3.1.2.jar:3.1.2]
	at tools.jackson.databind.ser.BeanPropertyWriter.serializeAsProperty(BeanPropertyWriter.java:648) ~[jackson-databind-3.1.2.jar:3.1.2]
	at tools.jackson.databind.ser.bean.BeanSerializerBase._serializePropertiesNoView(BeanSerializerBase.java:765) ~[jackson-databind-3.1.2.jar:3.1.2]
	at tools.jackson.databind.ser.BeanSerializer.serialize(BeanSerializer.java:171) ~[jackson-databind-3.1.2.jar:3.1.2]
	at tools.jackson.databind.ser.jdk.CollectionSerializer.serializeContentsImpl(CollectionSerializer.java:176) ~[jackson-databind-3.1.2.jar:3.1.2]
	at tools.jackson.databind.ser.jdk.CollectionSerializer.serialize(CollectionSerializer.java:119) ~[jackson-databind-3.1.2.jar:3.1.2]
	at tools.jackson.databind.ser.jdk.CollectionSerializer.serialize(CollectionSerializer.java:25) ~[jackson-databind-3.1.2.jar:3.1.2]
	at tools.jackson.databind.ser.BeanPropertyWriter.serializeAsProperty(BeanPropertyWriter.java:648) ~[jackson-databind-3.1.2.jar:3.1.2]
	at tools.jackson.databind.ser.bean.BeanSerializerBase._serializePropertiesNoView(BeanSerializerBase.java:765) ~[jackson-databind-3.1.2.jar:3.1.2]
	at tools.jackson.databind.ser.BeanSerializer.serialize(BeanSerializer.java:171) ~[jackson-databind-3.1.2.jar:3.1.2]
	at tools.jackson.databind.ser.BeanPropertyWriter.serializeAsProperty(BeanPropertyWriter.java:648) ~[jackson-databind-3.1.2.jar:3.1.2]
	at tools.jackson.databind.ser.bean.BeanSerializerBase._serializePropertiesNoView(BeanSerializerBase.java:765) ~[jackson-databind-3.1.2.jar:3.1.2]
	at tools.jackson.databind.ser.BeanSerializer.serialize(BeanSerializer.java:171) ~[jackson-databind-3.1.2.jar:3.1.2]
	at tools.jackson.databind.ser.jdk.CollectionSerializer.serializeContentsImpl(CollectionSerializer.java:176) ~[jackson-databind-3.1.2.jar:3.1.2]
	at tools.jackson.databind.ser.jdk.CollectionSerializer.serialize(CollectionSerializer.java:119) ~[jackson-databind-3.1.2.jar:3.1.2]
	at tools.jackson.databind.ser.jdk.CollectionSerializer.serialize(CollectionSerializer.java:25) ~[jackson-databind-3.1.2.jar:3.1.2]
	at tools.jackson.databind.ser.BeanPropertyWriter.serializeAsProperty(BeanPropertyWriter.java:648) ~[jackson-databind-3.1.2.jar:3.1.2]
	at tools.jackson.databind.ser.bean.BeanSerializerBase._serializePropertiesNoView(BeanSerializerBase.java:765) ~[jackson-databind-3.1.2.jar:3.1.2]
	at tools.jackson.databind.ser.BeanSerializer.serialize(BeanSerializer.java:171) ~[jackson-databind-3.1.2.jar:3.1.2]
	at tools.jackson.databind.ser.BeanPropertyWriter.serializeAsProperty(BeanPropertyWriter.java:648) ~[jackson-databind-3.1.2.jar:3.1.2]
	at tools.jackson.databind.ser.bean.BeanSerializerBase._serializePropertiesNoView(BeanSerializerBase.java:765) ~[jackson-databind-3.1.2.jar:3.1.2]
	at tools.jackson.databind.ser.BeanSerializer.serialize(BeanSerializer.java:171) ~[jackson-databind-3.1.2.jar:3.1.2]
	at tools.jackson.databind.ser.jdk.CollectionSerializer.serializeContentsImpl(CollectionSerializer.java:176) ~[jackson-databind-3.1.2.jar:3.1.2]
	at tools.jackson.databind.ser.jdk.CollectionSerializer.serialize(CollectionSerializer.java:119) ~[jackson-databind-3.1.2.jar:3.1.2]
	at tools.jackson.databind.ser.jdk.CollectionSerializer.serialize(CollectionSerializer.java:25) ~[jackson-databind-3.1.2.jar:3.1.2]
	at tools.jackson.databind.ser.BeanPropertyWriter.serializeAsProperty(BeanPropertyWriter.java:648) ~[jackson-databind-3.1.2.jar:3.1.2]
	at tools.jackson.databind.ser.bean.BeanSerializerBase._serializePropertiesNoView(BeanSerializerBase.java:765) ~[jackson-databind-3.1.2.jar:3.1.2]
	at tools.jackson.databind.ser.BeanSerializer.serialize(BeanSerializer.java:171) ~[jackson-databind-3.1.2.jar:3.1.2]
	at tools.jackson.databind.ser.BeanPropertyWriter.serializeAsProperty(BeanPropertyWriter.java:648) ~[jackson-databind-3.1.2.jar:3.1.2]
	at tools.jackson.databind.ser.bean.BeanSerializerBase._serializePropertiesNoView(BeanSerializerBase.java:765) ~[jackson-databind-3.1.2.jar:3.1.2]
	at tools.jackson.databind.ser.BeanSerializer.serialize(BeanSerializer.java:171) ~[jackson-databind-3.1.2.jar:3.1.2]
	at tools.jackson.databind.ser.jdk.CollectionSerializer.serializeContentsImpl(CollectionSerializer.java:176) ~[jackson-databind-3.1.2.jar:3.1.2]
	at tools.jackson.databind.ser.jdk.CollectionSerializer.serialize(CollectionSerializer.java:119) ~[jackson-databind-3.1.2.jar:3.1.2]
	at tools.jackson.databind.ser.jdk.CollectionSerializer.serialize(CollectionSerializer.java:25) ~[jackson-databind-3.1.2.jar:3.1.2]
	at tools.jackson.databind.ser.BeanPropertyWriter.serializeAsProperty(BeanPropertyWriter.java:648) ~[jackson-databind-3.1.2.jar:3.1.2]
	at tools.jackson.databind.ser.bean.BeanSerializerBase._serializePropertiesNoView(BeanSerializerBase.java:765) ~[jackson-databind-3.1.2.jar:3.1.2]
	at tools.jackson.databind.ser.BeanSerializer.serialize(BeanSerializer.java:171) ~[jackson-databind-3.1.2.jar:3.1.2]
	at tools.jackson.databind.ser.BeanPropertyWriter.serializeAsProperty(BeanPropertyWriter.java:648) ~[jackson-databind-3.1.2.jar:3.1.2]
	at tools.jackson.databind.ser.bean.BeanSerializerBase._serializePropertiesNoView(BeanSerializerBase.java:765) ~[jackson-databind-3.1.2.jar:3.1.2]
	at tools.jackson.databind.ser.BeanSerializer.serialize(BeanSerializer.java:171) ~[jackson-databind-3.1.2.jar:3.1.2]
	at tools.jackson.databind.ser.jdk.CollectionSerializer.serializeContentsImpl(CollectionSerializer.java:176) ~[jackson-databind-3.1.2.jar:3.1.2]
	at tools.jackson.databind.ser.jdk.CollectionSerializer.serialize(CollectionSerializer.java:119) ~[jackson-databind-3.1.2.jar:3.1.2]
	at tools.jackson.databind.ser.jdk.CollectionSerializer.serialize(CollectionSerializer.java:25) ~[jackson-databind-3.1.2.jar:3.1.2]
	at tools.jackson.databind.ser.BeanPropertyWriter.serializeAsProperty(BeanPropertyWriter.java:648) ~[jackson-databind-3.1.2.jar:3.1.2]
	at tools.jackson.databind.ser.bean.BeanSerializerBase._serializePropertiesNoView(BeanSerializerBase.java:765) ~[jackson-databind-3.1.2.jar:3.1.2]
	at tools.jackson.databind.ser.BeanSerializer.serialize(BeanSerializer.java:171) ~[jackson-databind-3.1.2.jar:3.1.2]
	at tools.jackson.databind.ser.BeanPropertyWriter.serializeAsProperty(BeanPropertyWriter.java:648) ~[jackson-databind-3.1.2.jar:3.1.2]
	at tools.jackson.databind.ser.bean.BeanSerializerBase._serializePropertiesNoView(BeanSerializerBase.java:765) ~[jackson-databind-3.1.2.jar:3.1.2]
	at tools.jackson.databind.ser.BeanSerializer.serialize(BeanSerializer.java:171) ~[jackson-databind-3.1.2.jar:3.1.2]
	at tools.jackson.databind.ser.jdk.CollectionSerializer.serializeContentsImpl(CollectionSerializer.java:176) ~[jackson-databind-3.1.2.jar:3.1.2]
	at tools.jackson.databind.ser.jdk.CollectionSerializer.serialize(CollectionSerializer.java:119) ~[jackson-databind-3.1.2.jar:3.1.2]
	at tools.jackson.databind.ser.jdk.CollectionSerializer.serialize(CollectionSerializer.java:25) ~[jackson-databind-3.1.2.jar:3.1.2]
	at tools.jackson.databind.ser.BeanPropertyWriter.serializeAsProperty(BeanPropertyWriter.java:648) ~[jackson-databind-3.1.2.jar:3.1.2]
	at tools.jackson.databind.ser.bean.BeanSerializerBase._serializePropertiesNoView(BeanSerializerBase.java:765) ~[jackson-databind-3.1.2.jar:3.1.2]
	at tools.jackson.databind.ser.BeanSerializer.serialize(BeanSerializer.java:171) ~[jackson-databind-3.1.2.jar:3.1.2]
	at tools.jackson.databind.ser.BeanPropertyWriter.serializeAsProperty(BeanPropertyWriter.java:648) ~[jackson-databind-3.1.2.jar:3.1.2]
	at tools.jackson.databind.ser.bean.BeanSerializerBase._serializePropertiesNoView(BeanSerializerBase.java:765) ~[jackson-databind-3.1.2.jar:3.1.2]
	at tools.jackson.databind.ser.BeanSerializer.serialize(BeanSerializer.java:171) ~[jackson-databind-3.1.2.jar:3.1.2]
	at tools.jackson.databind.ser.jdk.CollectionSerializer.serializeContentsImpl(CollectionSerializer.java:176) ~[jackson-databind-3.1.2.jar:3.1.2]
	at tools.jackson.databind.ser.jdk.CollectionSerializer.serialize(CollectionSerializer.java:119) ~[jackson-databind-3.1.2.jar:3.1.2]
	at tools.jackson.databind.ser.jdk.CollectionSerializer.serialize(CollectionSerializer.java:25) ~[jackson-databind-3.1.2.jar:3.1.2]
	at tools.jackson.databind.ser.BeanPropertyWriter.serializeAsProperty(BeanPropertyWriter.java:648) ~[jackson-databind-3.1.2.jar:3.1.2]
	at tools.jackson.databind.ser.bean.BeanSerializerBase._serializePropertiesNoView(BeanSerializerBase.java:765) ~[jackson-databind-3.1.2.jar:3.1.2]
	at tools.jackson.databind.ser.BeanSerializer.serialize(BeanSerializer.java:171) ~[jackson-databind-3.1.2.jar:3.1.2]
	at tools.jackson.databind.ser.BeanPropertyWriter.serializeAsProperty(BeanPropertyWriter.java:648) ~[jackson-databind-3.1.2.jar:3.1.2]
	at tools.jackson.databind.ser.bean.BeanSerializerBase._serializePropertiesNoView(BeanSerializerBase.java:765) ~[jackson-databind-3.1.2.jar:3.1.2]
	at tools.jackson.databind.ser.BeanSerializer.serialize(BeanSerializer.java:171) ~[jackson-databind-3.1.2.jar:3.1.2]
	at tools.jackson.databind.ser.jdk.CollectionSerializer.serializeContentsImpl(CollectionSerializer.java:176) ~[jackson-databind-3.1.2.jar:3.1.2]
	at tools.jackson.databind.ser.jdk.CollectionSerializer.serialize(CollectionSerializer.java:119) ~[jackson-databind-3.1.2.jar:3.1.2]
	at tools.jackson.databind.ser.jdk.CollectionSerializer.serialize(CollectionSerializer.java:25) ~[jackson-databind-3.1.2.jar:3.1.2]
	at tools.jackson.databind.ser.BeanPropertyWriter.serializeAsProperty(BeanPropertyWriter.java:648) ~[jackson-databind-3.1.2.jar:3.1.2]
	at tools.jackson.databind.ser.bean.BeanSerializerBase._serializePropertiesNoView(BeanSerializerBase.java:765) ~[jackson-databind-3.1.2.jar:3.1.2]
	at tools.jackson.databind.ser.BeanSerializer.serialize(BeanSerializer.java:171) ~[jackson-databind-3.1.2.jar:3.1.2]
	at tools.jackson.databind.ser.BeanPropertyWriter.serializeAsProperty(BeanPropertyWriter.java:648) ~[jackson-databind-3.1.2.jar:3.1.2]
	at tools.jackson.databind.ser.bean.BeanSerializerBase._serializePropertiesNoView(BeanSerializerBase.java:765) ~[jackson-databind-3.1.2.jar:3.1.2]
	at tools.jackson.databind.ser.BeanSerializer.serialize(BeanSerializer.java:171) ~[jackson-databind-3.1.2.jar:3.1.2]
	at tools.jackson.databind.ser.jdk.CollectionSerializer.serializeContentsImpl(CollectionSerializer.java:176) ~[jackson-databind-3.1.2.jar:3.1.2]
	at tools.jackson.databind.ser.jdk.CollectionSerializer.serialize(CollectionSerializer.java:119) ~[jackson-databind-3.1.2.jar:3.1.2]
	at tools.jackson.databind.ser.jdk.CollectionSerializer.serialize(CollectionSerializer.java:25) ~[jackson-databind-3.1.2.jar:3.1.2]
	at tools.jackson.databind.ser.BeanPropertyWriter.serializeAsProperty(BeanPropertyWriter.java:648) ~[jackson-databind-3.1.2.jar:3.1.2]
	at tools.jackson.databind.ser.bean.BeanSerializerBase._serializePropertiesNoView(BeanSerializerBase.java:765) ~[jackson-databind-3.1.2.jar:3.1.2]
	at tools.jackson.databind.ser.BeanSerializer.serialize(BeanSerializer.java:171) ~[jackson-databind-3.1.2.jar:3.1.2]
	at tools.jackson.databind.ser.BeanPropertyWriter.serializeAsProperty(BeanPropertyWriter.java:648) ~[jackson-databind-3.1.2.jar:3.1.2]
	at tools.jackson.databind.ser.bean.BeanSerializerBase._serializePropertiesNoView(BeanSerializerBase.java:765) ~[jackson-databind-3.1.2.jar:3.1.2]
	at tools.jackson.databind.ser.BeanSerializer.serialize(BeanSerializer.java:171) ~[jackson-databind-3.1.2.jar:3.1.2]
	at tools.jackson.databind.ser.jdk.CollectionSerializer.serializeContentsImpl(CollectionSerializer.java:176) ~[jackson-databind-3.1.2.jar:3.1.2]
	at tools.jackson.databind.ser.jdk.CollectionSerializer.serialize(CollectionSerializer.java:119) ~[jackson-databind-3.1.2.jar:3.1.2]
	at tools.jackson.databind.ser.jdk.CollectionSerializer.serialize(CollectionSerializer.java:25) ~[jackson-databind-3.1.2.jar:3.1.2]
	at tools.jackson.databind.ser.BeanPropertyWriter.serializeAsProperty(BeanPropertyWriter.java:648) ~[jackson-databind-3.1.2.jar:3.1.2]
	at tools.jackson.databind.ser.bean.BeanSerializerBase._serializePropertiesNoView(BeanSerializerBase.java:765) ~[jackson-databind-3.1.2.jar:3.1.2]
	at tools.jackson.databind.ser.BeanSerializer.serialize(BeanSerializer.java:171) ~[jackson-databind-3.1.2.jar:3.1.2]
	at tools.jackson.databind.ser.BeanPropertyWriter.serializeAsProperty(BeanPropertyWriter.java:648) ~[jackson-databind-3.1.2.jar:3.1.2]
	at tools.jackson.databind.ser.bean.BeanSerializerBase._serializePropertiesNoView(BeanSerializerBase.java:765) ~[jackson-databind-3.1.2.jar:3.1.2]
	at tools.jackson.databind.ser.BeanSerializer.serialize(BeanSerializer.java:171) ~[jackson-databind-3.1.2.jar:3.1.2]
	at tools.jackson.databind.ser.jdk.CollectionSerializer.serializeContentsImpl(CollectionSerializer.java:176) ~[jackson-databind-3.1.2.jar:3.1.2]
	at tools.jackson.databind.ser.jdk.CollectionSerializer.serialize(CollectionSerializer.java:119) ~[jackson-databind-3.1.2.jar:3.1.2]
	at tools.jackson.databind.ser.jdk.CollectionSerializer.serialize(CollectionSerializer.java:25) ~[jackson-databind-3.1.2.jar:3.1.2]
	at tools.jackson.databind.ser.BeanPropertyWriter.serializeAsProperty(BeanPropertyWriter.java:648) ~[jackson-databind-3.1.2.jar:3.1.2]
	at tools.jackson.databind.ser.bean.BeanSerializerBase._serializePropertiesNoView(BeanSerializerBase.java:765) ~[jackson-databind-3.1.2.jar:3.1.2]
	at tools.jackson.databind.ser.BeanSerializer.serialize(BeanSerializer.java:171) ~[jackson-databind-3.1.2.jar:3.1.2]
	at tools.jackson.databind.ser.BeanPropertyWriter.serializeAsProperty(BeanPropertyWriter.java:648) ~[jackson-databind-3.1.2.jar:3.1.2]
	at tools.jackson.databind.ser.bean.BeanSerializerBase._serializePropertiesNoView(BeanSerializerBase.java:765) ~[jackson-databind-3.1.2.jar:3.1.2]
	at tools.jackson.databind.ser.BeanSerializer.serialize(BeanSerializer.java:171) ~[jackson-databind-3.1.2.jar:3.1.2]
	at tools.jackson.databind.ser.jdk.CollectionSerializer.serializeContentsImpl(CollectionSerializer.java:176) ~[jackson-databind-3.1.2.jar:3.1.2]
	at tools.jackson.databind.ser.jdk.CollectionSerializer.serialize(CollectionSerializer.java:119) ~[jackson-databind-3.1.2.jar:3.1.2]
	at tools.jackson.databind.ser.jdk.CollectionSerializer.serialize(CollectionSerializer.java:25) ~[jackson-databind-3.1.2.jar:3.1.2]
	at tools.jackson.databind.ser.BeanPropertyWriter.serializeAsProperty(BeanPropertyWriter.java:648) ~[jackson-databind-3.1.2.jar:3.1.2]
	at tools.jackson.databind.ser.bean.BeanSerializerBase._serializePropertiesNoView(BeanSerializerBase.java:765) ~[jackson-databind-3.1.2.jar:3.1.2]
	at tools.jackson.databind.ser.BeanSerializer.serialize(BeanSerializer.java:171) ~[jackson-databind-3.1.2.jar:3.1.2]
	at tools.jackson.databind.ser.BeanPropertyWriter.serializeAsProperty(BeanPropertyWriter.java:648) ~[jackson-databind-3.1.2.jar:3.1.2]
	at tools.jackson.databind.ser.bean.BeanSerializerBase._serializePropertiesNoView(BeanSerializerBase.java:765) ~[jackson-databind-3.1.2.jar:3.1.2]
	at tools.jackson.databind.ser.BeanSerializer.serialize(BeanSerializer.java:171) ~[jackson-databind-3.1.2.jar:3.1.2]
	at tools.jackson.databind.ser.jdk.CollectionSerializer.serializeContentsImpl(CollectionSerializer.java:176) ~[jackson-databind-3.1.2.jar:3.1.2]
	at tools.jackson.databind.ser.jdk.CollectionSerializer.serialize(CollectionSerializer.java:119) ~[jackson-databind-3.1.2.jar:3.1.2]
	at tools.jackson.databind.ser.jdk.CollectionSerializer.serialize(CollectionSerializer.java:25) ~[jackson-databind-3.1.2.jar:3.1.2]
	at tools.jackson.databind.ser.BeanPropertyWriter.serializeAsProperty(BeanPropertyWriter.java:648) ~[jackson-databind-3.1.2.jar:3.1.2]
	at tools.jackson.databind.ser.bean.BeanSerializerBase._serializePropertiesNoView(BeanSerializerBase.java:765) ~[jackson-databind-3.1.2.jar:3.1.2]
	at tools.jackson.databind.ser.BeanSerializer.serialize(BeanSerializer.java:171) ~[jackson-databind-3.1.2.jar:3.1.2]
	at tools.jackson.databind.ser.BeanPropertyWriter.serializeAsProperty(BeanPropertyWriter.java:648) ~[jackson-databind-3.1.2.jar:3.1.2]
	at tools.jackson.databind.ser.bean.BeanSerializerBase._serializePropertiesNoView(BeanSerializerBase.java:765) ~[jackson-databind-3.1.2.jar:3.1.2]
	at tools.jackson.databind.ser.BeanSerializer.serialize(BeanSerializer.java:171) ~[jackson-databind-3.1.2.jar:3.1.2]
	at tools.jackson.databind.ser.jdk.CollectionSerializer.serializeContentsImpl(CollectionSerializer.java:176) ~[jackson-databind-3.1.2.jar:3.1.2]
	at tools.jackson.databind.ser.jdk.CollectionSerializer.serialize(CollectionSerializer.java:119) ~[jackson-databind-3.1.2.jar:3.1.2]
	at tools.jackson.databind.ser.jdk.CollectionSerializer.serialize(CollectionSerializer.java:25) ~[jackson-databind-3.1.2.jar:3.1.2]
	at tools.jackson.databind.ser.BeanPropertyWriter.serializeAsProperty(BeanPropertyWriter.java:648) ~[jackson-databind-3.1.2.jar:3.1.2]
	at tools.jackson.databind.ser.bean.BeanSerializerBase._serializePropertiesNoView(BeanSerializerBase.java:765) ~[jackson-databind-3.1.2.jar:3.1.2]
	at tools.jackson.databind.ser.BeanSerializer.serialize(BeanSerializer.java:171) ~[jackson-databind-3.1.2.jar:3.1.2]
	at tools.jackson.databind.ser.BeanPropertyWriter.serializeAsProperty(BeanPropertyWriter.java:648) ~[jackson-databind-3.1.2.jar:3.1.2]
	at tools.jackson.databind.ser.bean.BeanSerializerBase._serializePropertiesNoView(BeanSerializerBase.java:765) ~[jackson-databind-3.1.2.jar:3.1.2]
	at tools.jackson.databind.ser.BeanSerializer.serialize(BeanSerializer.java:171) ~[jackson-databind-3.1.2.jar:3.1.2]
	at tools.jackson.databind.ser.jdk.CollectionSerializer.serializeContentsImpl(CollectionSerializer.java:176) ~[jackson-databind-3.1.2.jar:3.1.2]
	at tools.jackson.databind.ser.jdk.CollectionSerializer.serialize(CollectionSerializer.java:119) ~[jackson-databind-3.1.2.jar:3.1.2]
	at tools.jackson.databind.ser.jdk.CollectionSerializer.serialize(CollectionSerializer.java:25) ~[jackson-databind-3.1.2.jar:3.1.2]
	at tools.jackson.databind.ser.BeanPropertyWriter.serializeAsProperty(BeanPropertyWriter.java:648) ~[jackson-databind-3.1.2.jar:3.1.2]
	at tools.jackson.databind.ser.bean.BeanSerializerBase._serializePropertiesNoView(BeanSerializerBase.java:765) ~[jackson-databind-3.1.2.jar:3.1.2]
	at tools.jackson.databind.ser.BeanSerializer.serialize(BeanSerializer.java:171) ~[jackson-databind-3.1.2.jar:3.1.2]
	at tools.jackson.databind.ser.BeanPropertyWriter.serializeAsProperty(BeanPropertyWriter.java:648) ~[jackson-databind-3.1.2.jar:3.1.2]
	at tools.jackson.databind.ser.bean.BeanSerializerBase._serializePropertiesNoView(BeanSerializerBase.java:765) ~[jackson-databind-3.1.2.jar:3.1.2]
	at tools.jackson.databind.ser.BeanSerializer.serialize(BeanSerializer.java:171) ~[jackson-databind-3.1.2.jar:3.1.2]
	at tools.jackson.databind.ser.jdk.CollectionSerializer.serializeContentsImpl(CollectionSerializer.java:176) ~[jackson-databind-3.1.2.jar:3.1.2]
	at tools.jackson.databind.ser.jdk.CollectionSerializer.serialize(CollectionSerializer.java:119) ~[jackson-databind-3.1.2.jar:3.1.2]
	at tools.jackson.databind.ser.jdk.CollectionSerializer.serialize(CollectionSerializer.java:25) ~[jackson-databind-3.1.2.jar:3.1.2]
	at tools.jackson.databind.ser.BeanPropertyWriter.serializeAsProperty(BeanPropertyWriter.java:648) ~[jackson-databind-3.1.2.jar:3.1.2]
	at tools.jackson.databind.ser.bean.BeanSerializerBase._serializePropertiesNoView(BeanSerializerBase.java:765) ~[jackson-databind-3.1.2.jar:3.1.2]
	at tools.jackson.databind.ser.BeanSerializer.serialize(BeanSerializer.java:171) ~[jackson-databind-3.1.2.jar:3.1.2]
	at tools.jackson.databind.ser.BeanPropertyWriter.serializeAsProperty(BeanPropertyWriter.java:648) ~[jackson-databind-3.1.2.jar:3.1.2]
	at tools.jackson.databind.ser.bean.BeanSerializerBase._serializePropertiesNoView(BeanSerializerBase.java:765) ~[jackson-databind-3.1.2.jar:3.1.2]
	at tools.jackson.databind.ser.BeanSerializer.serialize(BeanSerializer.java:171) ~[jackson-databind-3.1.2.jar:3.1.2]
	at tools.jackson.databind.ser.jdk.CollectionSerializer.serializeContentsImpl(CollectionSerializer.java:176) ~[jackson-databind-3.1.2.jar:3.1.2]
	at tools.jackson.databind.ser.jdk.CollectionSerializer.serialize(CollectionSerializer.java:119) ~[jackson-databind-3.1.2.jar:3.1.2]
	at tools.jackson.databind.ser.jdk.CollectionSerializer.serialize(CollectionSerializer.java:25) ~[jackson-databind-3.1.2.jar:3.1.2]
	at tools.jackson.databind.ser.BeanPropertyWriter.serializeAsProperty(BeanPropertyWriter.java:648) ~[jackson-databind-3.1.2.jar:3.1.2]
	at tools.jackson.databind.ser.bean.BeanSerializerBase._serializePropertiesNoView(BeanSerializerBase.java:765) ~[jackson-databind-3.1.2.jar:3.1.2]
	at tools.jackson.databind.ser.BeanSerializer.serialize(BeanSerializer.java:171) ~[jackson-databind-3.1.2.jar:3.1.2]
	at tools.jackson.databind.ser.BeanPropertyWriter.serializeAsProperty(BeanPropertyWriter.java:648) ~[jackson-databind-3.1.2.jar:3.1.2]
	at tools.jackson.databind.ser.bean.BeanSerializerBase._serializePropertiesNoView(BeanSerializerBase.java:765) ~[jackson-databind-3.1.2.jar:3.1.2]
	at tools.jackson.databind.ser.BeanSerializer.serialize(BeanSerializer.java:171) ~[jackson-databind-3.1.2.jar:3.1.2]
	at tools.jackson.databind.ser.jdk.CollectionSerializer.serializeContentsImpl(CollectionSerializer.java:176) ~[jackson-databind-3.1.2.jar:3.1.2]
	at tools.jackson.databind.ser.jdk.CollectionSerializer.serialize(CollectionSerializer.java:119) ~[jackson-databind-3.1.2.jar:3.1.2]
	at tools.jackson.databind.ser.jdk.CollectionSerializer.serialize(CollectionSerializer.java:25) ~[jackson-databind-3.1.2.jar:3.1.2]
	at tools.jackson.databind.ser.BeanPropertyWriter.serializeAsProperty(BeanPropertyWriter.java:648) ~[jackson-databind-3.1.2.jar:3.1.2]
	at tools.jackson.databind.ser.bean.BeanSerializerBase._serializePropertiesNoView(BeanSerializerBase.java:765) ~[jackson-databind-3.1.2.jar:3.1.2]
	at tools.jackson.databind.ser.BeanSerializer.serialize(BeanSerializer.java:171) ~[jackson-databind-3.1.2.jar:3.1.2]
	at tools.jackson.databind.ser.BeanPropertyWriter.serializeAsProperty(BeanPropertyWriter.java:648) ~[jackson-databind-3.1.2.jar:3.1.2]
	at tools.jackson.databind.ser.bean.BeanSerializerBase._serializePropertiesNoView(BeanSerializerBase.java:765) ~[jackson-databind-3.1.2.jar:3.1.2]
	at tools.jackson.databind.ser.BeanSerializer.serialize(BeanSerializer.java:171) ~[jackson-databind-3.1.2.jar:3.1.2]
	at tools.jackson.databind.ser.jdk.CollectionSerializer.serializeContentsImpl(CollectionSerializer.java:176) ~[jackson-databind-3.1.2.jar:3.1.2]
	at tools.jackson.databind.ser.jdk.CollectionSerializer.serialize(CollectionSerializer.java:119) ~[jackson-databind-3.1.2.jar:3.1.2]
	at tools.jackson.databind.ser.jdk.CollectionSerializer.serialize(CollectionSerializer.java:25) ~[jackson-databind-3.1.2.jar:3.1.2]
	at tools.jackson.databind.ser.BeanPropertyWriter.serializeAsProperty(BeanPropertyWriter.java:648) ~[jackson-databind-3.1.2.jar:3.1.2]
	at tools.jackson.databind.ser.bean.BeanSerializerBase._serializePropertiesNoView(BeanSerializerBase.java:765) ~[jackson-databind-3.1.2.jar:3.1.2]
	at tools.jackson.databind.ser.BeanSerializer.serialize(BeanSerializer.java:171) ~[jackson-databind-3.1.2.jar:3.1.2]
	at tools.jackson.databind.ser.BeanPropertyWriter.serializeAsProperty(BeanPropertyWriter.java:648) ~[jackson-databind-3.1.2.jar:3.1.2]
	at tools.jackson.databind.ser.bean.BeanSerializerBase._serializePropertiesNoView(BeanSerializerBase.java:765) ~[jackson-databind-3.1.2.jar:3.1.2]
	at tools.jackson.databind.ser.BeanSerializer.serialize(BeanSerializer.java:171) ~[jackson-databind-3.1.2.jar:3.1.2]
	at tools.jackson.databind.ser.jdk.CollectionSerializer.serializeContentsImpl(CollectionSerializer.java:176) ~[jackson-databind-3.1.2.jar:3.1.2]
	at tools.jackson.databind.ser.jdk.CollectionSerializer.serialize(CollectionSerializer.java:119) ~[jackson-databind-3.1.2.jar:3.1.2]
	at tools.jackson.databind.ser.jdk.CollectionSerializer.serialize(CollectionSerializer.java:25) ~[jackson-databind-3.1.2.jar:3.1.2]
	at tools.jackson.databind.ser.BeanPropertyWriter.serializeAsProperty(BeanPropertyWriter.java:648) ~[jackson-databind-3.1.2.jar:3.1.2]
	at tools.jackson.databind.ser.bean.BeanSerializerBase._serializePropertiesNoView(BeanSerializerBase.java:765) ~[jackson-databind-3.1.2.jar:3.1.2]
	at tools.jackson.databind.ser.BeanSerializer.serialize(BeanSerializer.java:171) ~[jackson-databind-3.1.2.jar:3.1.2]
	at tools.jackson.databind.ser.BeanPropertyWriter.serializeAsProperty(BeanPropertyWriter.java:648) ~[jackson-databind-3.1.2.jar:3.1.2]
	at tools.jackson.databind.ser.bean.BeanSerializerBase._serializePropertiesNoView(BeanSerializerBase.java:765) ~[jackson-databind-3.1.2.jar:3.1.2]
	at tools.jackson.databind.ser.BeanSerializer.serialize(BeanSerializer.java:171) ~[jackson-databind-3.1.2.jar:3.1.2]
	at tools.jackson.databind.ser.jdk.CollectionSerializer.serializeContentsImpl(CollectionSerializer.java:176) ~[jackson-databind-3.1.2.jar:3.1.2]
	at tools.jackson.databind.ser.jdk.CollectionSerializer.serialize(CollectionSerializer.java:119) ~[jackson-databind-3.1.2.jar:3.1.2]
	at tools.jackson.databind.ser.jdk.CollectionSerializer.serialize(CollectionSerializer.java:25) ~[jackson-databind-3.1.2.jar:3.1.2]
	at tools.jackson.databind.ser.BeanPropertyWriter.serializeAsProperty(BeanPropertyWriter.java:648) ~[jackson-databind-3.1.2.jar:3.1.2]
	at tools.jackson.databind.ser.bean.BeanSerializerBase._serializePropertiesNoView(BeanSerializerBase.java:765) ~[jackson-databind-3.1.2.jar:3.1.2]
	at tools.jackson.databind.ser.BeanSerializer.serialize(BeanSerializer.java:171) ~[jackson-databind-3.1.2.jar:3.1.2]
	at tools.jackson.databind.ser.BeanPropertyWriter.serializeAsProperty(BeanPropertyWriter.java:648) ~[jackson-databind-3.1.2.jar:3.1.2]
	at tools.jackson.databind.ser.bean.BeanSerializerBase._serializePropertiesNoView(BeanSerializerBase.java:765) ~[jackson-databind-3.1.2.jar:3.1.2]
	at tools.jackson.databind.ser.BeanSerializer.serialize(BeanSerializer.java:171) ~[jackson-databind-3.1.2.jar:3.1.2]
	at tools.jackson.databind.ser.jdk.CollectionSerializer.serializeContentsImpl(CollectionSerializer.java:176) ~[jackson-databind-3.1.2.jar:3.1.2]
	at tools.jackson.databind.ser.jdk.CollectionSerializer.serialize(CollectionSerializer.java:119) ~[jackson-databind-3.1.2.jar:3.1.2]
	at tools.jackson.databind.ser.jdk.CollectionSerializer.serialize(CollectionSerializer.java:25) ~[jackson-databind-3.1.2.jar:3.1.2]
	at tools.jackson.databind.ser.BeanPropertyWriter.serializeAsProperty(BeanPropertyWriter.java:648) ~[jackson-databind-3.1.2.jar:3.1.2]
	at tools.jackson.databind.ser.bean.BeanSerializerBase._serializePropertiesNoView(BeanSerializerBase.java:765) ~[jackson-databind-3.1.2.jar:3.1.2]
	at tools.jackson.databind.ser.BeanSerializer.serialize(BeanSerializer.java:171) ~[jackson-databind-3.1.2.jar:3.1.2]
	at tools.jackson.databind.ser.BeanPropertyWriter.serializeAsProperty(BeanPropertyWriter.java:648) ~[jackson-databind-3.1.2.jar:3.1.2]
	at tools.jackson.databind.ser.bean.BeanSerializerBase._serializePropertiesNoView(BeanSerializerBase.java:765) ~[jackson-databind-3.1.2.jar:3.1.2]
	at tools.jackson.databind.ser.BeanSerializer.serialize(BeanSerializer.java:171) ~[jackson-databind-3.1.2.jar:3.1.2]
	at tools.jackson.databind.ser.jdk.CollectionSerializer.serializeContentsImpl(CollectionSerializer.java:176) ~[jackson-databind-3.1.2.jar:3.1.2]
	at tools.jackson.databind.ser.jdk.CollectionSerializer.serialize(CollectionSerializer.java:119) ~[jackson-databind-3.1.2.jar:3.1.2]
	at tools.jackson.databind.ser.jdk.CollectionSerializer.serialize(CollectionSerializer.java:25) ~[jackson-databind-3.1.2.jar:3.1.2]
	at tools.jackson.databind.ser.BeanPropertyWriter.serializeAsProperty(BeanPropertyWriter.java:648) ~[jackson-databind-3.1.2.jar:3.1.2]
	at tools.jackson.databind.ser.bean.BeanSerializerBase._serializePropertiesNoView(BeanSerializerBase.java:765) ~[jackson-databind-3.1.2.jar:3.1.2]
	at tools.jackson.databind.ser.BeanSerializer.serialize(BeanSerializer.java:171) ~[jackson-databind-3.1.2.jar:3.1.2]
	at tools.jackson.databind.ser.BeanPropertyWriter.serializeAsProperty(BeanPropertyWriter.java:648) ~[jackson-databind-3.1.2.jar:3.1.2]
	at tools.jackson.databind.ser.bean.BeanSerializerBase._serializePropertiesNoView(BeanSerializerBase.java:765) ~[jackson-databind-3.1.2.jar:3.1.2]
	at tools.jackson.databind.ser.BeanSerializer.serialize(BeanSerializer.java:171) ~[jackson-databind-3.1.2.jar:3.1.2]
	at tools.jackson.databind.ser.jdk.CollectionSerializer.serializeContentsImpl(CollectionSerializer.java:176) ~[jackson-databind-3.1.2.jar:3.1.2]
	at tools.jackson.databind.ser.jdk.CollectionSerializer.serialize(CollectionSerializer.java:119) ~[jackson-databind-3.1.2.jar:3.1.2]
	at tools.jackson.databind.ser.jdk.CollectionSerializer.serialize(CollectionSerializer.java:25) ~[jackson-databind-3.1.2.jar:3.1.2]
	at tools.jackson.databind.ser.BeanPropertyWriter.serializeAsProperty(BeanPropertyWriter.java:648) ~[jackson-databind-3.1.2.jar:3.1.2]
	at tools.jackson.databind.ser.bean.BeanSerializerBase._serializePropertiesNoView(BeanSerializerBase.java:765) ~[jackson-databind-3.1.2.jar:3.1.2]
	at tools.jackson.databind.ser.BeanSerializer.serialize(BeanSerializer.java:171) ~[jackson-databind-3.1.2.jar:3.1.2]
	at tools.jackson.databind.ser.BeanPropertyWriter.serializeAsProperty(BeanPropertyWriter.java:648) ~[jackson-databind-3.1.2.jar:3.1.2]
	at tools.jackson.databind.ser.bean.BeanSerializerBase._serializePropertiesNoView(BeanSerializerBase.java:765) ~[jackson-databind-3.1.2.jar:3.1.2]
	at tools.jackson.databind.ser.BeanSerializer.serialize(BeanSerializer.java:171) ~[jackson-databind-3.1.2.jar:3.1.2]
	at tools.jackson.databind.ser.jdk.CollectionSerializer.serializeContentsImpl(CollectionSerializer.java:176) ~[jackson-databind-3.1.2.jar:3.1.2]
	at tools.jackson.databind.ser.jdk.CollectionSerializer.serialize(CollectionSerializer.java:119) ~[jackson-databind-3.1.2.jar:3.1.2]
	at tools.jackson.databind.ser.jdk.CollectionSerializer.serialize(CollectionSerializer.java:25) ~[jackson-databind-3.1.2.jar:3.1.2]
	at tools.jackson.databind.ser.BeanPropertyWriter.serializeAsProperty(BeanPropertyWriter.java:648) ~[jackson-databind-3.1.2.jar:3.1.2]
	at tools.jackson.databind.ser.bean.BeanSerializerBase._serializePropertiesNoView(BeanSerializerBase.java:765) ~[jackson-databind-3.1.2.jar:3.1.2]
	at tools.jackson.databind.ser.BeanSerializer.serialize(BeanSerializer.java:171) ~[jackson-databind-3.1.2.jar:3.1.2]
	at tools.jackson.databind.ser.BeanPropertyWriter.serializeAsProperty(BeanPropertyWriter.java:648) ~[jackson-databind-3.1.2.jar:3.1.2]
	at tools.jackson.databind.ser.bean.BeanSerializerBase._serializePropertiesNoView(BeanSerializerBase.java:765) ~[jackson-databind-3.1.2.jar:3.1.2]
	at tools.jackson.databind.ser.BeanSerializer.serialize(BeanSerializer.java:171) ~[jackson-databind-3.1.2.jar:3.1.2]
	at tools.jackson.databind.ser.jdk.CollectionSerializer.serializeContentsImpl(CollectionSerializer.java:176) ~[jackson-databind-3.1.2.jar:3.1.2]
	at tools.jackson.databind.ser.jdk.CollectionSerializer.serialize(CollectionSerializer.java:119) ~[jackson-databind-3.1.2.jar:3.1.2]
	at tools.jackson.databind.ser.jdk.CollectionSerializer.serialize(CollectionSerializer.java:25) ~[jackson-databind-3.1.2.jar:3.1.2]
	at tools.jackson.databind.ser.BeanPropertyWriter.serializeAsProperty(BeanPropertyWriter.java:648) ~[jackson-databind-3.1.2.jar:3.1.2]
	at tools.jackson.databind.ser.bean.BeanSerializerBase._serializePropertiesNoView(BeanSerializerBase.java:765) ~[jackson-databind-3.1.2.jar:3.1.2]
	at tools.jackson.databind.ser.BeanSerializer.serialize(BeanSerializer.java:171) ~[jackson-databind-3.1.2.jar:3.1.2]
	at tools.jackson.databind.ser.BeanPropertyWriter.serializeAsProperty(BeanPropertyWriter.java:648) ~[jackson-databind-3.1.2.jar:3.1.2]
	at tools.jackson.databind.ser.bean.BeanSerializerBase._serializePropertiesNoView(BeanSerializerBase.java:765) ~[jackson-databind-3.1.2.jar:3.1.2]
	at tools.jackson.databind.ser.BeanSerializer.serialize(BeanSerializer.java:171) ~[jackson-databind-3.1.2.jar:3.1.2]
	at tools.jackson.databind.ser.jdk.CollectionSerializer.serializeContentsImpl(CollectionSerializer.java:176) ~[jackson-databind-3.1.2.jar:3.1.2]
	at tools.jackson.databind.ser.jdk.CollectionSerializer.serialize(CollectionSerializer.java:119) ~[jackson-databind-3.1.2.jar:3.1.2]
	at tools.jackson.databind.ser.jdk.CollectionSerializer.serialize(CollectionSerializer.java:25) ~[jackson-databind-3.1.2.jar:3.1.2]
	at tools.jackson.databind.ser.BeanPropertyWriter.serializeAsProperty(BeanPropertyWriter.java:648) ~[jackson-databind-3.1.2.jar:3.1.2]
	at tools.jackson.databind.ser.bean.BeanSerializerBase._serializePropertiesNoView(BeanSerializerBase.java:765) ~[jackson-databind-3.1.2.jar:3.1.2]
	at tools.jackson.databind.ser.BeanSerializer.serialize(BeanSerializer.java:171) ~[jackson-databind-3.1.2.jar:3.1.2]
	at tools.jackson.databind.ser.BeanPropertyWriter.serializeAsProperty(BeanPropertyWriter.java:648) ~[jackson-databind-3.1.2.jar:3.1.2]
	at tools.jackson.databind.ser.bean.BeanSerializerBase._serializePropertiesNoView(BeanSerializerBase.java:765) ~[jackson-databind-3.1.2.jar:3.1.2]
	at tools.jackson.databind.ser.BeanSerializer.serialize(BeanSerializer.java:171) ~[jackson-databind-3.1.2.jar:3.1.2]
	at tools.jackson.databind.ser.jdk.CollectionSerializer.serializeContentsImpl(CollectionSerializer.java:176) ~[jackson-databind-3.1.2.jar:3.1.2]
	at tools.jackson.databind.ser.jdk.CollectionSerializer.serialize(CollectionSerializer.java:119) ~[jackson-databind-3.1.2.jar:3.1.2]
	at tools.jackson.databind.ser.jdk.CollectionSerializer.serialize(CollectionSerializer.java:25) ~[jackson-databind-3.1.2.jar:3.1.2]
	at tools.jackson.databind.ser.BeanPropertyWriter.serializeAsProperty(BeanPropertyWriter.java:648) ~[jackson-databind-3.1.2.jar:3.1.2]
	at tools.jackson.databind.ser.bean.BeanSerializerBase._serializePropertiesNoView(BeanSerializerBase.java:765) ~[jackson-databind-3.1.2.jar:3.1.2]
	at tools.jackson.databind.ser.BeanSerializer.serialize(BeanSerializer.java:171) ~[jackson-databind-3.1.2.jar:3.1.2]
	at tools.jackson.databind.ser.BeanPropertyWriter.serializeAsProperty(BeanPropertyWriter.java:648) ~[jackson-databind-3.1.2.jar:3.1.2]
	at tools.jackson.databind.ser.bean.BeanSerializerBase._serializePropertiesNoView(BeanSerializerBase.java:765) ~[jackson-databind-3.1.2.jar:3.1.2]
	at tools.jackson.databind.ser.BeanSerializer.serialize(BeanSerializer.java:171) ~[jackson-databind-3.1.2.jar:3.1.2]
	at tools.jackson.databind.ser.jdk.CollectionSerializer.serializeContentsImpl(CollectionSerializer.java:176) ~[jackson-databind-3.1.2.jar:3.1.2]
	at tools.jackson.databind.ser.jdk.CollectionSerializer.serialize(CollectionSerializer.java:119) ~[jackson-databind-3.1.2.jar:3.1.2]
	at tools.jackson.databind.ser.jdk.CollectionSerializer.serialize(CollectionSerializer.java:25) ~[jackson-databind-3.1.2.jar:3.1.2]
	at tools.jackson.databind.ser.BeanPropertyWriter.serializeAsProperty(BeanPropertyWriter.java:648) ~[jackson-databind-3.1.2.jar:3.1.2]
	at tools.jackson.databind.ser.bean.BeanSerializerBase._serializePropertiesNoView(BeanSerializerBase.java:765) ~[jackson-databind-3.1.2.jar:3.1.2]
	at tools.jackson.databind.ser.BeanSerializer.serialize(BeanSerializer.java:171) ~[jackson-databind-3.1.2.jar:3.1.2]
	at tools.jackson.databind.ser.BeanPropertyWriter.serializeAsProperty(BeanPropertyWriter.java:648) ~[jackson-databind-3.1.2.jar:3.1.2]
	at tools.jackson.databind.ser.bean.BeanSerializerBase._serializePropertiesNoView(BeanSerializerBase.java:765) ~[jackson-databind-3.1.2.jar:3.1.2]
	at tools.jackson.databind.ser.BeanSerializer.serialize(BeanSerializer.java:171) ~[jackson-databind-3.1.2.jar:3.1.2]
	at tools.jackson.databind.ser.jdk.CollectionSerializer.serializeContentsImpl(CollectionSerializer.java:176) ~[jackson-databind-3.1.2.jar:3.1.2]
	at tools.jackson.databind.ser.jdk.CollectionSerializer.serialize(CollectionSerializer.java:119) ~[jackson-databind-3.1.2.jar:3.1.2]
	at tools.jackson.databind.ser.jdk.CollectionSerializer.serialize(CollectionSerializer.java:25) ~[jackson-databind-3.1.2.jar:3.1.2]
	at tools.jackson.databind.ser.BeanPropertyWriter.serializeAsProperty(BeanPropertyWriter.java:648) ~[jackson-databind-3.1.2.jar:3.1.2]
	at tools.jackson.databind.ser.bean.BeanSerializerBase._serializePropertiesNoView(BeanSerializerBase.java:765) ~[jackson-databind-3.1.2.jar:3.1.2]
	at tools.jackson.databind.ser.BeanSerializer.serialize(BeanSerializer.java:171) ~[jackson-databind-3.1.2.jar:3.1.2]
	at tools.jackson.databind.ser.BeanPropertyWriter.serializeAsProperty(BeanPropertyWriter.java:648) ~[jackson-databind-3.1.2.jar:3.1.2]
	at tools.jackson.databind.ser.bean.BeanSerializerBase._serializePropertiesNoView(BeanSerializerBase.java:765) ~[jackson-databind-3.1.2.jar:3.1.2]
	at tools.jackson.databind.ser.BeanSerializer.serialize(BeanSerializer.java:171) ~[jackson-databind-3.1.2.jar:3.1.2]
	at tools.jackson.databind.ser.jdk.CollectionSerializer.serializeContentsImpl(CollectionSerializer.java:176) ~[jackson-databind-3.1.2.jar:3.1.2]
	at tools.jackson.databind.ser.jdk.CollectionSerializer.serialize(CollectionSerializer.java:119) ~[jackson-databind-3.1.2.jar:3.1.2]
	at tools.jackson.databind.ser.jdk.CollectionSerializer.serialize(CollectionSerializer.java:25) ~[jackson-databind-3.1.2.jar:3.1.2]
	at tools.jackson.databind.ser.BeanPropertyWriter.serializeAsProperty(BeanPropertyWriter.java:648) ~[jackson-databind-3.1.2.jar:3.1.2]
	at tools.jackson.databind.ser.bean.BeanSerializerBase._serializePropertiesNoView(BeanSerializerBase.java:765) ~[jackson-databind-3.1.2.jar:3.1.2]
	at tools.jackson.databind.ser.BeanSerializer.serialize(BeanSerializer.java:171) ~[jackson-databind-3.1.2.jar:3.1.2]
	at tools.jackson.databind.ser.BeanPropertyWriter.serializeAsProperty(BeanPropertyWriter.java:648) ~[jackson-databind-3.1.2.jar:3.1.2]
	at tools.jackson.databind.ser.bean.BeanSerializerBase._serializePropertiesNoView(BeanSerializerBase.java:765) ~[jackson-databind-3.1.2.jar:3.1.2]
	at tools.jackson.databind.ser.BeanSerializer.serialize(BeanSerializer.java:171) ~[jackson-databind-3.1.2.jar:3.1.2]
	at tools.jackson.databind.ser.jdk.CollectionSerializer.serializeContentsImpl(CollectionSerializer.java:176) ~[jackson-databind-3.1.2.jar:3.1.2]
	at tools.jackson.databind.ser.jdk.CollectionSerializer.serialize(CollectionSerializer.java:119) ~[jackson-databind-3.1.2.jar:3.1.2]
	at tools.jackson.databind.ser.jdk.CollectionSerializer.serialize(CollectionSerializer.java:25) ~[jackson-databind-3.1.2.jar:3.1.2]
	at tools.jackson.databind.ser.BeanPropertyWriter.serializeAsProperty(BeanPropertyWriter.java:648) ~[jackson-databind-3.1.2.jar:3.1.2]
	at tools.jackson.databind.ser.bean.BeanSerializerBase._serializePropertiesNoView(BeanSerializerBase.java:765) ~[jackson-databind-3.1.2.jar:3.1.2]
	at tools.jackson.databind.ser.BeanSerializer.serialize(BeanSerializer.java:171) ~[jackson-databind-3.1.2.jar:3.1.2]
	at tools.jackson.databind.ser.BeanPropertyWriter.serializeAsProperty(BeanPropertyWriter.java:648) ~[jackson-databind-3.1.2.jar:3.1.2]
	at tools.jackson.databind.ser.bean.BeanSerializerBase._serializePropertiesNoView(BeanSerializerBase.java:765) ~[jackson-databind-3.1.2.jar:3.1.2]
	at tools.jackson.databind.ser.BeanSerializer.serialize(BeanSerializer.java:171) ~[jackson-databind-3.1.2.jar:3.1.2]
	at tools.jackson.databind.ser.jdk.CollectionSerializer.serializeContentsImpl(CollectionSerializer.java:176) ~[jackson-databind-3.1.2.jar:3.1.2]
	at tools.jackson.databind.ser.jdk.CollectionSerializer.serialize(CollectionSerializer.java:119) ~[jackson-databind-3.1.2.jar:3.1.2]
	at tools.jackson.databind.ser.jdk.CollectionSerializer.serialize(CollectionSerializer.java:25) ~[jackson-databind-3.1.2.jar:3.1.2]
	at tools.jackson.databind.ser.BeanPropertyWriter.serializeAsProperty(BeanPropertyWriter.java:648) ~[jackson-databind-3.1.2.jar:3.1.2]
	at tools.jackson.databind.ser.bean.BeanSerializerBase._serializePropertiesNoView(BeanSerializerBase.java:765) ~[jackson-databind-3.1.2.jar:3.1.2]
	at tools.jackson.databind.ser.BeanSerializer.serialize(BeanSerializer.java:171) ~[jackson-databind-3.1.2.jar:3.1.2]
	at tools.jackson.databind.ser.BeanPropertyWriter.serializeAsProperty(BeanPropertyWriter.java:648) ~[jackson-databind-3.1.2.jar:3.1.2]
	at tools.jackson.databind.ser.bean.BeanSerializerBase._serializePropertiesNoView(BeanSerializerBase.java:765) ~[jackson-databind-3.1.2.jar:3.1.2]
	at tools.jackson.databind.ser.BeanSerializer.serialize(BeanSerializer.java:171) ~[jackson-databind-3.1.2.jar:3.1.2]
	at tools.jackson.databind.ser.jdk.CollectionSerializer.serializeContentsImpl(CollectionSerializer.java:176) ~[jackson-databind-3.1.2.jar:3.1.2]
	at tools.jackson.databind.ser.jdk.CollectionSerializer.serialize(CollectionSerializer.java:119) ~[jackson-databind-3.1.2.jar:3.1.2]
	at tools.jackson.databind.ser.jdk.CollectionSerializer.serialize(CollectionSerializer.java:25) ~[jackson-databind-3.1.2.jar:3.1.2]
	at tools.jackson.databind.ser.BeanPropertyWriter.serializeAsProperty(BeanPropertyWriter.java:648) ~[jackson-databind-3.1.2.jar:3.1.2]
	at tools.jackson.databind.ser.bean.BeanSerializerBase._serializePropertiesNoView(BeanSerializerBase.java:765) ~[jackson-databind-3.1.2.jar:3.1.2]
	at tools.jackson.databind.ser.BeanSerializer.serialize(BeanSerializer.java:171) ~[jackson-databind-3.1.2.jar:3.1.2]
	at tools.jackson.databind.ser.BeanPropertyWriter.serializeAsProperty(BeanPropertyWriter.java:648) ~[jackson-databind-3.1.2.jar:3.1.2]
	at tools.jackson.databind.ser.bean.BeanSerializerBase._serializePropertiesNoView(BeanSerializerBase.java:765) ~[jackson-databind-3.1.2.jar:3.1.2]
	at tools.jackson.databind.ser.BeanSerializer.serialize(BeanSerializer.java:171) ~[jackson-databind-3.1.2.jar:3.1.2]
	at tools.jackson.databind.ser.jdk.CollectionSerializer.serializeContentsImpl(CollectionSerializer.java:176) ~[jackson-databind-3.1.2.jar:3.1.2]
	at tools.jackson.databind.ser.jdk.CollectionSerializer.serialize(CollectionSerializer.java:119) ~[jackson-databind-3.1.2.jar:3.1.2]
	at tools.jackson.databind.ser.jdk.CollectionSerializer.serialize(CollectionSerializer.java:25) ~[jackson-databind-3.1.2.jar:3.1.2]
	at tools.jackson.databind.ser.BeanPropertyWriter.serializeAsProperty(BeanPropertyWriter.java:648) ~[jackson-databind-3.1.2.jar:3.1.2]
	at tools.jackson.databind.ser.bean.BeanSerializerBase._serializePropertiesNoView(BeanSerializerBase.java:765) ~[jackson-databind-3.1.2.jar:3.1.2]
	at tools.jackson.databind.ser.BeanSerializer.serialize(BeanSerializer.java:171) ~[jackson-databind-3.1.2.jar:3.1.2]
	at tools.jackson.databind.ser.BeanPropertyWriter.serializeAsProperty(BeanPropertyWriter.java:648) ~[jackson-databind-3.1.2.jar:3.1.2]
	at tools.jackson.databind.ser.bean.BeanSerializerBase._serializePropertiesNoView(BeanSerializerBase.java:765) ~[jackson-databind-3.1.2.jar:3.1.2]
	at tools.jackson.databind.ser.BeanSerializer.serialize(BeanSerializer.java:171) ~[jackson-databind-3.1.2.jar:3.1.2]
	at tools.jackson.databind.ser.jdk.CollectionSerializer.serializeContentsImpl(CollectionSerializer.java:176) ~[jackson-databind-3.1.2.jar:3.1.2]
	at tools.jackson.databind.ser.jdk.CollectionSerializer.serialize(CollectionSerializer.java:119) ~[jackson-databind-3.1.2.jar:3.1.2]
	at tools.jackson.databind.ser.jdk.CollectionSerializer.serialize(CollectionSerializer.java:25) ~[jackson-databind-3.1.2.jar:3.1.2]
	at tools.jackson.databind.ser.BeanPropertyWriter.serializeAsProperty(BeanPropertyWriter.java:648) ~[jackson-databind-3.1.2.jar:3.1.2]
	at tools.jackson.databind.ser.bean.BeanSerializerBase._serializePropertiesNoView(BeanSerializerBase.java:765) ~[jackson-databind-3.1.2.jar:3.1.2]
	at tools.jackson.databind.ser.BeanSerializer.serialize(BeanSerializer.java:171) ~[jackson-databind-3.1.2.jar:3.1.2]
	at tools.jackson.databind.ser.BeanPropertyWriter.serializeAsProperty(BeanPropertyWriter.java:648) ~[jackson-databind-3.1.2.jar:3.1.2]
	at tools.jackson.databind.ser.bean.BeanSerializerBase._serializePropertiesNoView(BeanSerializerBase.java:765) ~[jackson-databind-3.1.2.jar:3.1.2]
	at tools.jackson.databind.ser.BeanSerializer.serialize(BeanSerializer.java:171) ~[jackson-databind-3.1.2.jar:3.1.2]
	at tools.jackson.databind.ser.jdk.CollectionSerializer.serializeContentsImpl(CollectionSerializer.java:176) ~[jackson-databind-3.1.2.jar:3.1.2]
	at tools.jackson.databind.ser.jdk.CollectionSerializer.serialize(CollectionSerializer.java:119) ~[jackson-databind-3.1.2.jar:3.1.2]
	at tools.jackson.databind.ser.jdk.CollectionSerializer.serialize(CollectionSerializer.java:25) ~[jackson-databind-3.1.2.jar:3.1.2]
	at tools.jackson.databind.ser.BeanPropertyWriter.serializeAsProperty(BeanPropertyWriter.java:648) ~[jackson-databind-3.1.2.jar:3.1.2]
	at tools.jackson.databind.ser.bean.BeanSerializerBase._serializePropertiesNoView(BeanSerializerBase.java:765) ~[jackson-databind-3.1.2.jar:3.1.2]
	at tools.jackson.databind.ser.BeanSerializer.serialize(BeanSerializer.java:171) ~[jackson-databind-3.1.2.jar:3.1.2]
	at tools.jackson.databind.ser.BeanPropertyWriter.serializeAsProperty(BeanPropertyWriter.java:648) ~[jackson-databind-3.1.2.jar:3.1.2]
	at tools.jackson.databind.ser.bean.BeanSerializerBase._serializePropertiesNoView(BeanSerializerBase.java:765) ~[jackson-databind-3.1.2.jar:3.1.2]
	at tools.jackson.databind.ser.BeanSerializer.serialize(BeanSerializer.java:171) ~[jackson-databind-3.1.2.jar:3.1.2]
	at tools.jackson.databind.ser.jdk.CollectionSerializer.serializeContentsImpl(CollectionSerializer.java:176) ~[jackson-databind-3.1.2.jar:3.1.2]
	at tools.jackson.databind.ser.jdk.CollectionSerializer.serialize(CollectionSerializer.java:119) ~[jackson-databind-3.1.2.jar:3.1.2]
	at tools.jackson.databind.ser.jdk.CollectionSerializer.serialize(CollectionSerializer.java:25) ~[jackson-databind-3.1.2.jar:3.1.2]
	at tools.jackson.databind.ser.BeanPropertyWriter.serializeAsProperty(BeanPropertyWriter.java:648) ~[jackson-databind-3.1.2.jar:3.1.2]
	at tools.jackson.databind.ser.bean.BeanSerializerBase._serializePropertiesNoView(BeanSerializerBase.java:765) ~[jackson-databind-3.1.2.jar:3.1.2]
	at tools.jackson.databind.ser.BeanSerializer.serialize(BeanSerializer.java:171) ~[jackson-databind-3.1.2.jar:3.1.2]
	at tools.jackson.databind.ser.BeanPropertyWriter.serializeAsProperty(BeanPropertyWriter.java:648) ~[jackson-databind-3.1.2.jar:3.1.2]
	at tools.jackson.databind.ser.bean.BeanSerializerBase._serializePropertiesNoView(BeanSerializerBase.java:765) ~[jackson-databind-3.1.2.jar:3.1.2]
	at tools.jackson.databind.ser.BeanSerializer.serialize(BeanSerializer.java:171) ~[jackson-databind-3.1.2.jar:3.1.2]
	at tools.jackson.databind.ser.jdk.CollectionSerializer.serializeContentsImpl(CollectionSerializer.java:176) ~[jackson-databind-3.1.2.jar:3.1.2]
	at tools.jackson.databind.ser.jdk.CollectionSerializer.serialize(CollectionSerializer.java:119) ~[jackson-databind-3.1.2.jar:3.1.2]
	at tools.jackson.databind.ser.jdk.CollectionSerializer.serialize(CollectionSerializer.java:25) ~[jackson-databind-3.1.2.jar:3.1.2]
	at tools.jackson.databind.ser.BeanPropertyWriter.serializeAsProperty(BeanPropertyWriter.java:648) ~[jackson-databind-3.1.2.jar:3.1.2]
	at tools.jackson.databind.ser.bean.BeanSerializerBase._serializePropertiesNoView(BeanSerializerBase.java:765) ~[jackson-databind-3.1.2.jar:3.1.2]
	at tools.jackson.databind.ser.BeanSerializer.serialize(BeanSerializer.java:171) ~[jackson-databind-3.1.2.jar:3.1.2]
	at tools.jackson.databind.ser.BeanPropertyWriter.serializeAsProperty(BeanPropertyWriter.java:648) ~[jackson-databind-3.1.2.jar:3.1.2]
	at tools.jackson.databind.ser.bean.BeanSerializerBase._serializePropertiesNoView(BeanSerializerBase.java:765) ~[jackson-databind-3.1.2.jar:3.1.2]
	at tools.jackson.databind.ser.BeanSerializer.serialize(BeanSerializer.java:171) ~[jackson-databind-3.1.2.jar:3.1.2]
	at tools.jackson.databind.ser.jdk.CollectionSerializer.serializeContentsImpl(CollectionSerializer.java:176) ~[jackson-databind-3.1.2.jar:3.1.2]
	at tools.jackson.databind.ser.jdk.CollectionSerializer.serialize(CollectionSerializer.java:119) ~[jackson-databind-3.1.2.jar:3.1.2]
	at tools.jackson.databind.ser.jdk.CollectionSerializer.serialize(CollectionSerializer.java:25) ~[jackson-databind-3.1.2.jar:3.1.2]
	at tools.jackson.databind.ser.BeanPropertyWriter.serializeAsProperty(BeanPropertyWriter.java:648) ~[jackson-databind-3.1.2.jar:3.1.2]
	at tools.jackson.databind.ser.bean.BeanSerializerBase._serializePropertiesNoView(BeanSerializerBase.java:765) ~[jackson-databind-3.1.2.jar:3.1.2]
	at tools.jackson.databind.ser.BeanSerializer.serialize(BeanSerializer.java:171) ~[jackson-databind-3.1.2.jar:3.1.2]
	at tools.jackson.databind.ser.BeanPropertyWriter.serializeAsProperty(BeanPropertyWriter.java:648) ~[jackson-databind-3.1.2.jar:3.1.2]
	at tools.jackson.databind.ser.bean.BeanSerializerBase._serializePropertiesNoView(BeanSerializerBase.java:765) ~[jackson-databind-3.1.2.jar:3.1.2]
	at tools.jackson.databind.ser.BeanSerializer.serialize(BeanSerializer.java:171) ~[jackson-databind-3.1.2.jar:3.1.2]
	at tools.jackson.databind.ser.jdk.CollectionSerializer.serializeContentsImpl(CollectionSerializer.java:176) ~[jackson-databind-3.1.2.jar:3.1.2]
	at tools.jackson.databind.ser.jdk.CollectionSerializer.serialize(CollectionSerializer.java:119) ~[jackson-databind-3.1.2.jar:3.1.2]
	at tools.jackson.databind.ser.jdk.CollectionSerializer.serialize(CollectionSerializer.java:25) ~[jackson-databind-3.1.2.jar:3.1.2]
	at tools.jackson.databind.ser.BeanPropertyWriter.serializeAsProperty(BeanPropertyWriter.java:648) ~[jackson-databind-3.1.2.jar:3.1.2]
	at tools.jackson.databind.ser.bean.BeanSerializerBase._serializePropertiesNoView(BeanSerializerBase.java:765) ~[jackson-databind-3.1.2.jar:3.1.2]
	at tools.jackson.databind.ser.BeanSerializer.serialize(BeanSerializer.java:171) ~[jackson-databind-3.1.2.jar:3.1.2]
	at tools.jackson.databind.ser.BeanPropertyWriter.serializeAsProperty(BeanPropertyWriter.java:648) ~[jackson-databind-3.1.2.jar:3.1.2]
	at tools.jackson.databind.ser.bean.BeanSerializerBase._serializePropertiesNoView(BeanSerializerBase.java:765) ~[jackson-databind-3.1.2.jar:3.1.2]
	at tools.jackson.databind.ser.BeanSerializer.serialize(BeanSerializer.java:171) ~[jackson-databind-3.1.2.jar:3.1.2]
	at tools.jackson.databind.ser.jdk.CollectionSerializer.serializeContentsImpl(CollectionSerializer.java:176) ~[jackson-databind-3.1.2.jar:3.1.2]
	at tools.jackson.databind.ser.jdk.CollectionSerializer.serialize(CollectionSerializer.java:119) ~[jackson-databind-3.1.2.jar:3.1.2]
	at tools.jackson.databind.ser.jdk.CollectionSerializer.serialize(CollectionSerializer.java:25) ~[jackson-databind-3.1.2.jar:3.1.2]
	at tools.jackson.databind.ser.BeanPropertyWriter.serializeAsProperty(BeanPropertyWriter.java:648) ~[jackson-databind-3.1.2.jar:3.1.2]
	at tools.jackson.databind.ser.bean.BeanSerializerBase._serializePropertiesNoView(BeanSerializerBase.java:765) ~[jackson-databind-3.1.2.jar:3.1.2]
	at tools.jackson.databind.ser.BeanSerializer.serialize(BeanSerializer.java:171) ~[jackson-databind-3.1.2.jar:3.1.2]
	at tools.jackson.databind.ser.BeanPropertyWriter.serializeAsProperty(BeanPropertyWriter.java:648) ~[jackson-databind-3.1.2.jar:3.1.2]
	at tools.jackson.databind.ser.bean.BeanSerializerBase._serializePropertiesNoView(BeanSerializerBase.java:765) ~[jackson-databind-3.1.2.jar:3.1.2]
	at tools.jackson.databind.ser.BeanSerializer.serialize(BeanSerializer.java:171) ~[jackson-databind-3.1.2.jar:3.1.2]
	at tools.jackson.databind.ser.jdk.CollectionSerializer.serializeContentsImpl(CollectionSerializer.java:176) ~[jackson-databind-3.1.2.jar:3.1.2]
	at tools.jackson.databind.ser.jdk.CollectionSerializer.serialize(CollectionSerializer.java:119) ~[jackson-databind-3.1.2.jar:3.1.2]
	at tools.jackson.databind.ser.jdk.CollectionSerializer.serialize(CollectionSerializer.java:25) ~[jackson-databind-3.1.2.jar:3.1.2]
	at tools.jackson.databind.ser.BeanPropertyWriter.serializeAsProperty(BeanPropertyWriter.java:648) ~[jackson-databind-3.1.2.jar:3.1.2]
	at tools.jackson.databind.ser.bean.BeanSerializerBase._serializePropertiesNoView(BeanSerializerBase.java:765) ~[jackson-databind-3.1.2.jar:3.1.2]
	at tools.jackson.databind.ser.BeanSerializer.serialize(BeanSerializer.java:171) ~[jackson-databind-3.1.2.jar:3.1.2]
	at tools.jackson.databind.ser.BeanPropertyWriter.serializeAsProperty(BeanPropertyWriter.java:648) ~[jackson-databind-3.1.2.jar:3.1.2]
	at tools.jackson.databind.ser.bean.BeanSerializerBase._serializePropertiesNoView(BeanSerializerBase.java:765) ~[jackson-databind-3.1.2.jar:3.1.2]
	at tools.jackson.databind.ser.BeanSerializer.serialize(BeanSerializer.java:171) ~[jackson-databind-3.1.2.jar:3.1.2]
	at tools.jackson.databind.ser.jdk.CollectionSerializer.serializeContentsImpl(CollectionSerializer.java:176) ~[jackson-databind-3.1.2.jar:3.1.2]
	at tools.jackson.databind.ser.jdk.CollectionSerializer.serialize(CollectionSerializer.java:119) ~[jackson-databind-3.1.2.jar:3.1.2]
	at tools.jackson.databind.ser.jdk.CollectionSerializer.serialize(CollectionSerializer.java:25) ~[jackson-databind-3.1.2.jar:3.1.2]
	at tools.jackson.databind.ser.BeanPropertyWriter.serializeAsProperty(BeanPropertyWriter.java:648) ~[jackson-databind-3.1.2.jar:3.1.2]
	at tools.jackson.databind.ser.bean.BeanSerializerBase._serializePropertiesNoView(BeanSerializerBase.java:765) ~[jackson-databind-3.1.2.jar:3.1.2]
	at tools.jackson.databind.ser.BeanSerializer.serialize(BeanSerializer.java:171) ~[jackson-databind-3.1.2.jar:3.1.2]
	at tools.jackson.databind.ser.BeanPropertyWriter.serializeAsProperty(BeanPropertyWriter.java:648) ~[jackson-databind-3.1.2.jar:3.1.2]
	at tools.jackson.databind.ser.bean.BeanSerializerBase._serializePropertiesNoView(BeanSerializerBase.java:765) ~[jackson-databind-3.1.2.jar:3.1.2]
	at tools.jackson.databind.ser.BeanSerializer.serialize(BeanSerializer.java:171) ~[jackson-databind-3.1.2.jar:3.1.2]
	at tools.jackson.databind.ser.jdk.CollectionSerializer.serializeContentsImpl(CollectionSerializer.java:176) ~[jackson-databind-3.1.2.jar:3.1.2]
	at tools.jackson.databind.ser.jdk.CollectionSerializer.serialize(CollectionSerializer.java:119) ~[jackson-databind-3.1.2.jar:3.1.2]
	at tools.jackson.databind.ser.jdk.CollectionSerializer.serialize(CollectionSerializer.java:25) ~[jackson-databind-3.1.2.jar:3.1.2]
	at tools.jackson.databind.ser.BeanPropertyWriter.serializeAsProperty(BeanPropertyWriter.java:648) ~[jackson-databind-3.1.2.jar:3.1.2]
	at tools.jackson.databind.ser.bean.BeanSerializerBase._serializePropertiesNoView(BeanSerializerBase.java:765) ~[jackson-databind-3.1.2.jar:3.1.2]
	at tools.jackson.databind.ser.BeanSerializer.serialize(BeanSerializer.java:171) ~[jackson-databind-3.1.2.jar:3.1.2]
	at tools.jackson.databind.ser.BeanPropertyWriter.serializeAsProperty(BeanPropertyWriter.java:648) ~[jackson-databind-3.1.2.jar:3.1.2]
	at tools.jackson.databind.ser.bean.BeanSerializerBase._serializePropertiesNoView(BeanSerializerBase.java:765) ~[jackson-databind-3.1.2.jar:3.1.2]
	at tools.jackson.databind.ser.BeanSerializer.serialize(BeanSerializer.java:171) ~[jackson-databind-3.1.2.jar:3.1.2]
	at tools.jackson.databind.ser.jdk.CollectionSerializer.serializeContentsImpl(CollectionSerializer.java:176) ~[jackson-databind-3.1.2.jar:3.1.2]
	at tools.jackson.databind.ser.jdk.CollectionSerializer.serialize(CollectionSerializer.java:119) ~[jackson-databind-3.1.2.jar:3.1.2]
	at tools.jackson.databind.ser.jdk.CollectionSerializer.serialize(CollectionSerializer.java:25) ~[jackson-databind-3.1.2.jar:3.1.2]
	at tools.jackson.databind.ser.BeanPropertyWriter.serializeAsProperty(BeanPropertyWriter.java:648) ~[jackson-databind-3.1.2.jar:3.1.2]
	at tools.jackson.databind.ser.bean.BeanSerializerBase._serializePropertiesNoView(BeanSerializerBase.java:765) ~[jackson-databind-3.1.2.jar:3.1.2]
	at tools.jackson.databind.ser.BeanSerializer.serialize(BeanSerializer.java:171) ~[jackson-databind-3.1.2.jar:3.1.2]
	at tools.jackson.databind.ser.BeanPropertyWriter.serializeAsProperty(BeanPropertyWriter.java:648) ~[jackson-databind-3.1.2.jar:3.1.2]
	at tools.jackson.databind.ser.bean.BeanSerializerBase._serializePropertiesNoView(BeanSerializerBase.java:765) ~[jackson-databind-3.1.2.jar:3.1.2]
	at tools.jackson.databind.ser.BeanSerializer.serialize(BeanSerializer.java:171) ~[jackson-databind-3.1.2.jar:3.1.2]
	at tools.jackson.databind.ser.jdk.CollectionSerializer.serializeContentsImpl(CollectionSerializer.java:176) ~[jackson-databind-3.1.2.jar:3.1.2]
	at tools.jackson.databind.ser.jdk.CollectionSerializer.serialize(CollectionSerializer.java:119) ~[jackson-databind-3.1.2.jar:3.1.2]
	at tools.jackson.databind.ser.jdk.CollectionSerializer.serialize(CollectionSerializer.java:25) ~[jackson-databind-3.1.2.jar:3.1.2]
	at tools.jackson.databind.ser.BeanPropertyWriter.serializeAsProperty(BeanPropertyWriter.java:648) ~[jackson-databind-3.1.2.jar:3.1.2]
	at tools.jackson.databind.ser.bean.BeanSerializerBase._serializePropertiesNoView(BeanSerializerBase.java:765) ~[jackson-databind-3.1.2.jar:3.1.2]
	at tools.jackson.databind.ser.BeanSerializer.serialize(BeanSerializer.java:171) ~[jackson-databind-3.1.2.jar:3.1.2]
	at tools.jackson.databind.ser.BeanPropertyWriter.serializeAsProperty(BeanPropertyWriter.java:648) ~[jackson-databind-3.1.2.jar:3.1.2]
	at tools.jackson.databind.ser.bean.BeanSerializerBase._serializePropertiesNoView(BeanSerializerBase.java:765) ~[jackson-databind-3.1.2.jar:3.1.2]
	at tools.jackson.databind.ser.BeanSerializer.serialize(BeanSerializer.java:171) ~[jackson-databind-3.1.2.jar:3.1.2]
	at tools.jackson.databind.ser.jdk.CollectionSerializer.serializeContentsImpl(CollectionSerializer.java:176) ~[jackson-databind-3.1.2.jar:3.1.2]
	at tools.jackson.databind.ser.jdk.CollectionSerializer.serialize(CollectionSerializer.java:119) ~[jackson-databind-3.1.2.jar:3.1.2]
	at tools.jackson.databind.ser.jdk.CollectionSerializer.serialize(CollectionSerializer.java:25) ~[jackson-databind-3.1.2.jar:3.1.2]
	at tools.jackson.databind.ser.BeanPropertyWriter.serializeAsProperty(BeanPropertyWriter.java:648) ~[jackson-databind-3.1.2.jar:3.1.2]
	at tools.jackson.databind.ser.bean.BeanSerializerBase._serializePropertiesNoView(BeanSerializerBase.java:765) ~[jackson-databind-3.1.2.jar:3.1.2]
	at tools.jackson.databind.ser.BeanSerializer.serialize(BeanSerializer.java:171) ~[jackson-databind-3.1.2.jar:3.1.2]
	at tools.jackson.databind.ser.BeanPropertyWriter.serializeAsProperty(BeanPropertyWriter.java:648) ~[jackson-databind-3.1.2.jar:3.1.2]
	at tools.jackson.databind.ser.bean.BeanSerializerBase._serializePropertiesNoView(BeanSerializerBase.java:765) ~[jackson-databind-3.1.2.jar:3.1.2]
	at tools.jackson.databind.ser.BeanSerializer.serialize(BeanSerializer.java:171) ~[jackson-databind-3.1.2.jar:3.1.2]
	at tools.jackson.databind.ser.jdk.CollectionSerializer.serializeContentsImpl(CollectionSerializer.java:176) ~[jackson-databind-3.1.2.jar:3.1.2]
	at tools.jackson.databind.ser.jdk.CollectionSerializer.serialize(CollectionSerializer.java:119) ~[jackson-databind-3.1.2.jar:3.1.2]
	at tools.jackson.databind.ser.jdk.CollectionSerializer.serialize(CollectionSerializer.java:25) ~[jackson-databind-3.1.2.jar:3.1.2]
	at tools.jackson.databind.ser.BeanPropertyWriter.serializeAsProperty(BeanPropertyWriter.java:648) ~[jackson-databind-3.1.2.jar:3.1.2]
	at tools.jackson.databind.ser.bean.BeanSerializerBase._serializePropertiesNoView(BeanSerializerBase.java:765) ~[jackson-databind-3.1.2.jar:3.1.2]
	at tools.jackson.databind.ser.BeanSerializer.serialize(BeanSerializer.java:171) ~[jackson-databind-3.1.2.jar:3.1.2]
	at tools.jackson.databind.ser.BeanPropertyWriter.serializeAsProperty(BeanPropertyWriter.java:648) ~[jackson-databind-3.1.2.jar:3.1.2]
	at tools.jackson.databind.ser.bean.BeanSerializerBase._serializePropertiesNoView(BeanSerializerBase.java:765) ~[jackson-databind-3.1.2.jar:3.1.2]
	at tools.jackson.databind.ser.BeanSerializer.serialize(BeanSerializer.java:171) ~[jackson-databind-3.1.2.jar:3.1.2]
	at tools.jackson.databind.ser.jdk.CollectionSerializer.serializeContentsImpl(CollectionSerializer.java:176) ~[jackson-databind-3.1.2.jar:3.1.2]
	at tools.jackson.databind.ser.jdk.CollectionSerializer.serialize(CollectionSerializer.java:119) ~[jackson-databind-3.1.2.jar:3.1.2]
	at tools.jackson.databind.ser.jdk.CollectionSerializer.serialize(CollectionSerializer.java:25) ~[jackson-databind-3.1.2.jar:3.1.2]
	at tools.jackson.databind.ser.BeanPropertyWriter.serializeAsProperty(BeanPropertyWriter.java:648) ~[jackson-databind-3.1.2.jar:3.1.2]
	at tools.jackson.databind.ser.bean.BeanSerializerBase._serializePropertiesNoView(BeanSerializerBase.java:765) ~[jackson-databind-3.1.2.jar:3.1.2]
	at tools.jackson.databind.ser.BeanSerializer.serialize(BeanSerializer.java:171) ~[jackson-databind-3.1.2.jar:3.1.2]
	at tools.jackson.databind.ser.BeanPropertyWriter.serializeAsProperty(BeanPropertyWriter.java:648) ~[jackson-databind-3.1.2.jar:3.1.2]
	at tools.jackson.databind.ser.bean.BeanSerializerBase._serializePropertiesNoView(BeanSerializerBase.java:765) ~[jackson-databind-3.1.2.jar:3.1.2]
	at tools.jackson.databind.ser.BeanSerializer.serialize(BeanSerializer.java:171) ~[jackson-databind-3.1.2.jar:3.1.2]
	at tools.jackson.databind.ser.jdk.CollectionSerializer.serializeContentsImpl(CollectionSerializer.java:176) ~[jackson-databind-3.1.2.jar:3.1.2]
	at tools.jackson.databind.ser.jdk.CollectionSerializer.serialize(CollectionSerializer.java:119) ~[jackson-databind-3.1.2.jar:3.1.2]
	at tools.jackson.databind.ser.jdk.CollectionSerializer.serialize(CollectionSerializer.java:25) ~[jackson-databind-3.1.2.jar:3.1.2]
	at tools.jackson.databind.ser.BeanPropertyWriter.serializeAsProperty(BeanPropertyWriter.java:648) ~[jackson-databind-3.1.2.jar:3.1.2]
	at tools.jackson.databind.ser.bean.BeanSerializerBase._serializePropertiesNoView(BeanSerializerBase.java:765) ~[jackson-databind-3.1.2.jar:3.1.2]
	at tools.jackson.databind.ser.BeanSerializer.serialize(BeanSerializer.java:171) ~[jackson-databind-3.1.2.jar:3.1.2]
	at tools.jackson.databind.ser.BeanPropertyWriter.serializeAsProperty(BeanPropertyWriter.java:648) ~[jackson-databind-3.1.2.jar:3.1.2]
	at tools.jackson.databind.ser.bean.BeanSerializerBase._serializePropertiesNoView(BeanSerializerBase.java:765) ~[jackson-databind-3.1.2.jar:3.1.2]
	at tools.jackson.databind.ser.BeanSerializer.serialize(BeanSerializer.java:171) ~[jackson-databind-3.1.2.jar:3.1.2]
	at tools.jackson.databind.ser.jdk.CollectionSerializer.serializeContentsImpl(CollectionSerializer.java:176) ~[jackson-databind-3.1.2.jar:3.1.2]
	at tools.jackson.databind.ser.jdk.CollectionSerializer.serialize(CollectionSerializer.java:119) ~[jackson-databind-3.1.2.jar:3.1.2]
	at tools.jackson.databind.ser.jdk.CollectionSerializer.serialize(CollectionSerializer.java:25) ~[jackson-databind-3.1.2.jar:3.1.2]
	at tools.jackson.databind.ser.BeanPropertyWriter.serializeAsProperty(BeanPropertyWriter.java:648) ~[jackson-databind-3.1.2.jar:3.1.2]
	at tools.jackson.databind.ser.bean.BeanSerializerBase._serializePropertiesNoView(BeanSerializerBase.java:765) ~[jackson-databind-3.1.2.jar:3.1.2]
	at tools.jackson.databind.ser.BeanSerializer.serialize(BeanSerializer.java:171) ~[jackson-databind-3.1.2.jar:3.1.2]
	at tools.jackson.databind.ser.BeanPropertyWriter.serializeAsProperty(BeanPropertyWriter.java:648) ~[jackson-databind-3.1.2.jar:3.1.2]
	at tools.jackson.databind.ser.bean.BeanSerializerBase._serializePropertiesNoView(BeanSerializerBase.java:765) ~[jackson-databind-3.1.2.jar:3.1.2]
	at tools.jackson.databind.ser.BeanSerializer.serialize(BeanSerializer.java:171) ~[jackson-databind-3.1.2.jar:3.1.2]
	at tools.jackson.databind.ser.jdk.CollectionSerializer.serializeContentsImpl(CollectionSerializer.java:176) ~[jackson-databind-3.1.2.jar:3.1.2]
	at tools.jackson.databind.ser.jdk.CollectionSerializer.serialize(CollectionSerializer.java:119) ~[jackson-databind-3.1.2.jar:3.1.2]
	at tools.jackson.databind.ser.jdk.CollectionSerializer.serialize(CollectionSerializer.java:25) ~[jackson-databind-3.1.2.jar:3.1.2]
	at tools.jackson.databind.ser.BeanPropertyWriter.serializeAsProperty(BeanPropertyWriter.java:648) ~[jackson-databind-3.1.2.jar:3.1.2]
	at tools.jackson.databind.ser.bean.BeanSerializerBase._serializePropertiesNoView(BeanSerializerBase.java:765) ~[jackson-databind-3.1.2.jar:3.1.2]
	at tools.jackson.databind.ser.BeanSerializer.serialize(BeanSerializer.java:171) ~[jackson-databind-3.1.2.jar:3.1.2]
	at tools.jackson.databind.ser.BeanPropertyWriter.serializeAsProperty(BeanPropertyWriter.java:648) ~[jackson-databind-3.1.2.jar:3.1.2]
	at tools.jackson.databind.ser.bean.BeanSerializerBase._serializePropertiesNoView(BeanSerializerBase.java:765) ~[jackson-databind-3.1.2.jar:3.1.2]
	at tools.jackson.databind.ser.BeanSerializer.serialize(BeanSerializer.java:171) ~[jackson-databind-3.1.2.jar:3.1.2]
	at tools.jackson.databind.ser.jdk.CollectionSerializer.serializeContentsImpl(CollectionSerializer.java:176) ~[jackson-databind-3.1.2.jar:3.1.2]
	at tools.jackson.databind.ser.jdk.CollectionSerializer.serialize(CollectionSerializer.java:119) ~[jackson-databind-3.1.2.jar:3.1.2]
	at tools.jackson.databind.ser.jdk.CollectionSerializer.serialize(CollectionSerializer.java:25) ~[jackson-databind-3.1.2.jar:3.1.2]
	at tools.jackson.databind.ser.BeanPropertyWriter.serializeAsProperty(BeanPropertyWriter.java:648) ~[jackson-databind-3.1.2.jar:3.1.2]
	at tools.jackson.databind.ser.bean.BeanSerializerBase._serializePropertiesNoView(BeanSerializerBase.java:765) ~[jackson-databind-3.1.2.jar:3.1.2]
	at tools.jackson.databind.ser.BeanSerializer.serialize(BeanSerializer.java:171) ~[jackson-databind-3.1.2.jar:3.1.2]
	at tools.jackson.databind.ser.BeanPropertyWriter.serializeAsProperty(BeanPropertyWriter.java:648) ~[jackson-databind-3.1.2.jar:3.1.2]
	at tools.jackson.databind.ser.bean.BeanSerializerBase._serializePropertiesNoView(BeanSerializerBase.java:765) ~[jackson-databind-3.1.2.jar:3.1.2]
	at tools.jackson.databind.ser.BeanSerializer.serialize(BeanSerializer.java:171) ~[jackson-databind-3.1.2.jar:3.1.2]
	at tools.jackson.databind.ser.jdk.CollectionSerializer.serializeContentsImpl(CollectionSerializer.java:176) ~[jackson-databind-3.1.2.jar:3.1.2]
	at tools.jackson.databind.ser.jdk.CollectionSerializer.serialize(CollectionSerializer.java:119) ~[jackson-databind-3.1.2.jar:3.1.2]
	at tools.jackson.databind.ser.jdk.CollectionSerializer.serialize(CollectionSerializer.java:25) ~[jackson-databind-3.1.2.jar:3.1.2]
	at tools.jackson.databind.ser.BeanPropertyWriter.serializeAsProperty(BeanPropertyWriter.java:648) ~[jackson-databind-3.1.2.jar:3.1.2]
	at tools.jackson.databind.ser.bean.BeanSerializerBase._serializePropertiesNoView(BeanSerializerBase.java:765) ~[jackson-databind-3.1.2.jar:3.1.2]
	at tools.jackson.databind.ser.BeanSerializer.serialize(BeanSerializer.java:171) ~[jackson-databind-3.1.2.jar:3.1.2]
	at tools.jackson.databind.ser.BeanPropertyWriter.serializeAsProperty(BeanPropertyWriter.java:648) ~[jackson-databind-3.1.2.jar:3.1.2]
	at tools.jackson.databind.ser.bean.BeanSerializerBase._serializePropertiesNoView(BeanSerializerBase.java:765) ~[jackson-databind-3.1.2.jar:3.1.2]
	at tools.jackson.databind.ser.BeanSerializer.serialize(BeanSerializer.java:171) ~[jackson-databind-3.1.2.jar:3.1.2]
	at tools.jackson.databind.ser.jdk.CollectionSerializer.serializeContentsImpl(CollectionSerializer.java:176) ~[jackson-databind-3.1.2.jar:3.1.2]
	at tools.jackson.databind.ser.jdk.CollectionSerializer.serialize(CollectionSerializer.java:119) ~[jackson-databind-3.1.2.jar:3.1.2]
	at tools.jackson.databind.ser.jdk.CollectionSerializer.serialize(CollectionSerializer.java:25) ~[jackson-databind-3.1.2.jar:3.1.2]
	at tools.jackson.databind.ser.BeanPropertyWriter.serializeAsProperty(BeanPropertyWriter.java:648) ~[jackson-databind-3.1.2.jar:3.1.2]
	at tools.jackson.databind.ser.bean.BeanSerializerBase._serializePropertiesNoView(BeanSerializerBase.java:765) ~[jackson-databind-3.1.2.jar:3.1.2]
	at tools.jackson.databind.ser.BeanSerializer.serialize(BeanSerializer.java:171) ~[jackson-databind-3.1.2.jar:3.1.2]
	at tools.jackson.databind.ser.BeanPropertyWriter.serializeAsProperty(BeanPropertyWriter.java:648) ~[jackson-databind-3.1.2.jar:3.1.2]
	at tools.jackson.databind.ser.bean.BeanSerializerBase._serializePropertiesNoView(BeanSerializerBase.java:765) ~[jackson-databind-3.1.2.jar:3.1.2]
	at tools.jackson.databind.ser.BeanSerializer.serialize(BeanSerializer.java:171) ~[jackson-databind-3.1.2.jar:3.1.2]
	at tools.jackson.databind.ser.jdk.CollectionSerializer.serializeContentsImpl(CollectionSerializer.java:176) ~[jackson-databind-3.1.2.jar:3.1.2]
	at tools.jackson.databind.ser.jdk.CollectionSerializer.serialize(CollectionSerializer.java:119) ~[jackson-databind-3.1.2.jar:3.1.2]
	at tools.jackson.databind.ser.jdk.CollectionSerializer.serialize(CollectionSerializer.java:25) ~[jackson-databind-3.1.2.jar:3.1.2]
	at tools.jackson.databind.ser.BeanPropertyWriter.serializeAsProperty(BeanPropertyWriter.java:648) ~[jackson-databind-3.1.2.jar:3.1.2]
	at tools.jackson.databind.ser.bean.BeanSerializerBase._serializePropertiesNoView(BeanSerializerBase.java:765) ~[jackson-databind-3.1.2.jar:3.1.2]
	at tools.jackson.databind.ser.BeanSerializer.serialize(BeanSerializer.java:171) ~[jackson-databind-3.1.2.jar:3.1.2]
	at tools.jackson.databind.ser.BeanPropertyWriter.serializeAsProperty(BeanPropertyWriter.java:648) ~[jackson-databind-3.1.2.jar:3.1.2]
	at tools.jackson.databind.ser.bean.BeanSerializerBase._serializePropertiesNoView(BeanSerializerBase.java:765) ~[jackson-databind-3.1.2.jar:3.1.2]
	at tools.jackson.databind.ser.BeanSerializer.serialize(BeanSerializer.java:171) ~[jackson-databind-3.1.2.jar:3.1.2]
	at tools.jackson.databind.ser.jdk.CollectionSerializer.serializeContentsImpl(CollectionSerializer.java:176) ~[jackson-databind-3.1.2.jar:3.1.2]
	at tools.jackson.databind.ser.jdk.CollectionSerializer.serialize(CollectionSerializer.java:119) ~[jackson-databind-3.1.2.jar:3.1.2]
	at tools.jackson.databind.ser.jdk.CollectionSerializer.serialize(CollectionSerializer.java:25) ~[jackson-databind-3.1.2.jar:3.1.2]
	at tools.jackson.databind.ser.BeanPropertyWriter.serializeAsProperty(BeanPropertyWriter.java:648) ~[jackson-databind-3.1.2.jar:3.1.2]
	at tools.jackson.databind.ser.bean.BeanSerializerBase._serializePropertiesNoView(BeanSerializerBase.java:765) ~[jackson-databind-3.1.2.jar:3.1.2]
	at tools.jackson.databind.ser.BeanSerializer.serialize(BeanSerializer.java:171) ~[jackson-databind-3.1.2.jar:3.1.2]
	at tools.jackson.databind.ser.BeanPropertyWriter.serializeAsProperty(BeanPropertyWriter.java:648) ~[jackson-databind-3.1.2.jar:3.1.2]
	at tools.jackson.databind.ser.bean.BeanSerializerBase._serializePropertiesNoView(BeanSerializerBase.java:765) ~[jackson-databind-3.1.2.jar:3.1.2]
	at tools.jackson.databind.ser.BeanSerializer.serialize(BeanSerializer.java:171) ~[jackson-databind-3.1.2.jar:3.1.2]
	at tools.jackson.databind.ser.jdk.CollectionSerializer.serializeContentsImpl(CollectionSerializer.java:176) ~[jackson-databind-3.1.2.jar:3.1.2]
	at tools.jackson.databind.ser.jdk.CollectionSerializer.serialize(CollectionSerializer.java:119) ~[jackson-databind-3.1.2.jar:3.1.2]
	at tools.jackson.databind.ser.jdk.CollectionSerializer.serialize(CollectionSerializer.java:25) ~[jackson-databind-3.1.2.jar:3.1.2]
	at tools.jackson.databind.ser.BeanPropertyWriter.serializeAsProperty(BeanPropertyWriter.java:648) ~[jackson-databind-3.1.2.jar:3.1.2]
	at tools.jackson.databind.ser.bean.BeanSerializerBase._serializePropertiesNoView(BeanSerializerBase.java:765) ~[jackson-databind-3.1.2.jar:3.1.2]
	at tools.jackson.databind.ser.BeanSerializer.serialize(BeanSerializer.java:171) ~[jackson-databind-3.1.2.jar:3.1.2]
	at tools.jackson.databind.ser.BeanPropertyWriter.serializeAsProperty(BeanPropertyWriter.java:648) ~[jackson-databind-3.1.2.jar:3.1.2]
	at tools.jackson.databind.ser.bean.BeanSerializerBase._serializePropertiesNoView(BeanSerializerBase.java:765) ~[jackson-databind-3.1.2.jar:3.1.2]
	at tools.jackson.databind.ser.BeanSerializer.serialize(BeanSerializer.java:171) ~[jackson-databind-3.1.2.jar:3.1.2]
	at tools.jackson.databind.ser.jdk.CollectionSerializer.serializeContentsImpl(CollectionSerializer.java:176) ~[jackson-databind-3.1.2.jar:3.1.2]
	at tools.jackson.databind.ser.jdk.CollectionSerializer.serialize(CollectionSerializer.java:119) ~[jackson-databind-3.1.2.jar:3.1.2]
	at tools.jackson.databind.ser.jdk.CollectionSerializer.serialize(CollectionSerializer.java:25) ~[jackson-databind-3.1.2.jar:3.1.2]
	at tools.jackson.databind.ser.BeanPropertyWriter.serializeAsProperty(BeanPropertyWriter.java:648) ~[jackson-databind-3.1.2.jar:3.1.2]
	at tools.jackson.databind.ser.bean.BeanSerializerBase._serializePropertiesNoView(BeanSerializerBase.java:765) ~[jackson-databind-3.1.2.jar:3.1.2]
	at tools.jackson.databind.ser.BeanSerializer.serialize(BeanSerializer.java:171) ~[jackson-databind-3.1.2.jar:3.1.2]
	at tools.jackson.databind.ser.BeanPropertyWriter.serializeAsProperty(BeanPropertyWriter.java:648) ~[jackson-databind-3.1.2.jar:3.1.2]
	at tools.jackson.databind.ser.bean.BeanSerializerBase._serializePropertiesNoView(BeanSerializerBase.java:765) ~[jackson-databind-3.1.2.jar:3.1.2]
	at tools.jackson.databind.ser.BeanSerializer.serialize(BeanSerializer.java:171) ~[jackson-databind-3.1.2.jar:3.1.2]
	at tools.jackson.databind.ser.jdk.CollectionSerializer.serializeContentsImpl(CollectionSerializer.java:176) ~[jackson-databind-3.1.2.jar:3.1.2]
	at tools.jackson.databind.ser.jdk.CollectionSerializer.serialize(CollectionSerializer.java:119) ~[jackson-databind-3.1.2.jar:3.1.2]
	at tools.jackson.databind.ser.jdk.CollectionSerializer.serialize(CollectionSerializer.java:25) ~[jackson-databind-3.1.2.jar:3.1.2]
	at tools.jackson.databind.ser.BeanPropertyWriter.serializeAsProperty(BeanPropertyWriter.java:648) ~[jackson-databind-3.1.2.jar:3.1.2]
	at tools.jackson.databind.ser.bean.BeanSerializerBase._serializePropertiesNoView(BeanSerializerBase.java:765) ~[jackson-databind-3.1.2.jar:3.1.2]
	at tools.jackson.databind.ser.BeanSerializer.serialize(BeanSerializer.java:171) ~[jackson-databind-3.1.2.jar:3.1.2]
	at tools.jackson.databind.ser.BeanPropertyWriter.serializeAsProperty(BeanPropertyWriter.java:648) ~[jackson-databind-3.1.2.jar:3.1.2]
	at tools.jackson.databind.ser.bean.BeanSerializerBase._serializePropertiesNoView(BeanSerializerBase.java:765) ~[jackson-databind-3.1.2.jar:3.1.2]
	at tools.jackson.databind.ser.BeanSerializer.serialize(BeanSerializer.java:171) ~[jackson-databind-3.1.2.jar:3.1.2]
	at tools.jackson.databind.ser.jdk.CollectionSerializer.serializeContentsImpl(CollectionSerializer.java:176) ~[jackson-databind-3.1.2.jar:3.1.2]
	at tools.jackson.databind.ser.jdk.CollectionSerializer.serialize(CollectionSerializer.java:119) ~[jackson-databind-3.1.2.jar:3.1.2]
	at tools.jackson.databind.ser.jdk.CollectionSerializer.serialize(CollectionSerializer.java:25) ~[jackson-databind-3.1.2.jar:3.1.2]
	at tools.jackson.databind.ser.BeanPropertyWriter.serializeAsProperty(BeanPropertyWriter.java:648) ~[jackson-databind-3.1.2.jar:3.1.2]
	at tools.jackson.databind.ser.bean.BeanSerializerBase._serializePropertiesNoView(BeanSerializerBase.java:765) ~[jackson-databind-3.1.2.jar:3.1.2]
	at tools.jackson.databind.ser.BeanSerializer.serialize(BeanSerializer.java:171) ~[jackson-databind-3.1.2.jar:3.1.2]
	at tools.jackson.databind.ser.BeanPropertyWriter.serializeAsProperty(BeanPropertyWriter.java:648) ~[jackson-databind-3.1.2.jar:3.1.2]
	at tools.jackson.databind.ser.bean.BeanSerializerBase._serializePropertiesNoView(BeanSerializerBase.java:765) ~[jackson-databind-3.1.2.jar:3.1.2]
	at tools.jackson.databind.ser.BeanSerializer.serialize(BeanSerializer.java:171) ~[jackson-databind-3.1.2.jar:3.1.2]
	at tools.jackson.databind.ser.jdk.CollectionSerializer.serializeContentsImpl(CollectionSerializer.java:176) ~[jackson-databind-3.1.2.jar:3.1.2]
	at tools.jackson.databind.ser.jdk.CollectionSerializer.serialize(CollectionSerializer.java:119) ~[jackson-databind-3.1.2.jar:3.1.2]
	at tools.jackson.databind.ser.jdk.CollectionSerializer.serialize(CollectionSerializer.java:25) ~[jackson-databind-3.1.2.jar:3.1.2]
	at tools.jackson.databind.ser.BeanPropertyWriter.serializeAsProperty(BeanPropertyWriter.java:648) ~[jackson-databind-3.1.2.jar:3.1.2]
	at tools.jackson.databind.ser.bean.BeanSerializerBase._serializePropertiesNoView(BeanSerializerBase.java:765) ~[jackson-databind-3.1.2.jar:3.1.2]
	at tools.jackson.databind.ser.BeanSerializer.serialize(BeanSerializer.java:171) ~[jackson-databind-3.1.2.jar:3.1.2]
	at tools.jackson.databind.ser.BeanPropertyWriter.serializeAsProperty(BeanPropertyWriter.java:648) ~[jackson-databind-3.1.2.jar:3.1.2]
	at tools.jackson.databind.ser.bean.BeanSerializerBase._serializePropertiesNoView(BeanSerializerBase.java:765) ~[jackson-databind-3.1.2.jar:3.1.2]
	at tools.jackson.databind.ser.BeanSerializer.serialize(BeanSerializer.java:171) ~[jackson-databind-3.1.2.jar:3.1.2]
	at tools.jackson.databind.ser.jdk.CollectionSerializer.serializeContentsImpl(CollectionSerializer.java:176) ~[jackson-databind-3.1.2.jar:3.1.2]
	at tools.jackson.databind.ser.jdk.CollectionSerializer.serialize(CollectionSerializer.java:119) ~[jackson-databind-3.1.2.jar:3.1.2]
	at tools.jackson.databind.ser.jdk.CollectionSerializer.serialize(CollectionSerializer.java:25) ~[jackson-databind-3.1.2.jar:3.1.2]
	at tools.jackson.databind.ser.BeanPropertyWriter.serializeAsProperty(BeanPropertyWriter.java:648) ~[jackson-databind-3.1.2.jar:3.1.2]
	at tools.jackson.databind.ser.bean.BeanSerializerBase._serializePropertiesNoView(BeanSerializerBase.java:765) ~[jackson-databind-3.1.2.jar:3.1.2]
	at tools.jackson.databind.ser.BeanSerializer.serialize(BeanSerializer.java:171) ~[jackson-databind-3.1.2.jar:3.1.2]
	at tools.jackson.databind.ser.BeanPropertyWriter.serializeAsProperty(BeanPropertyWriter.java:648) ~[jackson-databind-3.1.2.jar:3.1.2]
	at tools.jackson.databind.ser.bean.BeanSerializerBase._serializePropertiesNoView(BeanSerializerBase.java:765) ~[jackson-databind-3.1.2.jar:3.1.2]
	at tools.jackson.databind.ser.BeanSerializer.serialize(BeanSerializer.java:171) ~[jackson-databind-3.1.2.jar:3.1.2]
	at tools.jackson.databind.ser.jdk.CollectionSerializer.serializeContentsImpl(CollectionSerializer.java:176) ~[jackson-databind-3.1.2.jar:3.1.2]
	at tools.jackson.databind.ser.jdk.CollectionSerializer.serialize(CollectionSerializer.java:119) ~[jackson-databind-3.1.2.jar:3.1.2]
	at tools.jackson.databind.ser.jdk.CollectionSerializer.serialize(CollectionSerializer.java:25) ~[jackson-databind-3.1.2.jar:3.1.2]
	at tools.jackson.databind.ser.BeanPropertyWriter.serializeAsProperty(BeanPropertyWriter.java:648) ~[jackson-databind-3.1.2.jar:3.1.2]
	at tools.jackson.databind.ser.bean.BeanSerializerBase._serializePropertiesNoView(BeanSerializerBase.java:765) ~[jackson-databind-3.1.2.jar:3.1.2]
	at tools.jackson.databind.ser.BeanSerializer.serialize(BeanSerializer.java:171) ~[jackson-databind-3.1.2.jar:3.1.2]
	at tools.jackson.databind.ser.BeanPropertyWriter.serializeAsProperty(BeanPropertyWriter.java:648) ~[jackson-databind-3.1.2.jar:3.1.2]
	at tools.jackson.databind.ser.bean.BeanSerializerBase._serializePropertiesNoView(BeanSerializerBase.java:765) ~[jackson-databind-3.1.2.jar:3.1.2]
	at tools.jackson.databind.ser.BeanSerializer.serialize(BeanSerializer.java:171) ~[jackson-databind-3.1.2.jar:3.1.2]
	at tools.jackson.databind.ser.jdk.CollectionSerializer.serializeContentsImpl(CollectionSerializer.java:176) ~[jackson-databind-3.1.2.jar:3.1.2]
	at tools.jackson.databind.ser.jdk.CollectionSerializer.serialize(CollectionSerializer.java:119) ~[jackson-databind-3.1.2.jar:3.1.2]
	at tools.jackson.databind.ser.jdk.CollectionSerializer.serialize(CollectionSerializer.java:25) ~[jackson-databind-3.1.2.jar:3.1.2]
	at tools.jackson.databind.ser.BeanPropertyWriter.serializeAsProperty(BeanPropertyWriter.java:648) ~[jackson-databind-3.1.2.jar:3.1.2]
	at tools.jackson.databind.ser.bean.BeanSerializerBase._serializePropertiesNoView(BeanSerializerBase.java:765) ~[jackson-databind-3.1.2.jar:3.1.2]
	at tools.jackson.databind.ser.BeanSerializer.serialize(BeanSerializer.java:171) ~[jackson-databind-3.1.2.jar:3.1.2]
	at tools.jackson.databind.ser.BeanPropertyWriter.serializeAsProperty(BeanPropertyWriter.java:648) ~[jackson-databind-3.1.2.jar:3.1.2]
	at tools.jackson.databind.ser.bean.BeanSerializerBase._serializePropertiesNoView(BeanSerializerBase.java:765) ~[jackson-databind-3.1.2.jar:3.1.2]
	at tools.jackson.databind.ser.BeanSerializer.serialize(BeanSerializer.java:171) ~[jackson-databind-3.1.2.jar:3.1.2]
	at tools.jackson.databind.ser.jdk.CollectionSerializer.serializeContentsImpl(CollectionSerializer.java:176) ~[jackson-databind-3.1.2.jar:3.1.2]
	at tools.jackson.databind.ser.jdk.CollectionSerializer.serialize(CollectionSerializer.java:119) ~[jackson-databind-3.1.2.jar:3.1.2]
	at tools.jackson.databind.ser.jdk.CollectionSerializer.serialize(CollectionSerializer.java:25) ~[jackson-databind-3.1.2.jar:3.1.2]
	at tools.jackson.databind.ser.BeanPropertyWriter.serializeAsProperty(BeanPropertyWriter.java:648) ~[jackson-databind-3.1.2.jar:3.1.2]
	at tools.jackson.databind.ser.bean.BeanSerializerBase._serializePropertiesNoView(BeanSerializerBase.java:765) ~[jackson-databind-3.1.2.jar:3.1.2]
	at tools.jackson.databind.ser.BeanSerializer.serialize(BeanSerializer.java:171) ~[jackson-databind-3.1.2.jar:3.1.2]
	at tools.jackson.databind.ser.BeanPropertyWriter.serializeAsProperty(BeanPropertyWriter.java:648) ~[jackson-databind-3.1.2.jar:3.1.2]
	at tools.jackson.databind.ser.bean.BeanSerializerBase._serializePropertiesNoView(BeanSerializerBase.java:765) ~[jackson-databind-3.1.2.jar:3.1.2]
	at tools.jackson.databind.ser.BeanSerializer.serialize(BeanSerializer.java:171) ~[jackson-databind-3.1.2.jar:3.1.2]
	at tools.jackson.databind.ser.jdk.CollectionSerializer.serializeContentsImpl(CollectionSerializer.java:176) ~[jackson-databind-3.1.2.jar:3.1.2]
	at tools.jackson.databind.ser.jdk.CollectionSerializer.serialize(CollectionSerializer.java:119) ~[jackson-databind-3.1.2.jar:3.1.2]
	at tools.jackson.databind.ser.jdk.CollectionSerializer.serialize(CollectionSerializer.java:25) ~[jackson-databind-3.1.2.jar:3.1.2]
	at tools.jackson.databind.ser.BeanPropertyWriter.serializeAsProperty(BeanPropertyWriter.java:648) ~[jackson-databind-3.1.2.jar:3.1.2]
	at tools.jackson.databind.ser.bean.BeanSerializerBase._serializePropertiesNoView(BeanSerializerBase.java:765) ~[jackson-databind-3.1.2.jar:3.1.2]
	at tools.jackson.databind.ser.BeanSerializer.serialize(BeanSerializer.java:171) ~[jackson-databind-3.1.2.jar:3.1.2]
	at tools.jackson.databind.ser.BeanPropertyWriter.serializeAsProperty(BeanPropertyWriter.java:648) ~[jackson-databind-3.1.2.jar:3.1.2]
	at tools.jackson.databind.ser.bean.BeanSerializerBase._serializePropertiesNoView(BeanSerializerBase.java:765) ~[jackson-databind-3.1.2.jar:3.1.2]
	at tools.jackson.databind.ser.BeanSerializer.serialize(BeanSerializer.java:171) ~[jackson-databind-3.1.2.jar:3.1.2]
	at tools.jackson.databind.ser.jdk.CollectionSerializer.serializeContentsImpl(CollectionSerializer.java:176) ~[jackson-databind-3.1.2.jar:3.1.2]
	at tools.jackson.databind.ser.jdk.CollectionSerializer.serialize(CollectionSerializer.java:119) ~[jackson-databind-3.1.2.jar:3.1.2]
	at tools.jackson.databind.ser.jdk.CollectionSerializer.serialize(CollectionSerializer.java:25) ~[jackson-databind-3.1.2.jar:3.1.2]
	at tools.jackson.databind.ser.BeanPropertyWriter.serializeAsProperty(BeanPropertyWriter.java:648) ~[jackson-databind-3.1.2.jar:3.1.2]
	at tools.jackson.databind.ser.bean.BeanSerializerBase._serializePropertiesNoView(BeanSerializerBase.java:765) ~[jackson-databind-3.1.2.jar:3.1.2]
	at tools.jackson.databind.ser.BeanSerializer.serialize(BeanSerializer.java:171) ~[jackson-databind-3.1.2.jar:3.1.2]
	at tools.jackson.databind.ser.BeanPropertyWriter.serializeAsProperty(BeanPropertyWriter.java:648) ~[jackson-databind-3.1.2.jar:3.1.2]
	at tools.jackson.databind.ser.bean.BeanSerializerBase._serializePropertiesNoView(BeanSerializerBase.java:765) ~[jackson-databind-3.1.2.jar:3.1.2]
	at tools.jackson.databind.ser.BeanSerializer.serialize(BeanSerializer.java:171) ~[jackson-databind-3.1.2.jar:3.1.2]
	at tools.jackson.databind.ser.jdk.CollectionSerializer.serializeContentsImpl(CollectionSerializer.java:176) ~[jackson-databind-3.1.2.jar:3.1.2]
	at tools.jackson.databind.ser.jdk.CollectionSerializer.serialize(CollectionSerializer.java:119) ~[jackson-databind-3.1.2.jar:3.1.2]
	at tools.jackson.databind.ser.jdk.CollectionSerializer.serialize(CollectionSerializer.java:25) ~[jackson-databind-3.1.2.jar:3.1.2]
	at tools.jackson.databind.ser.BeanPropertyWriter.serializeAsProperty(BeanPropertyWriter.java:648) ~[jackson-databind-3.1.2.jar:3.1.2]
	at tools.jackson.databind.ser.bean.BeanSerializerBase._serializePropertiesNoView(BeanSerializerBase.java:765) ~[jackson-databind-3.1.2.jar:3.1.2]
	at tools.jackson.databind.ser.BeanSerializer.serialize(BeanSerializer.java:171) ~[jackson-databind-3.1.2.jar:3.1.2]
	at tools.jackson.databind.ser.BeanPropertyWriter.serializeAsProperty(BeanPropertyWriter.java:648) ~[jackson-databind-3.1.2.jar:3.1.2]
	at tools.jackson.databind.ser.bean.BeanSerializerBase._serializePropertiesNoView(BeanSerializerBase.java:765) ~[jackson-databind-3.1.2.jar:3.1.2]
	at tools.jackson.databind.ser.BeanSerializer.serialize(BeanSerializer.java:171) ~[jackson-databind-3.1.2.jar:3.1.2]
	at tools.jackson.databind.ser.jdk.CollectionSerializer.serializeContentsImpl(CollectionSerializer.java:176) ~[jackson-databind-3.1.2.jar:3.1.2]
	at tools.jackson.databind.ser.jdk.CollectionSerializer.serialize(CollectionSerializer.java:119) ~[jackson-databind-3.1.2.jar:3.1.2]
	at tools.jackson.databind.ser.jdk.CollectionSerializer.serialize(CollectionSerializer.java:25) ~[jackson-databind-3.1.2.jar:3.1.2]
	at tools.jackson.databind.ser.BeanPropertyWriter.serializeAsProperty(BeanPropertyWriter.java:648) ~[jackson-databind-3.1.2.jar:3.1.2]
	at tools.jackson.databind.ser.bean.BeanSerializerBase._serializePropertiesNoView(BeanSerializerBase.java:765) ~[jackson-databind-3.1.2.jar:3.1.2]
	at tools.jackson.databind.ser.BeanSerializer.serialize(BeanSerializer.java:171) ~[jackson-databind-3.1.2.jar:3.1.2]
	at tools.jackson.databind.ser.BeanPropertyWriter.serializeAsProperty(BeanPropertyWriter.java:648) ~[jackson-databind-3.1.2.jar:3.1.2]
	at tools.jackson.databind.ser.bean.BeanSerializerBase._serializePropertiesNoView(BeanSerializerBase.java:765) ~[jackson-databind-3.1.2.jar:3.1.2]
	at tools.jackson.databind.ser.BeanSerializer.serialize(BeanSerializer.java:171) ~[jackson-databind-3.1.2.jar:3.1.2]
	at tools.jackson.databind.ser.jdk.CollectionSerializer.serializeContentsImpl(CollectionSerializer.java:176) ~[jackson-databind-3.1.2.jar:3.1.2]
	at tools.jackson.databind.ser.jdk.CollectionSerializer.serialize(CollectionSerializer.java:119) ~[jackson-databind-3.1.2.jar:3.1.2]
	at tools.jackson.databind.ser.jdk.CollectionSerializer.serialize(CollectionSerializer.java:25) ~[jackson-databind-3.1.2.jar:3.1.2]
	at tools.jackson.databind.ser.BeanPropertyWriter.serializeAsProperty(BeanPropertyWriter.java:648) ~[jackson-databind-3.1.2.jar:3.1.2]
	at tools.jackson.databind.ser.bean.BeanSerializerBase._serializePropertiesNoView(BeanSerializerBase.java:765) ~[jackson-databind-3.1.2.jar:3.1.2]
	at tools.jackson.databind.ser.BeanSerializer.serialize(BeanSerializer.java:171) ~[jackson-databind-3.1.2.jar:3.1.2]
	at tools.jackson.databind.ser.BeanPropertyWriter.serializeAsProperty(BeanPropertyWriter.java:648) ~[jackson-databind-3.1.2.jar:3.1.2]
	at tools.jackson.databind.ser.bean.BeanSerializerBase._serializePropertiesNoView(BeanSerializerBase.java:765) ~[jackson-databind-3.1.2.jar:3.1.2]
	at tools.jackson.databind.ser.BeanSerializer.serialize(BeanSerializer.java:171) ~[jackson-databind-3.1.2.jar:3.1.2]
	at tools.jackson.databind.ser.jdk.CollectionSerializer.serializeContentsImpl(CollectionSerializer.java:176) ~[jackson-databind-3.1.2.jar:3.1.2]
	at tools.jackson.databind.ser.jdk.CollectionSerializer.serialize(CollectionSerializer.java:119) ~[jackson-databind-3.1.2.jar:3.1.2]
	at tools.jackson.databind.ser.jdk.CollectionSerializer.serialize(CollectionSerializer.java:25) ~[jackson-databind-3.1.2.jar:3.1.2]
	at tools.jackson.databind.ser.BeanPropertyWriter.serializeAsProperty(BeanPropertyWriter.java:648) ~[jackson-databind-3.1.2.jar:3.1.2]
	at tools.jackson.databind.ser.bean.BeanSerializerBase._serializePropertiesNoView(BeanSerializerBase.java:765) ~[jackson-databind-3.1.2.jar:3.1.2]
	at tools.jackson.databind.ser.BeanSerializer.serialize(BeanSerializer.java:171) ~[jackson-databind-3.1.2.jar:3.1.2]
	at tools.jackson.databind.ser.BeanPropertyWriter.serializeAsProperty(BeanPropertyWriter.java:648) ~[jackson-databind-3.1.2.jar:3.1.2]
	at tools.jackson.databind.ser.bean.BeanSerializerBase._serializePropertiesNoView(BeanSerializerBase.java:765) ~[jackson-databind-3.1.2.jar:3.1.2]
	at tools.jackson.databind.ser.BeanSerializer.serialize(BeanSerializer.java:171) ~[jackson-databind-3.1.2.jar:3.1.2]
	at tools.jackson.databind.ser.jdk.CollectionSerializer.serializeContentsImpl(CollectionSerializer.java:176) ~[jackson-databind-3.1.2.jar:3.1.2]
	at tools.jackson.databind.ser.jdk.CollectionSerializer.serialize(CollectionSerializer.java:119) ~[jackson-databind-3.1.2.jar:3.1.2]
	at tools.jackson.databind.ser.jdk.CollectionSerializer.serialize(CollectionSerializer.java:25) ~[jackson-databind-3.1.2.jar:3.1.2]
	at tools.jackson.databind.ser.BeanPropertyWriter.serializeAsProperty(BeanPropertyWriter.java:648) ~[jackson-databind-3.1.2.jar:3.1.2]
	at tools.jackson.databind.ser.bean.BeanSerializerBase._serializePropertiesNoView(BeanSerializerBase.java:765) ~[jackson-databind-3.1.2.jar:3.1.2]
	at tools.jackson.databind.ser.BeanSerializer.serialize(BeanSerializer.java:171) ~[jackson-databind-3.1.2.jar:3.1.2]
	at tools.jackson.databind.ser.BeanPropertyWriter.serializeAsProperty(BeanPropertyWriter.java:648) ~[jackson-databind-3.1.2.jar:3.1.2]
	at tools.jackson.databind.ser.bean.BeanSerializerBase._serializePropertiesNoView(BeanSerializerBase.java:765) ~[jackson-databind-3.1.2.jar:3.1.2]
	at tools.jackson.databind.ser.BeanSerializer.serialize(BeanSerializer.java:171) ~[jackson-databind-3.1.2.jar:3.1.2]
	at tools.jackson.databind.ser.jdk.CollectionSerializer.serializeContentsImpl(CollectionSerializer.java:176) ~[jackson-databind-3.1.2.jar:3.1.2]
	at tools.jackson.databind.ser.jdk.CollectionSerializer.serialize(CollectionSerializer.java:119) ~[jackson-databind-3.1.2.jar:3.1.2]
	at tools.jackson.databind.ser.jdk.CollectionSerializer.serialize(CollectionSerializer.java:25) ~[jackson-databind-3.1.2.jar:3.1.2]
	at tools.jackson.databind.ser.BeanPropertyWriter.serializeAsProperty(BeanPropertyWriter.java:648) ~[jackson-databind-3.1.2.jar:3.1.2]
	at tools.jackson.databind.ser.bean.BeanSerializerBase._serializePropertiesNoView(BeanSerializerBase.java:765) ~[jackson-databind-3.1.2.jar:3.1.2]

2026-05-17T14:28:45.522-04:00  INFO 30016 --- [ms-envios] [SpringApplicationShutdownHook] o.s.boot.tomcat.GracefulShutdown         : Commencing graceful shutdown. Waiting for active requests to complete
2026-05-17T14:28:45.527-04:00  INFO 30016 --- [ms-envios] [tomcat-shutdown] o.s.boot.tomcat.GracefulShutdown         : Graceful shutdown complete
2026-05-17T14:28:45.533-04:00  INFO 30016 --- [ms-envios] [SpringApplicationShutdownHook] j.LocalContainerEntityManagerFactoryBean : Closing JPA EntityManagerFactory for persistence unit 'default'
2026-05-17T14:28:45.536-04:00  INFO 30016 --- [ms-envios] [SpringApplicationShutdownHook] com.zaxxer.hikari.HikariDataSource       : HikariPool-1 - Shutdown initiated...
2026-05-17T14:28:45.578-04:00  INFO 30016 --- [ms-envios] [SpringApplicationShutdownHook] com.zaxxer.hikari.HikariDataSource       : HikariPool-1 - Shutdown completed.
2026-05-17T14:28:50.423-04:00  INFO 24748 --- [ms-envios] [main] c.dsy1103.msenvios.MsEnviosApplication   : Starting MsEnviosApplication using Java 24.0.2 with PID 24748 (C:\Users\zerze\OneDrive\Desktop\ev2\Evaluacion-Parcial-2-Full-Stack-DSY1103\ms-envios\target\classes started by zerze in C:\Users\zerze\OneDrive\Desktop\ev2\Evaluacion-Parcial-2-Full-Stack-DSY1103\ms-envios)
2026-05-17T14:28:50.427-04:00 DEBUG 24748 --- [ms-envios] [main] c.dsy1103.msenvios.MsEnviosApplication   : Running with Spring Boot v4.0.6, Spring v7.0.7
2026-05-17T14:28:50.427-04:00  INFO 24748 --- [ms-envios] [main] c.dsy1103.msenvios.MsEnviosApplication   : No active profile set, falling back to 1 default profile: "default"
2026-05-17T14:28:51.487-04:00  INFO 24748 --- [ms-envios] [main] .s.d.r.c.RepositoryConfigurationDelegate : Bootstrapping Spring Data JPA repositories in DEFAULT mode.
2026-05-17T14:28:51.575-04:00  INFO 24748 --- [ms-envios] [main] .s.d.r.c.RepositoryConfigurationDelegate : Finished Spring Data repository scanning in 74 ms. Found 2 JPA repository interfaces.
2026-05-17T14:28:52.846-04:00  INFO 24748 --- [ms-envios] [main] o.s.cloud.context.scope.GenericScope     : BeanFactory id=70c89f48-f23d-3461-8175-d8330af911c3
2026-05-17T14:28:56.414-04:00  INFO 24748 --- [ms-envios] [main] o.s.boot.tomcat.TomcatWebServer          : Tomcat initialized with port 8086 (http)
2026-05-17T14:28:56.547-04:00  INFO 24748 --- [ms-envios] [main] o.apache.catalina.core.StandardService   : Starting service [Tomcat]
2026-05-17T14:28:56.547-04:00  INFO 24748 --- [ms-envios] [main] o.apache.catalina.core.StandardEngine    : Starting Servlet engine: [Apache Tomcat/11.0.21]
2026-05-17T14:28:56.858-04:00  INFO 24748 --- [ms-envios] [main] b.w.c.s.WebApplicationContextInitializer : Root WebApplicationContext: initialization completed in 6367 ms
2026-05-17T14:28:58.779-04:00  INFO 24748 --- [ms-envios] [main] com.zaxxer.hikari.HikariDataSource       : HikariPool-1 - Starting...
2026-05-17T14:28:59.866-04:00  INFO 24748 --- [ms-envios] [main] com.zaxxer.hikari.pool.HikariPool        : HikariPool-1 - Added connection com.mysql.cj.jdbc.ConnectionImpl@7d484fcd
2026-05-17T14:28:59.872-04:00  INFO 24748 --- [ms-envios] [main] com.zaxxer.hikari.HikariDataSource       : HikariPool-1 - Start completed.
2026-05-17T14:29:05.151-04:00  INFO 24748 --- [ms-envios] [main] liquibase.changelog                      : Reading from prueba5.databasechangelog
2026-05-17T14:29:05.226-04:00  INFO 24748 --- [ms-envios] [main] liquibase.ui                             : Database is up to date, no changesets to execute
2026-05-17T14:29:05.231-04:00  INFO 24748 --- [ms-envios] [main] liquibase.changelog                      : Reading from prueba5.databasechangelog
2026-05-17T14:29:05.248-04:00  INFO 24748 --- [ms-envios] [main] liquibase.util                           : UPDATE SUMMARY
2026-05-17T14:29:05.248-04:00  INFO 24748 --- [ms-envios] [main] liquibase.util                           : Run:                          0
2026-05-17T14:29:05.248-04:00  INFO 24748 --- [ms-envios] [main] liquibase.util                           : Previously run:               2
2026-05-17T14:29:05.248-04:00  INFO 24748 --- [ms-envios] [main] liquibase.util                           : Filtered out:                 0
2026-05-17T14:29:05.248-04:00  INFO 24748 --- [ms-envios] [main] liquibase.util                           : -------------------------------
2026-05-17T14:29:05.249-04:00  INFO 24748 --- [ms-envios] [main] liquibase.util                           : Total change sets:            2
2026-05-17T14:29:05.250-04:00  INFO 24748 --- [ms-envios] [main] liquibase.util                           : Update summary generated
2026-05-17T14:29:05.252-04:00  INFO 24748 --- [ms-envios] [main] liquibase.command                        : Command execution complete
2026-05-17T14:29:05.398-04:00  INFO 24748 --- [ms-envios] [main] org.hibernate.orm.jpa                    : HHH008540: Processing PersistenceUnitInfo [name: default]
2026-05-17T14:29:05.470-04:00  INFO 24748 --- [ms-envios] [main] org.hibernate.orm.core                   : HHH000001: Hibernate ORM core version 7.2.12.Final
2026-05-17T14:29:06.066-04:00  INFO 24748 --- [ms-envios] [main] o.s.o.j.p.SpringPersistenceUnitInfo      : No LoadTimeWeaver setup: ignoring JPA class transformer
2026-05-17T14:29:06.142-04:00  WARN 24748 --- [ms-envios] [main] org.hibernate.orm.deprecation            : HHH90000025: MySQLDialect does not need to be specified explicitly using 'hibernate.dialect' (remove the property setting and it will be selected by default)
2026-05-17T14:29:06.161-04:00  INFO 24748 --- [ms-envios] [main] org.hibernate.orm.connections.pooling    : HHH10001005: Database info:
	Database JDBC URL [jdbc:mysql://localhost:3306/prueba5?useSSL=false&serverTimezone=America/Santiago&allowPublicKeyRetrieval=true]
	Database driver: MySQL Connector/J
	Database dialect: MySQLDialect
	Database version: 8.4.3
	Default catalog/schema: prueba5/undefined
	Autocommit mode: undefined/unknown
	Isolation level: REPEATABLE_READ [default REPEATABLE_READ]
	JDBC fetch size: none
	Pool: DataSourceConnectionProvider
	Minimum pool size: undefined/unknown
	Maximum pool size: undefined/unknown
2026-05-17T14:29:07.161-04:00  INFO 24748 --- [ms-envios] [main] org.hibernate.orm.core                   : HHH000489: No JTA platform available (set 'hibernate.transaction.jta.platform' to enable JTA platform integration)
2026-05-17T14:29:07.194-04:00  INFO 24748 --- [ms-envios] [main] j.LocalContainerEntityManagerFactoryBean : Initialized JPA EntityManagerFactory for persistence unit 'default'
2026-05-17T14:29:07.296-04:00  INFO 24748 --- [ms-envios] [main] o.s.d.j.r.query.QueryEnhancerFactories   : Hibernate is in classpath; If applicable, HQL parser will be used.
2026-05-17T14:29:08.274-04:00  WARN 24748 --- [ms-envios] [main] JpaBaseConfiguration$JpaWebConfiguration : spring.jpa.open-in-view is enabled by default. Therefore, database queries may be performed during view rendering. Explicitly configure spring.jpa.open-in-view to disable this warning
2026-05-17T14:29:09.138-04:00  INFO 24748 --- [ms-envios] [main] o.s.boot.tomcat.TomcatWebServer          : Tomcat started on port 8086 (http) with context path '/'
2026-05-17T14:29:09.152-04:00  INFO 24748 --- [ms-envios] [main] c.dsy1103.msenvios.MsEnviosApplication   : Started MsEnviosApplication in 19.434 seconds (process running for 20.503)
2026-05-17T14:29:16.240-04:00  INFO 24748 --- [ms-envios] [http-nio-8086-exec-1] o.a.c.c.C.[Tomcat].[localhost].[/]       : Initializing Spring DispatcherServlet 'dispatcherServlet'
2026-05-17T14:29:16.240-04:00  INFO 24748 --- [ms-envios] [http-nio-8086-exec-1] o.s.web.servlet.DispatcherServlet        : Initializing Servlet 'dispatcherServlet'
2026-05-17T14:29:16.246-04:00  INFO 24748 --- [ms-envios] [http-nio-8086-exec-1] o.s.web.servlet.DispatcherServlet        : Completed initialization in 6 ms
2026-05-17T14:30:21.998-04:00  INFO 24748 --- [ms-envios] [SpringApplicationShutdownHook] o.s.boot.tomcat.GracefulShutdown         : Commencing graceful shutdown. Waiting for active requests to complete
2026-05-17T14:30:22.003-04:00  INFO 24748 --- [ms-envios] [tomcat-shutdown] o.s.boot.tomcat.GracefulShutdown         : Graceful shutdown complete
2026-05-17T14:30:22.008-04:00  INFO 24748 --- [ms-envios] [SpringApplicationShutdownHook] j.LocalContainerEntityManagerFactoryBean : Closing JPA EntityManagerFactory for persistence unit 'default'
2026-05-17T14:30:22.011-04:00  INFO 24748 --- [ms-envios] [SpringApplicationShutdownHook] com.zaxxer.hikari.HikariDataSource       : HikariPool-1 - Shutdown initiated...
2026-05-17T14:30:22.043-04:00  INFO 24748 --- [ms-envios] [SpringApplicationShutdownHook] com.zaxxer.hikari.HikariDataSource       : HikariPool-1 - Shutdown completed.
