2026-05-16T15:33:02.606-04:00  INFO 15156 --- [ms-envios] [main] c.dsy1103.msenvios.MsEnviosApplication   : Starting MsEnviosApplication using Java 24.0.2 with PID 15156 (C:\Users\zerze\OneDrive\Desktop\ev2\Evaluacion-Parcial-2-Full-Stack-DSY1103\ms-envios\target\classes started by zerze in C:\Users\zerze\OneDrive\Desktop\ev2\Evaluacion-Parcial-2-Full-Stack-DSY1103\ms-envios)
2026-05-16T15:33:02.609-04:00  INFO 15156 --- [ms-envios] [main] c.dsy1103.msenvios.MsEnviosApplication   : No active profile set, falling back to 1 default profile: "default"
2026-05-16T15:33:03.807-04:00  INFO 15156 --- [ms-envios] [main] .s.d.r.c.RepositoryConfigurationDelegate : Bootstrapping Spring Data JPA repositories in DEFAULT mode.
2026-05-16T15:33:03.883-04:00  INFO 15156 --- [ms-envios] [main] .s.d.r.c.RepositoryConfigurationDelegate : Finished Spring Data repository scanning in 61 ms. Found 2 JPA repository interfaces.
2026-05-16T15:33:04.073-04:00  INFO 15156 --- [ms-envios] [main] o.s.cloud.context.scope.GenericScope     : BeanFactory id=66fcb5a7-92b5-32a7-b1ff-aba9c4b067bc
2026-05-16T15:33:04.653-04:00  INFO 15156 --- [ms-envios] [main] o.s.boot.tomcat.TomcatWebServer          : Tomcat initialized with port 8086 (http)
2026-05-16T15:33:04.674-04:00  INFO 15156 --- [ms-envios] [main] o.apache.catalina.core.StandardService   : Starting service [Tomcat]
2026-05-16T15:33:04.676-04:00  INFO 15156 --- [ms-envios] [main] o.apache.catalina.core.StandardEngine    : Starting Servlet engine: [Apache Tomcat/11.0.21]
2026-05-16T15:33:04.741-04:00  INFO 15156 --- [ms-envios] [main] b.w.c.s.WebApplicationContextInitializer : Root WebApplicationContext: initialization completed in 2065 ms
2026-05-16T15:33:05.004-04:00  INFO 15156 --- [ms-envios] [main] com.zaxxer.hikari.HikariDataSource       : HikariPool-1 - Starting...
2026-05-16T15:33:06.138-04:00  WARN 15156 --- [ms-envios] [main] ConfigServletWebServerApplicationContext : Exception encountered during context initialization - cancelling refresh attempt: org.springframework.beans.factory.BeanCreationException: Error creating bean with name 'entityManagerFactory' defined in class path resource [org/springframework/boot/hibernate/autoconfigure/HibernateJpaConfiguration.class]: Failed to initialize dependency 'liquibase' of LoadTimeWeaverAware bean 'entityManagerFactory': Error creating bean with name 'liquibase' defined in class path resource [org/springframework/boot/liquibase/autoconfigure/LiquibaseAutoConfiguration$LiquibaseConfiguration.class]: liquibase.exception.DatabaseException: com.mysql.cj.jdbc.exceptions.CommunicationsException: Communications link failure

The last packet sent successfully to the server was 0 milliseconds ago. The driver has not received any packets from the server.
2026-05-16T15:33:06.145-04:00  INFO 15156 --- [ms-envios] [main] o.apache.catalina.core.StandardService   : Stopping service [Tomcat]
2026-05-16T15:33:06.161-04:00  INFO 15156 --- [ms-envios] [main] .s.b.a.l.ConditionEvaluationReportLogger : 

Error starting ApplicationContext. To display the condition evaluation report re-run your application with 'debug' enabled.
2026-05-16T15:33:06.182-04:00 ERROR 15156 --- [ms-envios] [main] o.s.boot.SpringApplication               : Application run failed

org.springframework.beans.factory.BeanCreationException: Error creating bean with name 'entityManagerFactory' defined in class path resource [org/springframework/boot/hibernate/autoconfigure/HibernateJpaConfiguration.class]: Failed to initialize dependency 'liquibase' of LoadTimeWeaverAware bean 'entityManagerFactory': Error creating bean with name 'liquibase' defined in class path resource [org/springframework/boot/liquibase/autoconfigure/LiquibaseAutoConfiguration$LiquibaseConfiguration.class]: liquibase.exception.DatabaseException: com.mysql.cj.jdbc.exceptions.CommunicationsException: Communications link failure

The last packet sent successfully to the server was 0 milliseconds ago. The driver has not received any packets from the server.
	at org.springframework.beans.factory.support.AbstractBeanFactory.doGetBean(AbstractBeanFactory.java:322) ~[spring-beans-7.0.7.jar:7.0.7]
	at org.springframework.beans.factory.support.AbstractBeanFactory.getBean(AbstractBeanFactory.java:201) ~[spring-beans-7.0.7.jar:7.0.7]
	at org.springframework.context.support.AbstractApplicationContext.finishBeanFactoryInitialization(AbstractApplicationContext.java:977) ~[spring-context-7.0.7.jar:7.0.7]
	at org.springframework.context.support.AbstractApplicationContext.refresh(AbstractApplicationContext.java:621) ~[spring-context-7.0.7.jar:7.0.7]
	at org.springframework.boot.web.server.servlet.context.ServletWebServerApplicationContext.refresh(ServletWebServerApplicationContext.java:143) ~[spring-boot-web-server-4.0.6.jar:4.0.6]
	at org.springframework.boot.SpringApplication.refresh(SpringApplication.java:756) ~[spring-boot-4.0.6.jar:4.0.6]
	at org.springframework.boot.SpringApplication.refreshContext(SpringApplication.java:445) ~[spring-boot-4.0.6.jar:4.0.6]
	at org.springframework.boot.SpringApplication.run(SpringApplication.java:321) ~[spring-boot-4.0.6.jar:4.0.6]
	at org.springframework.boot.SpringApplication.run(SpringApplication.java:1365) ~[spring-boot-4.0.6.jar:4.0.6]
	at org.springframework.boot.SpringApplication.run(SpringApplication.java:1354) ~[spring-boot-4.0.6.jar:4.0.6]
	at com.dsy1103.msenvios.MsEnviosApplication.main(MsEnviosApplication.java:10) ~[classes/:na]
Caused by: org.springframework.beans.factory.BeanCreationException: Error creating bean with name 'liquibase' defined in class path resource [org/springframework/boot/liquibase/autoconfigure/LiquibaseAutoConfiguration$LiquibaseConfiguration.class]: liquibase.exception.DatabaseException: com.mysql.cj.jdbc.exceptions.CommunicationsException: Communications link failure

The last packet sent successfully to the server was 0 milliseconds ago. The driver has not received any packets from the server.
	at org.springframework.beans.factory.support.AbstractAutowireCapableBeanFactory.initializeBean(AbstractAutowireCapableBeanFactory.java:1817) ~[spring-beans-7.0.7.jar:7.0.7]
	at org.springframework.beans.factory.support.AbstractAutowireCapableBeanFactory.doCreateBean(AbstractAutowireCapableBeanFactory.java:603) ~[spring-beans-7.0.7.jar:7.0.7]
	at org.springframework.beans.factory.support.AbstractAutowireCapableBeanFactory.createBean(AbstractAutowireCapableBeanFactory.java:525) ~[spring-beans-7.0.7.jar:7.0.7]
	at org.springframework.beans.factory.support.AbstractBeanFactory.lambda$doGetBean$0(AbstractBeanFactory.java:333) ~[spring-beans-7.0.7.jar:7.0.7]
	at org.springframework.beans.factory.support.DefaultSingletonBeanRegistry.getSingleton(DefaultSingletonBeanRegistry.java:371) ~[spring-beans-7.0.7.jar:7.0.7]
	at org.springframework.beans.factory.support.AbstractBeanFactory.doGetBean(AbstractBeanFactory.java:331) ~[spring-beans-7.0.7.jar:7.0.7]
	at org.springframework.beans.factory.support.AbstractBeanFactory.getBean(AbstractBeanFactory.java:196) ~[spring-beans-7.0.7.jar:7.0.7]
	at org.springframework.beans.factory.support.AbstractBeanFactory.doGetBean(AbstractBeanFactory.java:309) ~[spring-beans-7.0.7.jar:7.0.7]
	... 10 common frames omitted
Caused by: liquibase.exception.LiquibaseException: liquibase.exception.DatabaseException: com.mysql.cj.jdbc.exceptions.CommunicationsException: Communications link failure

The last packet sent successfully to the server was 0 milliseconds ago. The driver has not received any packets from the server.
	at liquibase.integration.spring.SpringLiquibase.afterPropertiesSet(SpringLiquibase.java:289) ~[liquibase-core-5.0.2.jar:na]
	at org.springframework.beans.factory.support.AbstractAutowireCapableBeanFactory.invokeInitMethods(AbstractAutowireCapableBeanFactory.java:1864) ~[spring-beans-7.0.7.jar:7.0.7]
	at org.springframework.beans.factory.support.AbstractAutowireCapableBeanFactory.initializeBean(AbstractAutowireCapableBeanFactory.java:1813) ~[spring-beans-7.0.7.jar:7.0.7]
	... 17 common frames omitted
Caused by: liquibase.exception.DatabaseException: com.mysql.cj.jdbc.exceptions.CommunicationsException: Communications link failure

The last packet sent successfully to the server was 0 milliseconds ago. The driver has not received any packets from the server.
	at liquibase.integration.spring.SpringLiquibase.lambda$afterPropertiesSet$0(SpringLiquibase.java:281) ~[liquibase-core-5.0.2.jar:na]
	at liquibase.Scope.lambda$child$0(Scope.java:241) ~[liquibase-core-5.0.2.jar:na]
	at liquibase.Scope.child(Scope.java:250) ~[liquibase-core-5.0.2.jar:na]
	at liquibase.Scope.child(Scope.java:240) ~[liquibase-core-5.0.2.jar:na]
	at liquibase.Scope.child(Scope.java:219) ~[liquibase-core-5.0.2.jar:na]
	at liquibase.integration.spring.SpringLiquibase.afterPropertiesSet(SpringLiquibase.java:272) ~[liquibase-core-5.0.2.jar:na]
	... 19 common frames omitted
Caused by: com.mysql.cj.jdbc.exceptions.CommunicationsException: Communications link failure

The last packet sent successfully to the server was 0 milliseconds ago. The driver has not received any packets from the server.
	at com.mysql.cj.jdbc.exceptions.SQLError.createCommunicationsException(SQLError.java:165) ~[mysql-connector-j-9.7.0.jar:9.7.0]
	at com.mysql.cj.jdbc.exceptions.SQLExceptionsMapping.translateException(SQLExceptionsMapping.java:55) ~[mysql-connector-j-9.7.0.jar:9.7.0]
	at com.mysql.cj.jdbc.ConnectionImpl.createNewIO(ConnectionImpl.java:840) ~[mysql-connector-j-9.7.0.jar:9.7.0]
	at com.mysql.cj.jdbc.ConnectionImpl.<init>(ConnectionImpl.java:416) ~[mysql-connector-j-9.7.0.jar:9.7.0]
	at com.mysql.cj.jdbc.ConnectionImpl.getInstance(ConnectionImpl.java:237) ~[mysql-connector-j-9.7.0.jar:9.7.0]
	at com.mysql.cj.jdbc.NonRegisteringDriver.connect(NonRegisteringDriver.java:180) ~[mysql-connector-j-9.7.0.jar:9.7.0]
	at com.zaxxer.hikari.util.DriverDataSource.getConnection(DriverDataSource.java:144) ~[HikariCP-7.0.2.jar:na]
	at com.zaxxer.hikari.pool.PoolBase.newConnection(PoolBase.java:373) ~[HikariCP-7.0.2.jar:na]
	at com.zaxxer.hikari.pool.PoolBase.newPoolEntry(PoolBase.java:210) ~[HikariCP-7.0.2.jar:na]
	at com.zaxxer.hikari.pool.HikariPool.createPoolEntry(HikariPool.java:488) ~[HikariCP-7.0.2.jar:na]
	at com.zaxxer.hikari.pool.HikariPool.checkFailFast(HikariPool.java:576) ~[HikariCP-7.0.2.jar:na]
	at com.zaxxer.hikari.pool.HikariPool.<init>(HikariPool.java:97) ~[HikariCP-7.0.2.jar:na]
	at com.zaxxer.hikari.HikariDataSource.getConnection(HikariDataSource.java:111) ~[HikariCP-7.0.2.jar:na]
	at liquibase.integration.spring.SpringLiquibase.lambda$afterPropertiesSet$0(SpringLiquibase.java:276) ~[liquibase-core-5.0.2.jar:na]
	... 24 common frames omitted
Caused by: com.mysql.cj.exceptions.CJCommunicationsException: Communications link failure

The last packet sent successfully to the server was 0 milliseconds ago. The driver has not received any packets from the server.
	at java.base/jdk.internal.reflect.DirectConstructorHandleAccessor.newInstance(DirectConstructorHandleAccessor.java:62) ~[na:na]
	at java.base/java.lang.reflect.Constructor.newInstanceWithCaller(Constructor.java:499) ~[na:na]
	at java.base/java.lang.reflect.Constructor.newInstance(Constructor.java:483) ~[na:na]
	at com.mysql.cj.exceptions.ExceptionFactory.createException(ExceptionFactory.java:52) ~[mysql-connector-j-9.7.0.jar:9.7.0]
	at com.mysql.cj.exceptions.ExceptionFactory.createException(ExceptionFactory.java:95) ~[mysql-connector-j-9.7.0.jar:9.7.0]
	at com.mysql.cj.exceptions.ExceptionFactory.createException(ExceptionFactory.java:140) ~[mysql-connector-j-9.7.0.jar:9.7.0]
	at com.mysql.cj.exceptions.ExceptionFactory.createCommunicationsException(ExceptionFactory.java:156) ~[mysql-connector-j-9.7.0.jar:9.7.0]
	at com.mysql.cj.protocol.a.NativeSocketConnection.connect(NativeSocketConnection.java:79) ~[mysql-connector-j-9.7.0.jar:9.7.0]
	at com.mysql.cj.NativeSession.connect(NativeSession.java:142) ~[mysql-connector-j-9.7.0.jar:9.7.0]
	at com.mysql.cj.jdbc.ConnectionImpl.connectOneTryOnly(ConnectionImpl.java:964) ~[mysql-connector-j-9.7.0.jar:9.7.0]
	at com.mysql.cj.jdbc.ConnectionImpl.createNewIO(ConnectionImpl.java:828) ~[mysql-connector-j-9.7.0.jar:9.7.0]
	... 35 common frames omitted
Caused by: java.net.ConnectException: Connection refused: getsockopt
	at java.base/sun.nio.ch.Net.pollConnect(Native Method) ~[na:na]
	at java.base/sun.nio.ch.Net.pollConnectNow(Net.java:628) ~[na:na]
	at java.base/sun.nio.ch.NioSocketImpl.timedFinishConnect(NioSocketImpl.java:533) ~[na:na]
	at java.base/sun.nio.ch.NioSocketImpl.connect(NioSocketImpl.java:583) ~[na:na]
	at java.base/java.net.SocksSocketImpl.connect(SocksSocketImpl.java:282) ~[na:na]
	at java.base/java.net.Socket.connect(Socket.java:665) ~[na:na]
	at com.mysql.cj.protocol.StandardSocketFactory.connect(StandardSocketFactory.java:144) ~[mysql-connector-j-9.7.0.jar:9.7.0]
	at com.mysql.cj.protocol.a.NativeSocketConnection.connect(NativeSocketConnection.java:53) ~[mysql-connector-j-9.7.0.jar:9.7.0]
	... 38 common frames omitted

2026-05-16T15:34:33.737-04:00  INFO 15096 --- [ms-envios] [main] c.dsy1103.msenvios.MsEnviosApplication   : Starting MsEnviosApplication using Java 24.0.2 with PID 15096 (C:\Users\zerze\OneDrive\Desktop\ev2\Evaluacion-Parcial-2-Full-Stack-DSY1103\ms-envios\target\classes started by zerze in C:\Users\zerze\OneDrive\Desktop\ev2\Evaluacion-Parcial-2-Full-Stack-DSY1103\ms-envios)
2026-05-16T15:34:33.742-04:00  INFO 15096 --- [ms-envios] [main] c.dsy1103.msenvios.MsEnviosApplication   : No active profile set, falling back to 1 default profile: "default"
2026-05-16T15:34:34.843-04:00  INFO 15096 --- [ms-envios] [main] .s.d.r.c.RepositoryConfigurationDelegate : Bootstrapping Spring Data JPA repositories in DEFAULT mode.
2026-05-16T15:34:34.943-04:00  INFO 15096 --- [ms-envios] [main] .s.d.r.c.RepositoryConfigurationDelegate : Finished Spring Data repository scanning in 83 ms. Found 2 JPA repository interfaces.
2026-05-16T15:34:35.159-04:00  INFO 15096 --- [ms-envios] [main] o.s.cloud.context.scope.GenericScope     : BeanFactory id=66fcb5a7-92b5-32a7-b1ff-aba9c4b067bc
2026-05-16T15:34:35.800-04:00  INFO 15096 --- [ms-envios] [main] o.s.boot.tomcat.TomcatWebServer          : Tomcat initialized with port 8086 (http)
2026-05-16T15:34:35.824-04:00  INFO 15096 --- [ms-envios] [main] o.apache.catalina.core.StandardService   : Starting service [Tomcat]
2026-05-16T15:34:35.825-04:00  INFO 15096 --- [ms-envios] [main] o.apache.catalina.core.StandardEngine    : Starting Servlet engine: [Apache Tomcat/11.0.21]
2026-05-16T15:34:35.907-04:00  INFO 15096 --- [ms-envios] [main] b.w.c.s.WebApplicationContextInitializer : Root WebApplicationContext: initialization completed in 2098 ms
2026-05-16T15:34:36.151-04:00  INFO 15096 --- [ms-envios] [main] com.zaxxer.hikari.HikariDataSource       : HikariPool-1 - Starting...
2026-05-16T15:34:36.469-04:00  INFO 15096 --- [ms-envios] [main] com.zaxxer.hikari.pool.HikariPool        : HikariPool-1 - Added connection com.mysql.cj.jdbc.ConnectionImpl@37775bb1
2026-05-16T15:34:36.471-04:00  INFO 15096 --- [ms-envios] [main] com.zaxxer.hikari.HikariDataSource       : HikariPool-1 - Start completed.
2026-05-16T15:34:38.460-04:00  INFO 15096 --- [ms-envios] [main] liquibase.command                        : Logging exception.
2026-05-16T15:34:38.461-04:00  INFO 15096 --- [ms-envios] [main] liquibase.ui                             : ERROR: Exception Details
2026-05-16T15:34:38.461-04:00  INFO 15096 --- [ms-envios] [main] liquibase.ui                             : ERROR: Exception Primary Class:  ChangeLogParseException
2026-05-16T15:34:38.462-04:00  INFO 15096 --- [ms-envios] [main] liquibase.ui                             : ERROR: Exception Primary Reason:  ERROR: The file 'classpath:db/changelog/db.changelog-master.xml' was not found.
The file property cannot be configured with a fully qualified path, but must be a relative path on the property,
and any local or remote base of the path set on the search path.
2026-05-16T15:34:38.462-04:00  INFO 15096 --- [ms-envios] [main] liquibase.ui                             : ERROR: Exception Primary Source:  5.0.2
2026-05-16T15:34:38.462-04:00  INFO 15096 --- [ms-envios] [main] liquibase.command                        : Command execution complete
2026-05-16T15:34:38.468-04:00  WARN 15096 --- [ms-envios] [main] ConfigServletWebServerApplicationContext : Exception encountered during context initialization - cancelling refresh attempt: org.springframework.beans.factory.BeanCreationException: Error creating bean with name 'entityManagerFactory' defined in class path resource [org/springframework/boot/hibernate/autoconfigure/HibernateJpaConfiguration.class]: Failed to initialize dependency 'liquibase' of LoadTimeWeaverAware bean 'entityManagerFactory': Error creating bean with name 'liquibase' defined in class path resource [org/springframework/boot/liquibase/autoconfigure/LiquibaseAutoConfiguration$LiquibaseConfiguration.class]: liquibase.exception.CommandExecutionException: liquibase.exception.ChangeLogParseException: ERROR: The file 'classpath:db/changelog/db.changelog-master.xml' was not found.
The file property cannot be configured with a fully qualified path, but must be a relative path on the property,
and any local or remote base of the path set on the search path.
2026-05-16T15:34:38.469-04:00  INFO 15096 --- [ms-envios] [main] com.zaxxer.hikari.HikariDataSource       : HikariPool-1 - Shutdown initiated...
2026-05-16T15:34:38.482-04:00  INFO 15096 --- [ms-envios] [main] com.zaxxer.hikari.HikariDataSource       : HikariPool-1 - Shutdown completed.
2026-05-16T15:34:38.489-04:00  INFO 15096 --- [ms-envios] [main] o.apache.catalina.core.StandardService   : Stopping service [Tomcat]
2026-05-16T15:34:38.504-04:00  INFO 15096 --- [ms-envios] [main] .s.b.a.l.ConditionEvaluationReportLogger : 

Error starting ApplicationContext. To display the condition evaluation report re-run your application with 'debug' enabled.
2026-05-16T15:34:38.526-04:00 ERROR 15096 --- [ms-envios] [main] o.s.boot.SpringApplication               : Application run failed

org.springframework.beans.factory.BeanCreationException: Error creating bean with name 'entityManagerFactory' defined in class path resource [org/springframework/boot/hibernate/autoconfigure/HibernateJpaConfiguration.class]: Failed to initialize dependency 'liquibase' of LoadTimeWeaverAware bean 'entityManagerFactory': Error creating bean with name 'liquibase' defined in class path resource [org/springframework/boot/liquibase/autoconfigure/LiquibaseAutoConfiguration$LiquibaseConfiguration.class]: liquibase.exception.CommandExecutionException: liquibase.exception.ChangeLogParseException: ERROR: The file 'classpath:db/changelog/db.changelog-master.xml' was not found.
The file property cannot be configured with a fully qualified path, but must be a relative path on the property,
and any local or remote base of the path set on the search path.
	at org.springframework.beans.factory.support.AbstractBeanFactory.doGetBean(AbstractBeanFactory.java:322) ~[spring-beans-7.0.7.jar:7.0.7]
	at org.springframework.beans.factory.support.AbstractBeanFactory.getBean(AbstractBeanFactory.java:201) ~[spring-beans-7.0.7.jar:7.0.7]
	at org.springframework.context.support.AbstractApplicationContext.finishBeanFactoryInitialization(AbstractApplicationContext.java:977) ~[spring-context-7.0.7.jar:7.0.7]
	at org.springframework.context.support.AbstractApplicationContext.refresh(AbstractApplicationContext.java:621) ~[spring-context-7.0.7.jar:7.0.7]
	at org.springframework.boot.web.server.servlet.context.ServletWebServerApplicationContext.refresh(ServletWebServerApplicationContext.java:143) ~[spring-boot-web-server-4.0.6.jar:4.0.6]
	at org.springframework.boot.SpringApplication.refresh(SpringApplication.java:756) ~[spring-boot-4.0.6.jar:4.0.6]
	at org.springframework.boot.SpringApplication.refreshContext(SpringApplication.java:445) ~[spring-boot-4.0.6.jar:4.0.6]
	at org.springframework.boot.SpringApplication.run(SpringApplication.java:321) ~[spring-boot-4.0.6.jar:4.0.6]
	at org.springframework.boot.SpringApplication.run(SpringApplication.java:1365) ~[spring-boot-4.0.6.jar:4.0.6]
	at org.springframework.boot.SpringApplication.run(SpringApplication.java:1354) ~[spring-boot-4.0.6.jar:4.0.6]
	at com.dsy1103.msenvios.MsEnviosApplication.main(MsEnviosApplication.java:10) ~[classes/:na]
Caused by: org.springframework.beans.factory.BeanCreationException: Error creating bean with name 'liquibase' defined in class path resource [org/springframework/boot/liquibase/autoconfigure/LiquibaseAutoConfiguration$LiquibaseConfiguration.class]: liquibase.exception.CommandExecutionException: liquibase.exception.ChangeLogParseException: ERROR: The file 'classpath:db/changelog/db.changelog-master.xml' was not found.
The file property cannot be configured with a fully qualified path, but must be a relative path on the property,
and any local or remote base of the path set on the search path.
	at org.springframework.beans.factory.support.AbstractAutowireCapableBeanFactory.initializeBean(AbstractAutowireCapableBeanFactory.java:1817) ~[spring-beans-7.0.7.jar:7.0.7]
	at org.springframework.beans.factory.support.AbstractAutowireCapableBeanFactory.doCreateBean(AbstractAutowireCapableBeanFactory.java:603) ~[spring-beans-7.0.7.jar:7.0.7]
	at org.springframework.beans.factory.support.AbstractAutowireCapableBeanFactory.createBean(AbstractAutowireCapableBeanFactory.java:525) ~[spring-beans-7.0.7.jar:7.0.7]
	at org.springframework.beans.factory.support.AbstractBeanFactory.lambda$doGetBean$0(AbstractBeanFactory.java:333) ~[spring-beans-7.0.7.jar:7.0.7]
	at org.springframework.beans.factory.support.DefaultSingletonBeanRegistry.getSingleton(DefaultSingletonBeanRegistry.java:371) ~[spring-beans-7.0.7.jar:7.0.7]
	at org.springframework.beans.factory.support.AbstractBeanFactory.doGetBean(AbstractBeanFactory.java:331) ~[spring-beans-7.0.7.jar:7.0.7]
	at org.springframework.beans.factory.support.AbstractBeanFactory.getBean(AbstractBeanFactory.java:196) ~[spring-beans-7.0.7.jar:7.0.7]
	at org.springframework.beans.factory.support.AbstractBeanFactory.doGetBean(AbstractBeanFactory.java:309) ~[spring-beans-7.0.7.jar:7.0.7]
	... 10 common frames omitted
Caused by: liquibase.exception.LiquibaseException: liquibase.exception.CommandExecutionException: liquibase.exception.ChangeLogParseException: ERROR: The file 'classpath:db/changelog/db.changelog-master.xml' was not found.
The file property cannot be configured with a fully qualified path, but must be a relative path on the property,
and any local or remote base of the path set on the search path.
	at liquibase.integration.spring.SpringLiquibase.afterPropertiesSet(SpringLiquibase.java:289) ~[liquibase-core-5.0.2.jar:na]
	at org.springframework.beans.factory.support.AbstractAutowireCapableBeanFactory.invokeInitMethods(AbstractAutowireCapableBeanFactory.java:1864) ~[spring-beans-7.0.7.jar:7.0.7]
	at org.springframework.beans.factory.support.AbstractAutowireCapableBeanFactory.initializeBean(AbstractAutowireCapableBeanFactory.java:1813) ~[spring-beans-7.0.7.jar:7.0.7]
	... 17 common frames omitted
Caused by: liquibase.exception.CommandExecutionException: liquibase.exception.ChangeLogParseException: ERROR: The file 'classpath:db/changelog/db.changelog-master.xml' was not found.
The file property cannot be configured with a fully qualified path, but must be a relative path on the property,
and any local or remote base of the path set on the search path.
	at liquibase.command.CommandScope.lambda$execute$5(CommandScope.java:325) ~[liquibase-core-5.0.2.jar:na]
	at liquibase.Scope.child(Scope.java:250) ~[liquibase-core-5.0.2.jar:na]
	at liquibase.Scope.child(Scope.java:226) ~[liquibase-core-5.0.2.jar:na]
	at liquibase.command.CommandScope.execute(CommandScope.java:257) ~[liquibase-core-5.0.2.jar:na]
	at liquibase.Liquibase.lambda$update$0(Liquibase.java:216) ~[liquibase-core-5.0.2.jar:na]
	at liquibase.Scope.lambda$child$0(Scope.java:241) ~[liquibase-core-5.0.2.jar:na]
	at liquibase.Scope.child(Scope.java:250) ~[liquibase-core-5.0.2.jar:na]
	at liquibase.Scope.child(Scope.java:240) ~[liquibase-core-5.0.2.jar:na]
	at liquibase.Scope.child(Scope.java:219) ~[liquibase-core-5.0.2.jar:na]
	at liquibase.Liquibase.runInScope(Liquibase.java:1366) ~[liquibase-core-5.0.2.jar:na]
	at liquibase.Liquibase.update(Liquibase.java:205) ~[liquibase-core-5.0.2.jar:na]
	at liquibase.Liquibase.update(Liquibase.java:188) ~[liquibase-core-5.0.2.jar:na]
	at liquibase.integration.spring.SpringLiquibase.performUpdate(SpringLiquibase.java:327) ~[liquibase-core-5.0.2.jar:na]
	at liquibase.integration.spring.SpringLiquibase.lambda$afterPropertiesSet$0(SpringLiquibase.java:279) ~[liquibase-core-5.0.2.jar:na]
	at liquibase.Scope.lambda$child$0(Scope.java:241) ~[liquibase-core-5.0.2.jar:na]
	at liquibase.Scope.child(Scope.java:250) ~[liquibase-core-5.0.2.jar:na]
	at liquibase.Scope.child(Scope.java:240) ~[liquibase-core-5.0.2.jar:na]
	at liquibase.Scope.child(Scope.java:219) ~[liquibase-core-5.0.2.jar:na]
	at liquibase.integration.spring.SpringLiquibase.afterPropertiesSet(SpringLiquibase.java:272) ~[liquibase-core-5.0.2.jar:na]
	... 19 common frames omitted
Caused by: liquibase.exception.ChangeLogParseException: ERROR: The file 'classpath:db/changelog/db.changelog-master.xml' was not found.
The file property cannot be configured with a fully qualified path, but must be a relative path on the property,
and any local or remote base of the path set on the search path.
	at liquibase.parser.core.xml.XMLChangeLogSAXParser.parseToNode(XMLChangeLogSAXParser.java:123) ~[liquibase-core-5.0.2.jar:na]
	at liquibase.parser.core.xml.AbstractChangeLogParser.parse(AbstractChangeLogParser.java:15) ~[liquibase-core-5.0.2.jar:na]
	at liquibase.command.core.helpers.DatabaseChangelogCommandStep.lambda$getDatabaseChangeLog$0(DatabaseChangelogCommandStep.java:143) ~[liquibase-core-5.0.2.jar:na]
	at liquibase.Scope.lambda$child$0(Scope.java:241) ~[liquibase-core-5.0.2.jar:na]
	at liquibase.Scope.child(Scope.java:250) ~[liquibase-core-5.0.2.jar:na]
	at liquibase.Scope.child(Scope.java:240) ~[liquibase-core-5.0.2.jar:na]
	at liquibase.Scope.child(Scope.java:219) ~[liquibase-core-5.0.2.jar:na]
	at liquibase.Scope.child(Scope.java:307) ~[liquibase-core-5.0.2.jar:na]
	at liquibase.Scope.child(Scope.java:311) ~[liquibase-core-5.0.2.jar:na]
	at liquibase.command.core.helpers.DatabaseChangelogCommandStep.getDatabaseChangeLog(DatabaseChangelogCommandStep.java:138) ~[liquibase-core-5.0.2.jar:na]
	at liquibase.command.core.helpers.DatabaseChangelogCommandStep.run(DatabaseChangelogCommandStep.java:84) ~[liquibase-core-5.0.2.jar:na]
	at liquibase.command.CommandScope.lambda$execute$5(CommandScope.java:269) ~[liquibase-core-5.0.2.jar:na]
	... 37 common frames omitted

2026-05-16T15:36:40.901-04:00  INFO 5044 --- [ms-envios] [main] c.dsy1103.msenvios.MsEnviosApplication   : Starting MsEnviosApplication using Java 24.0.2 with PID 5044 (C:\Users\zerze\OneDrive\Desktop\ev2\Evaluacion-Parcial-2-Full-Stack-DSY1103\ms-envios\target\classes started by zerze in C:\Users\zerze\OneDrive\Desktop\ev2\Evaluacion-Parcial-2-Full-Stack-DSY1103\ms-envios)
2026-05-16T15:36:40.905-04:00  INFO 5044 --- [ms-envios] [main] c.dsy1103.msenvios.MsEnviosApplication   : No active profile set, falling back to 1 default profile: "default"
2026-05-16T15:36:42.033-04:00  INFO 5044 --- [ms-envios] [main] .s.d.r.c.RepositoryConfigurationDelegate : Bootstrapping Spring Data JPA repositories in DEFAULT mode.
2026-05-16T15:36:42.136-04:00  INFO 5044 --- [ms-envios] [main] .s.d.r.c.RepositoryConfigurationDelegate : Finished Spring Data repository scanning in 84 ms. Found 2 JPA repository interfaces.
2026-05-16T15:36:42.402-04:00  INFO 5044 --- [ms-envios] [main] o.s.cloud.context.scope.GenericScope     : BeanFactory id=66fcb5a7-92b5-32a7-b1ff-aba9c4b067bc
2026-05-16T15:36:42.991-04:00  INFO 5044 --- [ms-envios] [main] o.s.boot.tomcat.TomcatWebServer          : Tomcat initialized with port 8086 (http)
2026-05-16T15:36:43.012-04:00  INFO 5044 --- [ms-envios] [main] o.apache.catalina.core.StandardService   : Starting service [Tomcat]
2026-05-16T15:36:43.013-04:00  INFO 5044 --- [ms-envios] [main] o.apache.catalina.core.StandardEngine    : Starting Servlet engine: [Apache Tomcat/11.0.21]
2026-05-16T15:36:43.089-04:00  INFO 5044 --- [ms-envios] [main] b.w.c.s.WebApplicationContextInitializer : Root WebApplicationContext: initialization completed in 2115 ms
2026-05-16T15:36:43.330-04:00  INFO 5044 --- [ms-envios] [main] com.zaxxer.hikari.HikariDataSource       : HikariPool-1 - Starting...
2026-05-16T15:36:43.631-04:00  INFO 5044 --- [ms-envios] [main] com.zaxxer.hikari.pool.HikariPool        : HikariPool-1 - Added connection com.mysql.cj.jdbc.ConnectionImpl@37775bb1
2026-05-16T15:36:43.634-04:00  INFO 5044 --- [ms-envios] [main] com.zaxxer.hikari.HikariDataSource       : HikariPool-1 - Start completed.
2026-05-16T15:36:45.477-04:00  INFO 5044 --- [ms-envios] [main] liquibase.command                        : Logging exception.
2026-05-16T15:36:45.477-04:00  INFO 5044 --- [ms-envios] [main] liquibase.ui                             : ERROR: Exception Details
2026-05-16T15:36:45.477-04:00  INFO 5044 --- [ms-envios] [main] liquibase.ui                             : ERROR: Exception Primary Class:  ChangeLogParseException
2026-05-16T15:36:45.477-04:00  INFO 5044 --- [ms-envios] [main] liquibase.ui                             : ERROR: Exception Primary Reason:  
Unexpected formatting in formatted changelog 'classpath:db/changelog.sql' at line 3.
Formatted SQL changelogs require known formats, such as '--changeset <authorname>:<changesetId>' and others to be recognized and run.
Learn all the options at https://docs.liquibase.com/concepts/changelogs/sql-format.html
2026-05-16T15:36:45.478-04:00  INFO 5044 --- [ms-envios] [main] liquibase.ui                             : ERROR: Exception Primary Source:  5.0.2
2026-05-16T15:36:45.478-04:00  INFO 5044 --- [ms-envios] [main] liquibase.command                        : Command execution complete
2026-05-16T15:36:45.482-04:00  WARN 5044 --- [ms-envios] [main] ConfigServletWebServerApplicationContext : Exception encountered during context initialization - cancelling refresh attempt: org.springframework.beans.factory.BeanCreationException: Error creating bean with name 'entityManagerFactory' defined in class path resource [org/springframework/boot/hibernate/autoconfigure/HibernateJpaConfiguration.class]: Failed to initialize dependency 'liquibase' of LoadTimeWeaverAware bean 'entityManagerFactory': Error creating bean with name 'liquibase' defined in class path resource [org/springframework/boot/liquibase/autoconfigure/LiquibaseAutoConfiguration$LiquibaseConfiguration.class]: liquibase.exception.CommandExecutionException: liquibase.exception.ChangeLogParseException: 
Unexpected formatting in formatted changelog 'classpath:db/changelog.sql' at line 3.
Formatted SQL changelogs require known formats, such as '--changeset <authorname>:<changesetId>' and others to be recognized and run.
Learn all the options at https://docs.liquibase.com/concepts/changelogs/sql-format.html
2026-05-16T15:36:45.483-04:00  INFO 5044 --- [ms-envios] [main] com.zaxxer.hikari.HikariDataSource       : HikariPool-1 - Shutdown initiated...
2026-05-16T15:36:45.493-04:00  INFO 5044 --- [ms-envios] [main] com.zaxxer.hikari.HikariDataSource       : HikariPool-1 - Shutdown completed.
2026-05-16T15:36:45.499-04:00  INFO 5044 --- [ms-envios] [main] o.apache.catalina.core.StandardService   : Stopping service [Tomcat]
2026-05-16T15:36:45.512-04:00  INFO 5044 --- [ms-envios] [main] .s.b.a.l.ConditionEvaluationReportLogger : 

Error starting ApplicationContext. To display the condition evaluation report re-run your application with 'debug' enabled.
2026-05-16T15:36:45.534-04:00 ERROR 5044 --- [ms-envios] [main] o.s.boot.SpringApplication               : Application run failed

org.springframework.beans.factory.BeanCreationException: Error creating bean with name 'entityManagerFactory' defined in class path resource [org/springframework/boot/hibernate/autoconfigure/HibernateJpaConfiguration.class]: Failed to initialize dependency 'liquibase' of LoadTimeWeaverAware bean 'entityManagerFactory': Error creating bean with name 'liquibase' defined in class path resource [org/springframework/boot/liquibase/autoconfigure/LiquibaseAutoConfiguration$LiquibaseConfiguration.class]: liquibase.exception.CommandExecutionException: liquibase.exception.ChangeLogParseException: 
Unexpected formatting in formatted changelog 'classpath:db/changelog.sql' at line 3.
Formatted SQL changelogs require known formats, such as '--changeset <authorname>:<changesetId>' and others to be recognized and run.
Learn all the options at https://docs.liquibase.com/concepts/changelogs/sql-format.html
	at org.springframework.beans.factory.support.AbstractBeanFactory.doGetBean(AbstractBeanFactory.java:322) ~[spring-beans-7.0.7.jar:7.0.7]
	at org.springframework.beans.factory.support.AbstractBeanFactory.getBean(AbstractBeanFactory.java:201) ~[spring-beans-7.0.7.jar:7.0.7]
	at org.springframework.context.support.AbstractApplicationContext.finishBeanFactoryInitialization(AbstractApplicationContext.java:977) ~[spring-context-7.0.7.jar:7.0.7]
	at org.springframework.context.support.AbstractApplicationContext.refresh(AbstractApplicationContext.java:621) ~[spring-context-7.0.7.jar:7.0.7]
	at org.springframework.boot.web.server.servlet.context.ServletWebServerApplicationContext.refresh(ServletWebServerApplicationContext.java:143) ~[spring-boot-web-server-4.0.6.jar:4.0.6]
	at org.springframework.boot.SpringApplication.refresh(SpringApplication.java:756) ~[spring-boot-4.0.6.jar:4.0.6]
	at org.springframework.boot.SpringApplication.refreshContext(SpringApplication.java:445) ~[spring-boot-4.0.6.jar:4.0.6]
	at org.springframework.boot.SpringApplication.run(SpringApplication.java:321) ~[spring-boot-4.0.6.jar:4.0.6]
	at org.springframework.boot.SpringApplication.run(SpringApplication.java:1365) ~[spring-boot-4.0.6.jar:4.0.6]
	at org.springframework.boot.SpringApplication.run(SpringApplication.java:1354) ~[spring-boot-4.0.6.jar:4.0.6]
	at com.dsy1103.msenvios.MsEnviosApplication.main(MsEnviosApplication.java:10) ~[classes/:na]
Caused by: org.springframework.beans.factory.BeanCreationException: Error creating bean with name 'liquibase' defined in class path resource [org/springframework/boot/liquibase/autoconfigure/LiquibaseAutoConfiguration$LiquibaseConfiguration.class]: liquibase.exception.CommandExecutionException: liquibase.exception.ChangeLogParseException: 
Unexpected formatting in formatted changelog 'classpath:db/changelog.sql' at line 3.
Formatted SQL changelogs require known formats, such as '--changeset <authorname>:<changesetId>' and others to be recognized and run.
Learn all the options at https://docs.liquibase.com/concepts/changelogs/sql-format.html
	at org.springframework.beans.factory.support.AbstractAutowireCapableBeanFactory.initializeBean(AbstractAutowireCapableBeanFactory.java:1817) ~[spring-beans-7.0.7.jar:7.0.7]
	at org.springframework.beans.factory.support.AbstractAutowireCapableBeanFactory.doCreateBean(AbstractAutowireCapableBeanFactory.java:603) ~[spring-beans-7.0.7.jar:7.0.7]
	at org.springframework.beans.factory.support.AbstractAutowireCapableBeanFactory.createBean(AbstractAutowireCapableBeanFactory.java:525) ~[spring-beans-7.0.7.jar:7.0.7]
	at org.springframework.beans.factory.support.AbstractBeanFactory.lambda$doGetBean$0(AbstractBeanFactory.java:333) ~[spring-beans-7.0.7.jar:7.0.7]
	at org.springframework.beans.factory.support.DefaultSingletonBeanRegistry.getSingleton(DefaultSingletonBeanRegistry.java:371) ~[spring-beans-7.0.7.jar:7.0.7]
	at org.springframework.beans.factory.support.AbstractBeanFactory.doGetBean(AbstractBeanFactory.java:331) ~[spring-beans-7.0.7.jar:7.0.7]
	at org.springframework.beans.factory.support.AbstractBeanFactory.getBean(AbstractBeanFactory.java:196) ~[spring-beans-7.0.7.jar:7.0.7]
	at org.springframework.beans.factory.support.AbstractBeanFactory.doGetBean(AbstractBeanFactory.java:309) ~[spring-beans-7.0.7.jar:7.0.7]
	... 10 common frames omitted
Caused by: liquibase.exception.LiquibaseException: liquibase.exception.CommandExecutionException: liquibase.exception.ChangeLogParseException: 
Unexpected formatting in formatted changelog 'classpath:db/changelog.sql' at line 3.
Formatted SQL changelogs require known formats, such as '--changeset <authorname>:<changesetId>' and others to be recognized and run.
Learn all the options at https://docs.liquibase.com/concepts/changelogs/sql-format.html
	at liquibase.integration.spring.SpringLiquibase.afterPropertiesSet(SpringLiquibase.java:289) ~[liquibase-core-5.0.2.jar:na]
	at org.springframework.beans.factory.support.AbstractAutowireCapableBeanFactory.invokeInitMethods(AbstractAutowireCapableBeanFactory.java:1864) ~[spring-beans-7.0.7.jar:7.0.7]
	at org.springframework.beans.factory.support.AbstractAutowireCapableBeanFactory.initializeBean(AbstractAutowireCapableBeanFactory.java:1813) ~[spring-beans-7.0.7.jar:7.0.7]
	... 17 common frames omitted
Caused by: liquibase.exception.CommandExecutionException: liquibase.exception.ChangeLogParseException: 
Unexpected formatting in formatted changelog 'classpath:db/changelog.sql' at line 3.
Formatted SQL changelogs require known formats, such as '--changeset <authorname>:<changesetId>' and others to be recognized and run.
Learn all the options at https://docs.liquibase.com/concepts/changelogs/sql-format.html
	at liquibase.command.CommandScope.lambda$execute$5(CommandScope.java:325) ~[liquibase-core-5.0.2.jar:na]
	at liquibase.Scope.child(Scope.java:250) ~[liquibase-core-5.0.2.jar:na]
	at liquibase.Scope.child(Scope.java:226) ~[liquibase-core-5.0.2.jar:na]
	at liquibase.command.CommandScope.execute(CommandScope.java:257) ~[liquibase-core-5.0.2.jar:na]
	at liquibase.Liquibase.lambda$update$0(Liquibase.java:216) ~[liquibase-core-5.0.2.jar:na]
	at liquibase.Scope.lambda$child$0(Scope.java:241) ~[liquibase-core-5.0.2.jar:na]
	at liquibase.Scope.child(Scope.java:250) ~[liquibase-core-5.0.2.jar:na]
	at liquibase.Scope.child(Scope.java:240) ~[liquibase-core-5.0.2.jar:na]
	at liquibase.Scope.child(Scope.java:219) ~[liquibase-core-5.0.2.jar:na]
	at liquibase.Liquibase.runInScope(Liquibase.java:1366) ~[liquibase-core-5.0.2.jar:na]
	at liquibase.Liquibase.update(Liquibase.java:205) ~[liquibase-core-5.0.2.jar:na]
	at liquibase.Liquibase.update(Liquibase.java:188) ~[liquibase-core-5.0.2.jar:na]
	at liquibase.integration.spring.SpringLiquibase.performUpdate(SpringLiquibase.java:327) ~[liquibase-core-5.0.2.jar:na]
	at liquibase.integration.spring.SpringLiquibase.lambda$afterPropertiesSet$0(SpringLiquibase.java:279) ~[liquibase-core-5.0.2.jar:na]
	at liquibase.Scope.lambda$child$0(Scope.java:241) ~[liquibase-core-5.0.2.jar:na]
	at liquibase.Scope.child(Scope.java:250) ~[liquibase-core-5.0.2.jar:na]
	at liquibase.Scope.child(Scope.java:240) ~[liquibase-core-5.0.2.jar:na]
	at liquibase.Scope.child(Scope.java:219) ~[liquibase-core-5.0.2.jar:na]
	at liquibase.integration.spring.SpringLiquibase.afterPropertiesSet(SpringLiquibase.java:272) ~[liquibase-core-5.0.2.jar:na]
	... 19 common frames omitted
Caused by: liquibase.exception.ChangeLogParseException: 
Unexpected formatting in formatted changelog 'classpath:db/changelog.sql' at line 3.
Formatted SQL changelogs require known formats, such as '--changeset <authorname>:<changesetId>' and others to be recognized and run.
Learn all the options at https://docs.liquibase.com/concepts/changelogs/sql-format.html
	at liquibase.parser.AbstractFormattedChangeLogParser.parse(AbstractFormattedChangeLogParser.java:511) ~[liquibase-core-5.0.2.jar:na]
	at liquibase.command.core.helpers.DatabaseChangelogCommandStep.lambda$getDatabaseChangeLog$0(DatabaseChangelogCommandStep.java:143) ~[liquibase-core-5.0.2.jar:na]
	at liquibase.Scope.lambda$child$0(Scope.java:241) ~[liquibase-core-5.0.2.jar:na]
	at liquibase.Scope.child(Scope.java:250) ~[liquibase-core-5.0.2.jar:na]
	at liquibase.Scope.child(Scope.java:240) ~[liquibase-core-5.0.2.jar:na]
	at liquibase.Scope.child(Scope.java:219) ~[liquibase-core-5.0.2.jar:na]
	at liquibase.Scope.child(Scope.java:307) ~[liquibase-core-5.0.2.jar:na]
	at liquibase.Scope.child(Scope.java:311) ~[liquibase-core-5.0.2.jar:na]
	at liquibase.command.core.helpers.DatabaseChangelogCommandStep.getDatabaseChangeLog(DatabaseChangelogCommandStep.java:138) ~[liquibase-core-5.0.2.jar:na]
	at liquibase.command.core.helpers.DatabaseChangelogCommandStep.run(DatabaseChangelogCommandStep.java:84) ~[liquibase-core-5.0.2.jar:na]
	at liquibase.command.CommandScope.lambda$execute$5(CommandScope.java:269) ~[liquibase-core-5.0.2.jar:na]
	... 37 common frames omitted

2026-05-16T15:38:21.018-04:00  INFO 23636 --- [ms-envios] [main] c.dsy1103.msenvios.MsEnviosApplication   : Starting MsEnviosApplication using Java 24.0.2 with PID 23636 (C:\Users\zerze\OneDrive\Desktop\ev2\Evaluacion-Parcial-2-Full-Stack-DSY1103\ms-envios\target\classes started by zerze in C:\Users\zerze\OneDrive\Desktop\ev2\Evaluacion-Parcial-2-Full-Stack-DSY1103\ms-envios)
2026-05-16T15:38:21.021-04:00  INFO 23636 --- [ms-envios] [main] c.dsy1103.msenvios.MsEnviosApplication   : No active profile set, falling back to 1 default profile: "default"
2026-05-16T15:38:22.091-04:00  INFO 23636 --- [ms-envios] [main] .s.d.r.c.RepositoryConfigurationDelegate : Bootstrapping Spring Data JPA repositories in DEFAULT mode.
2026-05-16T15:38:22.157-04:00  INFO 23636 --- [ms-envios] [main] .s.d.r.c.RepositoryConfigurationDelegate : Finished Spring Data repository scanning in 53 ms. Found 2 JPA repository interfaces.
2026-05-16T15:38:22.341-04:00  INFO 23636 --- [ms-envios] [main] o.s.cloud.context.scope.GenericScope     : BeanFactory id=66fcb5a7-92b5-32a7-b1ff-aba9c4b067bc
2026-05-16T15:38:22.866-04:00  INFO 23636 --- [ms-envios] [main] o.s.boot.tomcat.TomcatWebServer          : Tomcat initialized with port 8086 (http)
2026-05-16T15:38:22.889-04:00  INFO 23636 --- [ms-envios] [main] o.apache.catalina.core.StandardService   : Starting service [Tomcat]
2026-05-16T15:38:22.890-04:00  INFO 23636 --- [ms-envios] [main] o.apache.catalina.core.StandardEngine    : Starting Servlet engine: [Apache Tomcat/11.0.21]
2026-05-16T15:38:22.987-04:00  INFO 23636 --- [ms-envios] [main] b.w.c.s.WebApplicationContextInitializer : Root WebApplicationContext: initialization completed in 1909 ms
2026-05-16T15:38:23.223-04:00  INFO 23636 --- [ms-envios] [main] com.zaxxer.hikari.HikariDataSource       : HikariPool-1 - Starting...
2026-05-16T15:38:23.404-04:00  INFO 23636 --- [ms-envios] [main] com.zaxxer.hikari.pool.HikariPool        : HikariPool-1 - Added connection com.mysql.cj.jdbc.ConnectionImpl@1c6a0103
2026-05-16T15:38:23.407-04:00  INFO 23636 --- [ms-envios] [main] com.zaxxer.hikari.HikariDataSource       : HikariPool-1 - Start completed.
2026-05-16T15:38:25.140-04:00  INFO 23636 --- [ms-envios] [main] liquibase.changelog                      : Creating database changelog table with name: prueba5.databasechangelog
2026-05-16T15:38:25.302-04:00  INFO 23636 --- [ms-envios] [main] liquibase.changelog                      : Reading from prueba5.databasechangelog
2026-05-16T15:38:25.626-04:00  INFO 23636 --- [ms-envios] [main] liquibase.snapshot                       : Creating snapshot
2026-05-16T15:38:25.735-04:00  INFO 23636 --- [ms-envios] [main] liquibase.lockservice                    : Successfully acquired change log lock
2026-05-16T15:38:25.736-04:00  INFO 23636 --- [ms-envios] [main] liquibase.command                        : Using deploymentId: 8960303200
2026-05-16T15:38:25.739-04:00  INFO 23636 --- [ms-envios] [main] liquibase.changelog                      : Reading from prueba5.databasechangelog
2026-05-16T15:38:25.770-04:00  INFO 23636 --- [ms-envios] [main] liquibase.ui                             : Running Changeset: db/changelog.sql::1::milton
2026-05-16T15:38:25.810-04:00  INFO 23636 --- [ms-envios] [main] liquibase.changelog                      : Custom SQL executed
2026-05-16T15:38:25.813-04:00  INFO 23636 --- [ms-envios] [main] liquibase.changelog                      : ChangeSet db/changelog.sql::1::milton ran successfully in 41ms
2026-05-16T15:38:25.833-04:00  INFO 23636 --- [ms-envios] [main] liquibase.ui                             : Running Changeset: db/changelog.sql::2::milton
2026-05-16T15:38:25.884-04:00  INFO 23636 --- [ms-envios] [main] liquibase.changelog                      : Custom SQL executed
2026-05-16T15:38:25.884-04:00  INFO 23636 --- [ms-envios] [main] liquibase.changelog                      : ChangeSet db/changelog.sql::2::milton ran successfully in 50ms
2026-05-16T15:38:25.900-04:00  INFO 23636 --- [ms-envios] [main] liquibase.util                           : UPDATE SUMMARY
2026-05-16T15:38:25.900-04:00  INFO 23636 --- [ms-envios] [main] liquibase.util                           : Run:                          2
2026-05-16T15:38:25.900-04:00  INFO 23636 --- [ms-envios] [main] liquibase.util                           : Previously run:               0
2026-05-16T15:38:25.900-04:00  INFO 23636 --- [ms-envios] [main] liquibase.util                           : Filtered out:                 0
2026-05-16T15:38:25.900-04:00  INFO 23636 --- [ms-envios] [main] liquibase.util                           : -------------------------------
2026-05-16T15:38:25.900-04:00  INFO 23636 --- [ms-envios] [main] liquibase.util                           : Total change sets:            2
2026-05-16T15:38:25.901-04:00  INFO 23636 --- [ms-envios] [main] liquibase.util                           : Update summary generated
2026-05-16T15:38:25.904-04:00  INFO 23636 --- [ms-envios] [main] liquibase.command                        : Update command completed successfully.
2026-05-16T15:38:25.904-04:00  INFO 23636 --- [ms-envios] [main] liquibase.ui                             : Liquibase: Update has been successful. Rows affected: 0
2026-05-16T15:38:25.910-04:00  INFO 23636 --- [ms-envios] [main] liquibase.lockservice                    : Successfully released change log lock
2026-05-16T15:38:25.911-04:00  INFO 23636 --- [ms-envios] [main] liquibase.command                        : Command execution complete
2026-05-16T15:38:26.016-04:00  INFO 23636 --- [ms-envios] [main] org.hibernate.orm.jpa                    : HHH008540: Processing PersistenceUnitInfo [name: default]
2026-05-16T15:38:26.097-04:00  INFO 23636 --- [ms-envios] [main] org.hibernate.orm.core                   : HHH000001: Hibernate ORM core version 7.2.12.Final
2026-05-16T15:38:26.606-04:00  INFO 23636 --- [ms-envios] [main] o.s.o.j.p.SpringPersistenceUnitInfo      : No LoadTimeWeaver setup: ignoring JPA class transformer
2026-05-16T15:38:26.666-04:00  WARN 23636 --- [ms-envios] [main] org.hibernate.orm.deprecation            : HHH90000025: MySQLDialect does not need to be specified explicitly using 'hibernate.dialect' (remove the property setting and it will be selected by default)
2026-05-16T15:38:26.678-04:00  INFO 23636 --- [ms-envios] [main] org.hibernate.orm.connections.pooling    : HHH10001005: Database info:
	Database JDBC URL [jdbc:mysql://localhost:3306/prueba5?useSSL=false&serverTimezone=America/Santiago&allowPublicKeyRetrieval=true]
	Database driver: MySQL Connector/J
	Database dialect: MySQLDialect
	Database version: 8.4.3
	Default catalog/schema: prueba5/undefined
	Autocommit mode: undefined/unknown
	Isolation level: REPEATABLE_READ [default REPEATABLE_READ]
	JDBC fetch size: none
	Pool: DataSourceConnectionProvider
	Minimum pool size: undefined/unknown
	Maximum pool size: undefined/unknown
2026-05-16T15:38:27.621-04:00  INFO 23636 --- [ms-envios] [main] org.hibernate.orm.core                   : HHH000489: No JTA platform available (set 'hibernate.transaction.jta.platform' to enable JTA platform integration)
2026-05-16T15:38:27.665-04:00  INFO 23636 --- [ms-envios] [main] j.LocalContainerEntityManagerFactoryBean : Initialized JPA EntityManagerFactory for persistence unit 'default'
2026-05-16T15:38:27.776-04:00  INFO 23636 --- [ms-envios] [main] o.s.d.j.r.query.QueryEnhancerFactories   : Hibernate is in classpath; If applicable, HQL parser will be used.
2026-05-16T15:38:28.111-04:00  WARN 23636 --- [ms-envios] [main] ConfigServletWebServerApplicationContext : Exception encountered during context initialization - cancelling refresh attempt: org.springframework.beans.factory.UnsatisfiedDependencyException: Error creating bean with name 'seguimientoController': Unsatisfied dependency expressed through field 'seguimientoService': Error creating bean with name 'seguimientoService': Unsatisfied dependency expressed through field 'seguimientoRepo': Error creating bean with name 'seguimientoRepository' defined in com.dsy1103.msenvios.repository.SeguimientoRepository defined in @EnableJpaRepositories declared on DataJpaRepositoriesRegistrar.EnableJpaRepositoriesConfiguration: No property 'seguimiento' found for type 'SeguimientoModelo'
2026-05-16T15:38:28.112-04:00  INFO 23636 --- [ms-envios] [main] j.LocalContainerEntityManagerFactoryBean : Closing JPA EntityManagerFactory for persistence unit 'default'
2026-05-16T15:38:28.117-04:00  INFO 23636 --- [ms-envios] [main] com.zaxxer.hikari.HikariDataSource       : HikariPool-1 - Shutdown initiated...
2026-05-16T15:38:28.124-04:00  INFO 23636 --- [ms-envios] [main] com.zaxxer.hikari.HikariDataSource       : HikariPool-1 - Shutdown completed.
2026-05-16T15:38:28.128-04:00  INFO 23636 --- [ms-envios] [main] o.apache.catalina.core.StandardService   : Stopping service [Tomcat]
2026-05-16T15:38:28.138-04:00  INFO 23636 --- [ms-envios] [main] .s.b.a.l.ConditionEvaluationReportLogger : 

Error starting ApplicationContext. To display the condition evaluation report re-run your application with 'debug' enabled.
2026-05-16T15:38:28.162-04:00 ERROR 23636 --- [ms-envios] [main] o.s.boot.SpringApplication               : Application run failed

org.springframework.beans.factory.UnsatisfiedDependencyException: Error creating bean with name 'seguimientoController': Unsatisfied dependency expressed through field 'seguimientoService': Error creating bean with name 'seguimientoService': Unsatisfied dependency expressed through field 'seguimientoRepo': Error creating bean with name 'seguimientoRepository' defined in com.dsy1103.msenvios.repository.SeguimientoRepository defined in @EnableJpaRepositories declared on DataJpaRepositoriesRegistrar.EnableJpaRepositoriesConfiguration: No property 'seguimiento' found for type 'SeguimientoModelo'
	at org.springframework.beans.factory.annotation.AutowiredAnnotationBeanPostProcessor$AutowiredFieldElement.resolveFieldValue(AutowiredAnnotationBeanPostProcessor.java:767) ~[spring-beans-7.0.7.jar:7.0.7]
	at org.springframework.beans.factory.annotation.AutowiredAnnotationBeanPostProcessor$AutowiredFieldElement.inject(AutowiredAnnotationBeanPostProcessor.java:748) ~[spring-beans-7.0.7.jar:7.0.7]
	at org.springframework.beans.factory.annotation.InjectionMetadata.inject(InjectionMetadata.java:146) ~[spring-beans-7.0.7.jar:7.0.7]
	at org.springframework.beans.factory.annotation.AutowiredAnnotationBeanPostProcessor.postProcessProperties(AutowiredAnnotationBeanPostProcessor.java:493) ~[spring-beans-7.0.7.jar:7.0.7]
	at org.springframework.beans.factory.support.AbstractAutowireCapableBeanFactory.populateBean(AbstractAutowireCapableBeanFactory.java:1446) ~[spring-beans-7.0.7.jar:7.0.7]
	at org.springframework.beans.factory.support.AbstractAutowireCapableBeanFactory.doCreateBean(AbstractAutowireCapableBeanFactory.java:602) ~[spring-beans-7.0.7.jar:7.0.7]
	at org.springframework.beans.factory.support.AbstractAutowireCapableBeanFactory.createBean(AbstractAutowireCapableBeanFactory.java:525) ~[spring-beans-7.0.7.jar:7.0.7]
	at org.springframework.beans.factory.support.AbstractBeanFactory.lambda$doGetBean$0(AbstractBeanFactory.java:333) ~[spring-beans-7.0.7.jar:7.0.7]
	at org.springframework.beans.factory.support.DefaultSingletonBeanRegistry.getSingleton(DefaultSingletonBeanRegistry.java:371) ~[spring-beans-7.0.7.jar:7.0.7]
	at org.springframework.beans.factory.support.AbstractBeanFactory.doGetBean(AbstractBeanFactory.java:331) ~[spring-beans-7.0.7.jar:7.0.7]
	at org.springframework.beans.factory.support.AbstractBeanFactory.getBean(AbstractBeanFactory.java:196) ~[spring-beans-7.0.7.jar:7.0.7]
	at org.springframework.beans.factory.support.DefaultListableBeanFactory.instantiateSingleton(DefaultListableBeanFactory.java:1218) ~[spring-beans-7.0.7.jar:7.0.7]
	at org.springframework.beans.factory.support.DefaultListableBeanFactory.preInstantiateSingleton(DefaultListableBeanFactory.java:1184) ~[spring-beans-7.0.7.jar:7.0.7]
	at org.springframework.beans.factory.support.DefaultListableBeanFactory.preInstantiateSingletons(DefaultListableBeanFactory.java:1121) ~[spring-beans-7.0.7.jar:7.0.7]
	at org.springframework.context.support.AbstractApplicationContext.finishBeanFactoryInitialization(AbstractApplicationContext.java:994) ~[spring-context-7.0.7.jar:7.0.7]
	at org.springframework.context.support.AbstractApplicationContext.refresh(AbstractApplicationContext.java:621) ~[spring-context-7.0.7.jar:7.0.7]
	at org.springframework.boot.web.server.servlet.context.ServletWebServerApplicationContext.refresh(ServletWebServerApplicationContext.java:143) ~[spring-boot-web-server-4.0.6.jar:4.0.6]
	at org.springframework.boot.SpringApplication.refresh(SpringApplication.java:756) ~[spring-boot-4.0.6.jar:4.0.6]
	at org.springframework.boot.SpringApplication.refreshContext(SpringApplication.java:445) ~[spring-boot-4.0.6.jar:4.0.6]
	at org.springframework.boot.SpringApplication.run(SpringApplication.java:321) ~[spring-boot-4.0.6.jar:4.0.6]
	at org.springframework.boot.SpringApplication.run(SpringApplication.java:1365) ~[spring-boot-4.0.6.jar:4.0.6]
	at org.springframework.boot.SpringApplication.run(SpringApplication.java:1354) ~[spring-boot-4.0.6.jar:4.0.6]
	at com.dsy1103.msenvios.MsEnviosApplication.main(MsEnviosApplication.java:10) ~[classes/:na]
Caused by: org.springframework.beans.factory.UnsatisfiedDependencyException: Error creating bean with name 'seguimientoService': Unsatisfied dependency expressed through field 'seguimientoRepo': Error creating bean with name 'seguimientoRepository' defined in com.dsy1103.msenvios.repository.SeguimientoRepository defined in @EnableJpaRepositories declared on DataJpaRepositoriesRegistrar.EnableJpaRepositoriesConfiguration: No property 'seguimiento' found for type 'SeguimientoModelo'
	at org.springframework.beans.factory.annotation.AutowiredAnnotationBeanPostProcessor$AutowiredFieldElement.resolveFieldValue(AutowiredAnnotationBeanPostProcessor.java:767) ~[spring-beans-7.0.7.jar:7.0.7]
	at org.springframework.beans.factory.annotation.AutowiredAnnotationBeanPostProcessor$AutowiredFieldElement.inject(AutowiredAnnotationBeanPostProcessor.java:748) ~[spring-beans-7.0.7.jar:7.0.7]
	at org.springframework.beans.factory.annotation.InjectionMetadata.inject(InjectionMetadata.java:146) ~[spring-beans-7.0.7.jar:7.0.7]
	at org.springframework.beans.factory.annotation.AutowiredAnnotationBeanPostProcessor.postProcessProperties(AutowiredAnnotationBeanPostProcessor.java:493) ~[spring-beans-7.0.7.jar:7.0.7]
	at org.springframework.beans.factory.support.AbstractAutowireCapableBeanFactory.populateBean(AbstractAutowireCapableBeanFactory.java:1446) ~[spring-beans-7.0.7.jar:7.0.7]
	at org.springframework.beans.factory.support.AbstractAutowireCapableBeanFactory.doCreateBean(AbstractAutowireCapableBeanFactory.java:602) ~[spring-beans-7.0.7.jar:7.0.7]
	at org.springframework.beans.factory.support.AbstractAutowireCapableBeanFactory.createBean(AbstractAutowireCapableBeanFactory.java:525) ~[spring-beans-7.0.7.jar:7.0.7]
	at org.springframework.beans.factory.support.AbstractBeanFactory.lambda$doGetBean$0(AbstractBeanFactory.java:333) ~[spring-beans-7.0.7.jar:7.0.7]
	at org.springframework.beans.factory.support.DefaultSingletonBeanRegistry.getSingleton(DefaultSingletonBeanRegistry.java:371) ~[spring-beans-7.0.7.jar:7.0.7]
	at org.springframework.beans.factory.support.AbstractBeanFactory.doGetBean(AbstractBeanFactory.java:331) ~[spring-beans-7.0.7.jar:7.0.7]
	at org.springframework.beans.factory.support.AbstractBeanFactory.getBean(AbstractBeanFactory.java:201) ~[spring-beans-7.0.7.jar:7.0.7]
	at org.springframework.beans.factory.support.DefaultListableBeanFactory.resolveBean(DefaultListableBeanFactory.java:1225) ~[spring-beans-7.0.7.jar:7.0.7]
	at org.springframework.beans.factory.support.DefaultListableBeanFactory.doResolveDependency(DefaultListableBeanFactory.java:1704) ~[spring-beans-7.0.7.jar:7.0.7]
	at org.springframework.beans.factory.support.DefaultListableBeanFactory.resolveDependency(DefaultListableBeanFactory.java:1651) ~[spring-beans-7.0.7.jar:7.0.7]
	at org.springframework.beans.factory.annotation.AutowiredAnnotationBeanPostProcessor$AutowiredFieldElement.resolveFieldValue(AutowiredAnnotationBeanPostProcessor.java:764) ~[spring-beans-7.0.7.jar:7.0.7]
	... 22 common frames omitted
Caused by: org.springframework.beans.factory.BeanCreationException: Error creating bean with name 'seguimientoRepository' defined in com.dsy1103.msenvios.repository.SeguimientoRepository defined in @EnableJpaRepositories declared on DataJpaRepositoriesRegistrar.EnableJpaRepositoriesConfiguration: No property 'seguimiento' found for type 'SeguimientoModelo'
	at org.springframework.beans.factory.support.AbstractAutowireCapableBeanFactory.initializeBean(AbstractAutowireCapableBeanFactory.java:1817) ~[spring-beans-7.0.7.jar:7.0.7]
	at org.springframework.beans.factory.support.AbstractAutowireCapableBeanFactory.doCreateBean(AbstractAutowireCapableBeanFactory.java:603) ~[spring-beans-7.0.7.jar:7.0.7]
	at org.springframework.beans.factory.support.AbstractAutowireCapableBeanFactory.createBean(AbstractAutowireCapableBeanFactory.java:525) ~[spring-beans-7.0.7.jar:7.0.7]
	at org.springframework.beans.factory.support.AbstractBeanFactory.lambda$doGetBean$0(AbstractBeanFactory.java:333) ~[spring-beans-7.0.7.jar:7.0.7]
	at org.springframework.beans.factory.support.DefaultSingletonBeanRegistry.getSingleton(DefaultSingletonBeanRegistry.java:371) ~[spring-beans-7.0.7.jar:7.0.7]
	at org.springframework.beans.factory.support.AbstractBeanFactory.doGetBean(AbstractBeanFactory.java:331) ~[spring-beans-7.0.7.jar:7.0.7]
	at org.springframework.beans.factory.support.AbstractBeanFactory.getBean(AbstractBeanFactory.java:201) ~[spring-beans-7.0.7.jar:7.0.7]
	at org.springframework.beans.factory.config.DependencyDescriptor.resolveCandidate(DependencyDescriptor.java:229) ~[spring-beans-7.0.7.jar:7.0.7]
	at org.springframework.beans.factory.support.DefaultListableBeanFactory.doResolveDependency(DefaultListableBeanFactory.java:1762) ~[spring-beans-7.0.7.jar:7.0.7]
	at org.springframework.beans.factory.support.DefaultListableBeanFactory.resolveDependency(DefaultListableBeanFactory.java:1651) ~[spring-beans-7.0.7.jar:7.0.7]
	at org.springframework.beans.factory.annotation.AutowiredAnnotationBeanPostProcessor$AutowiredFieldElement.resolveFieldValue(AutowiredAnnotationBeanPostProcessor.java:764) ~[spring-beans-7.0.7.jar:7.0.7]
	... 36 common frames omitted
Caused by: org.springframework.data.repository.query.QueryCreationException: Cannot create query for method [SeguimientoRepository.findBySeguimiento_Id(java.lang.Long)]; No property 'seguimiento' found for type 'SeguimientoModelo'
	at org.springframework.data.repository.query.QueryCreationException.create(QueryCreationException.java:109) ~[spring-data-commons-4.0.5.jar:4.0.5]
	at org.springframework.data.jpa.repository.query.PartTreeJpaQuery.<init>(PartTreeJpaQuery.java:114) ~[spring-data-jpa-4.0.5.jar:4.0.5]
	at org.springframework.data.jpa.repository.query.JpaQueryLookupStrategy$CreateQueryLookupStrategy.resolveQuery(JpaQueryLookupStrategy.java:118) ~[spring-data-jpa-4.0.5.jar:4.0.5]
	at org.springframework.data.jpa.repository.query.JpaQueryLookupStrategy$CreateIfNotFoundQueryLookupStrategy.resolveQuery(JpaQueryLookupStrategy.java:291) ~[spring-data-jpa-4.0.5.jar:4.0.5]
	at org.springframework.data.jpa.repository.query.JpaQueryLookupStrategy$AbstractQueryLookupStrategy.resolveQuery(JpaQueryLookupStrategy.java:93) ~[spring-data-jpa-4.0.5.jar:4.0.5]
	at org.springframework.data.repository.core.support.QueryExecutorMethodInterceptor.lookupQuery(QueryExecutorMethodInterceptor.java:114) ~[spring-data-commons-4.0.5.jar:4.0.5]
	at org.springframework.data.repository.core.support.QueryExecutorMethodInterceptor.mapMethodsToQuery(QueryExecutorMethodInterceptor.java:102) ~[spring-data-commons-4.0.5.jar:4.0.5]
	at org.springframework.data.repository.core.support.QueryExecutorMethodInterceptor.<init>(QueryExecutorMethodInterceptor.java:90) ~[spring-data-commons-4.0.5.jar:4.0.5]
	at org.springframework.data.repository.core.support.RepositoryFactorySupport.getRepository(RepositoryFactorySupport.java:413) ~[spring-data-commons-4.0.5.jar:4.0.5]
	at org.springframework.data.repository.core.support.RepositoryFactoryBeanSupport.lambda$afterPropertiesSet$1(RepositoryFactoryBeanSupport.java:361) ~[spring-data-commons-4.0.5.jar:4.0.5]
	at org.springframework.data.util.Lazy.getNullable(Lazy.java:136) ~[spring-data-commons-4.0.5.jar:4.0.5]
	at org.springframework.data.util.Lazy.get(Lazy.java:114) ~[spring-data-commons-4.0.5.jar:4.0.5]
	at org.springframework.data.repository.core.support.RepositoryFactoryBeanSupport.afterPropertiesSet(RepositoryFactoryBeanSupport.java:370) ~[spring-data-commons-4.0.5.jar:4.0.5]
	at org.springframework.data.jpa.repository.support.JpaRepositoryFactoryBean.afterPropertiesSet(JpaRepositoryFactoryBean.java:212) ~[spring-data-jpa-4.0.5.jar:4.0.5]
	at org.springframework.beans.factory.support.AbstractAutowireCapableBeanFactory.invokeInitMethods(AbstractAutowireCapableBeanFactory.java:1864) ~[spring-beans-7.0.7.jar:7.0.7]
	at org.springframework.beans.factory.support.AbstractAutowireCapableBeanFactory.initializeBean(AbstractAutowireCapableBeanFactory.java:1813) ~[spring-beans-7.0.7.jar:7.0.7]
	... 46 common frames omitted
Caused by: org.springframework.data.core.PropertyReferenceException: No property 'seguimiento' found for type 'SeguimientoModelo'
	at org.springframework.data.core.SimplePropertyPath.<init>(SimplePropertyPath.java:93) ~[spring-data-commons-4.0.5.jar:4.0.5]
	at org.springframework.data.core.SimplePropertyPath.create(SimplePropertyPath.java:360) ~[spring-data-commons-4.0.5.jar:4.0.5]
	at org.springframework.data.core.SimplePropertyPath.create(SimplePropertyPath.java:335) ~[spring-data-commons-4.0.5.jar:4.0.5]
	at org.springframework.data.core.SimplePropertyPath.lambda$from$0(SimplePropertyPath.java:288) ~[spring-data-commons-4.0.5.jar:4.0.5]
	at org.springframework.util.ConcurrentReferenceHashMap$6.execute(ConcurrentReferenceHashMap.java:387) ~[spring-core-7.0.7.jar:7.0.7]
	at org.springframework.util.ConcurrentReferenceHashMap$Segment.doTask(ConcurrentReferenceHashMap.java:681) ~[spring-core-7.0.7.jar:7.0.7]
	at org.springframework.util.ConcurrentReferenceHashMap.doTask(ConcurrentReferenceHashMap.java:565) ~[spring-core-7.0.7.jar:7.0.7]
	at org.springframework.util.ConcurrentReferenceHashMap.computeIfAbsent(ConcurrentReferenceHashMap.java:381) ~[spring-core-7.0.7.jar:7.0.7]
	at org.springframework.data.core.SimplePropertyPath.from(SimplePropertyPath.java:270) ~[spring-data-commons-4.0.5.jar:4.0.5]
	at org.springframework.data.core.PropertyPath.from(PropertyPath.java:210) ~[spring-data-commons-4.0.5.jar:4.0.5]
	at org.springframework.data.core.PropertyPath.from(PropertyPath.java:193) ~[spring-data-commons-4.0.5.jar:4.0.5]
	at org.springframework.data.repository.query.parser.Part.<init>(Part.java:81) ~[spring-data-commons-4.0.5.jar:4.0.5]
	at org.springframework.data.repository.query.parser.PartTree$OrPart.lambda$new$0(PartTree.java:260) ~[spring-data-commons-4.0.5.jar:4.0.5]
	at java.base/java.util.stream.ReferencePipeline$3$1.accept(ReferencePipeline.java:215) ~[na:na]
	at java.base/java.util.stream.ReferencePipeline$2$1.accept(ReferencePipeline.java:197) ~[na:na]
	at java.base/java.util.Spliterators$ArraySpliterator.forEachRemaining(Spliterators.java:1024) ~[na:na]
	at java.base/java.util.stream.AbstractPipeline.copyInto(AbstractPipeline.java:570) ~[na:na]
	at java.base/java.util.stream.AbstractPipeline.wrapAndCopyInto(AbstractPipeline.java:560) ~[na:na]
	at java.base/java.util.stream.ReduceOps$ReduceOp.evaluateSequential(ReduceOps.java:921) ~[na:na]
	at java.base/java.util.stream.AbstractPipeline.evaluate(AbstractPipeline.java:265) ~[na:na]
	at java.base/java.util.stream.ReferencePipeline.collect(ReferencePipeline.java:727) ~[na:na]
	at org.springframework.data.repository.query.parser.PartTree$OrPart.<init>(PartTree.java:261) ~[spring-data-commons-4.0.5.jar:4.0.5]
	at org.springframework.data.repository.query.parser.PartTree$Predicate.lambda$new$0(PartTree.java:390) ~[spring-data-commons-4.0.5.jar:4.0.5]
	at java.base/java.util.stream.ReferencePipeline$3$1.accept(ReferencePipeline.java:215) ~[na:na]
	at java.base/java.util.stream.ReferencePipeline$2$1.accept(ReferencePipeline.java:197) ~[na:na]
	at java.base/java.util.Spliterators$ArraySpliterator.forEachRemaining(Spliterators.java:1024) ~[na:na]
	at java.base/java.util.stream.AbstractPipeline.copyInto(AbstractPipeline.java:570) ~[na:na]
	at java.base/java.util.stream.AbstractPipeline.wrapAndCopyInto(AbstractPipeline.java:560) ~[na:na]
	at java.base/java.util.stream.ReduceOps$ReduceOp.evaluateSequential(ReduceOps.java:921) ~[na:na]
	at java.base/java.util.stream.AbstractPipeline.evaluate(AbstractPipeline.java:265) ~[na:na]
	at java.base/java.util.stream.ReferencePipeline.collect(ReferencePipeline.java:727) ~[na:na]
	at org.springframework.data.repository.query.parser.PartTree$Predicate.<init>(PartTree.java:391) ~[spring-data-commons-4.0.5.jar:4.0.5]
	at org.springframework.data.repository.query.parser.PartTree.<init>(PartTree.java:104) ~[spring-data-commons-4.0.5.jar:4.0.5]
	at org.springframework.data.jpa.repository.query.PartTreeJpaQuery.<init>(PartTreeJpaQuery.java:108) ~[spring-data-jpa-4.0.5.jar:4.0.5]
	... 60 common frames omitted

2026-05-16T15:41:01.856-04:00  INFO 8624 --- [ms-envios] [main] c.dsy1103.msenvios.MsEnviosApplication   : Starting MsEnviosApplication using Java 24.0.2 with PID 8624 (C:\Users\zerze\OneDrive\Desktop\ev2\Evaluacion-Parcial-2-Full-Stack-DSY1103\ms-envios\target\classes started by zerze in C:\Users\zerze\OneDrive\Desktop\ev2\Evaluacion-Parcial-2-Full-Stack-DSY1103\ms-envios)
2026-05-16T15:41:01.862-04:00  INFO 8624 --- [ms-envios] [main] c.dsy1103.msenvios.MsEnviosApplication   : No active profile set, falling back to 1 default profile: "default"
2026-05-16T15:41:03.019-04:00  INFO 8624 --- [ms-envios] [main] .s.d.r.c.RepositoryConfigurationDelegate : Bootstrapping Spring Data JPA repositories in DEFAULT mode.
2026-05-16T15:41:03.081-04:00  INFO 8624 --- [ms-envios] [main] .s.d.r.c.RepositoryConfigurationDelegate : Finished Spring Data repository scanning in 49 ms. Found 2 JPA repository interfaces.
2026-05-16T15:41:03.282-04:00  INFO 8624 --- [ms-envios] [main] o.s.cloud.context.scope.GenericScope     : BeanFactory id=66fcb5a7-92b5-32a7-b1ff-aba9c4b067bc
2026-05-16T15:41:03.817-04:00  INFO 8624 --- [ms-envios] [main] o.s.boot.tomcat.TomcatWebServer          : Tomcat initialized with port 8086 (http)
2026-05-16T15:41:03.842-04:00  INFO 8624 --- [ms-envios] [main] o.apache.catalina.core.StandardService   : Starting service [Tomcat]
2026-05-16T15:41:03.842-04:00  INFO 8624 --- [ms-envios] [main] o.apache.catalina.core.StandardEngine    : Starting Servlet engine: [Apache Tomcat/11.0.21]
2026-05-16T15:41:03.926-04:00  INFO 8624 --- [ms-envios] [main] b.w.c.s.WebApplicationContextInitializer : Root WebApplicationContext: initialization completed in 2002 ms
2026-05-16T15:41:04.167-04:00  INFO 8624 --- [ms-envios] [main] com.zaxxer.hikari.HikariDataSource       : HikariPool-1 - Starting...
2026-05-16T15:41:04.393-04:00  INFO 8624 --- [ms-envios] [main] com.zaxxer.hikari.pool.HikariPool        : HikariPool-1 - Added connection com.mysql.cj.jdbc.ConnectionImpl@1c6a0103
2026-05-16T15:41:04.397-04:00  INFO 8624 --- [ms-envios] [main] com.zaxxer.hikari.HikariDataSource       : HikariPool-1 - Start completed.
2026-05-16T15:41:06.445-04:00  INFO 8624 --- [ms-envios] [main] liquibase.changelog                      : Reading from prueba5.databasechangelog
2026-05-16T15:41:06.495-04:00  INFO 8624 --- [ms-envios] [main] liquibase.ui                             : Database is up to date, no changesets to execute
2026-05-16T15:41:06.499-04:00  INFO 8624 --- [ms-envios] [main] liquibase.changelog                      : Reading from prueba5.databasechangelog
2026-05-16T15:41:06.513-04:00  INFO 8624 --- [ms-envios] [main] liquibase.util                           : UPDATE SUMMARY
2026-05-16T15:41:06.514-04:00  INFO 8624 --- [ms-envios] [main] liquibase.util                           : Run:                          0
2026-05-16T15:41:06.514-04:00  INFO 8624 --- [ms-envios] [main] liquibase.util                           : Previously run:               2
2026-05-16T15:41:06.514-04:00  INFO 8624 --- [ms-envios] [main] liquibase.util                           : Filtered out:                 0
2026-05-16T15:41:06.515-04:00  INFO 8624 --- [ms-envios] [main] liquibase.util                           : -------------------------------
2026-05-16T15:41:06.515-04:00  INFO 8624 --- [ms-envios] [main] liquibase.util                           : Total change sets:            2
2026-05-16T15:41:06.517-04:00  INFO 8624 --- [ms-envios] [main] liquibase.util                           : Update summary generated
2026-05-16T15:41:06.519-04:00  INFO 8624 --- [ms-envios] [main] liquibase.command                        : Command execution complete
2026-05-16T15:41:06.662-04:00  INFO 8624 --- [ms-envios] [main] org.hibernate.orm.jpa                    : HHH008540: Processing PersistenceUnitInfo [name: default]
2026-05-16T15:41:06.765-04:00  INFO 8624 --- [ms-envios] [main] org.hibernate.orm.core                   : HHH000001: Hibernate ORM core version 7.2.12.Final
2026-05-16T15:41:07.306-04:00  INFO 8624 --- [ms-envios] [main] o.s.o.j.p.SpringPersistenceUnitInfo      : No LoadTimeWeaver setup: ignoring JPA class transformer
2026-05-16T15:41:07.369-04:00  WARN 8624 --- [ms-envios] [main] org.hibernate.orm.deprecation            : HHH90000025: MySQLDialect does not need to be specified explicitly using 'hibernate.dialect' (remove the property setting and it will be selected by default)
2026-05-16T15:41:07.380-04:00  INFO 8624 --- [ms-envios] [main] org.hibernate.orm.connections.pooling    : HHH10001005: Database info:
	Database JDBC URL [jdbc:mysql://localhost:3306/prueba5?useSSL=false&serverTimezone=America/Santiago&allowPublicKeyRetrieval=true]
	Database driver: MySQL Connector/J
	Database dialect: MySQLDialect
	Database version: 8.4.3
	Default catalog/schema: prueba5/undefined
	Autocommit mode: undefined/unknown
	Isolation level: REPEATABLE_READ [default REPEATABLE_READ]
	JDBC fetch size: none
	Pool: DataSourceConnectionProvider
	Minimum pool size: undefined/unknown
	Maximum pool size: undefined/unknown
2026-05-16T15:41:08.280-04:00  INFO 8624 --- [ms-envios] [main] org.hibernate.orm.core                   : HHH000489: No JTA platform available (set 'hibernate.transaction.jta.platform' to enable JTA platform integration)
2026-05-16T15:41:08.312-04:00  INFO 8624 --- [ms-envios] [main] j.LocalContainerEntityManagerFactoryBean : Initialized JPA EntityManagerFactory for persistence unit 'default'
2026-05-16T15:41:08.415-04:00  INFO 8624 --- [ms-envios] [main] o.s.d.j.r.query.QueryEnhancerFactories   : Hibernate is in classpath; If applicable, HQL parser will be used.
2026-05-16T15:41:08.712-04:00  WARN 8624 --- [ms-envios] [main] ConfigServletWebServerApplicationContext : Exception encountered during context initialization - cancelling refresh attempt: org.springframework.beans.factory.UnsatisfiedDependencyException: Error creating bean with name 'seguimientoController': Unsatisfied dependency expressed through field 'seguimientoService': Error creating bean with name 'seguimientoService': Unsatisfied dependency expressed through field 'seguimientoMapper': No qualifying bean of type 'com.dsy1103.msenvios.mapper.SeguimientoMapper' available: expected at least 1 bean which qualifies as autowire candidate. Dependency annotations: {@org.springframework.beans.factory.annotation.Autowired(required=true)}
2026-05-16T15:41:08.713-04:00  INFO 8624 --- [ms-envios] [main] j.LocalContainerEntityManagerFactoryBean : Closing JPA EntityManagerFactory for persistence unit 'default'
2026-05-16T15:41:08.717-04:00  INFO 8624 --- [ms-envios] [main] com.zaxxer.hikari.HikariDataSource       : HikariPool-1 - Shutdown initiated...
2026-05-16T15:41:08.723-04:00  INFO 8624 --- [ms-envios] [main] com.zaxxer.hikari.HikariDataSource       : HikariPool-1 - Shutdown completed.
2026-05-16T15:41:08.725-04:00  INFO 8624 --- [ms-envios] [main] o.apache.catalina.core.StandardService   : Stopping service [Tomcat]
2026-05-16T15:41:08.736-04:00  INFO 8624 --- [ms-envios] [main] .s.b.a.l.ConditionEvaluationReportLogger : 

Error starting ApplicationContext. To display the condition evaluation report re-run your application with 'debug' enabled.
2026-05-16T15:41:08.753-04:00 ERROR 8624 --- [ms-envios] [main] o.s.b.d.LoggingFailureAnalysisReporter   : 

***************************
APPLICATION FAILED TO START
***************************

Description:

Field seguimientoMapper in com.dsy1103.msenvios.service.SeguimientoService required a bean of type 'com.dsy1103.msenvios.mapper.SeguimientoMapper' that could not be found.

The injection point has the following annotations:
	- @org.springframework.beans.factory.annotation.Autowired(required=true)


Action:

Consider defining a bean of type 'com.dsy1103.msenvios.mapper.SeguimientoMapper' in your configuration.

2026-05-16T15:43:04.809-04:00  INFO 5828 --- [ms-envios] [main] c.dsy1103.msenvios.MsEnviosApplication   : Starting MsEnviosApplication using Java 24.0.2 with PID 5828 (C:\Users\zerze\OneDrive\Desktop\ev2\Evaluacion-Parcial-2-Full-Stack-DSY1103\ms-envios\target\classes started by zerze in C:\Users\zerze\OneDrive\Desktop\ev2\Evaluacion-Parcial-2-Full-Stack-DSY1103\ms-envios)
2026-05-16T15:43:04.813-04:00  INFO 5828 --- [ms-envios] [main] c.dsy1103.msenvios.MsEnviosApplication   : No active profile set, falling back to 1 default profile: "default"
2026-05-16T15:43:05.798-04:00  INFO 5828 --- [ms-envios] [main] .s.d.r.c.RepositoryConfigurationDelegate : Bootstrapping Spring Data JPA repositories in DEFAULT mode.
2026-05-16T15:43:05.855-04:00  INFO 5828 --- [ms-envios] [main] .s.d.r.c.RepositoryConfigurationDelegate : Finished Spring Data repository scanning in 48 ms. Found 2 JPA repository interfaces.
2026-05-16T15:43:06.037-04:00  INFO 5828 --- [ms-envios] [main] o.s.cloud.context.scope.GenericScope     : BeanFactory id=aeb4ee6c-4fe2-3279-a8f1-b63ea7cf87d5
2026-05-16T15:43:06.533-04:00  INFO 5828 --- [ms-envios] [main] o.s.boot.tomcat.TomcatWebServer          : Tomcat initialized with port 8086 (http)
2026-05-16T15:43:06.558-04:00  INFO 5828 --- [ms-envios] [main] o.apache.catalina.core.StandardService   : Starting service [Tomcat]
2026-05-16T15:43:06.559-04:00  INFO 5828 --- [ms-envios] [main] o.apache.catalina.core.StandardEngine    : Starting Servlet engine: [Apache Tomcat/11.0.21]
2026-05-16T15:43:06.648-04:00  INFO 5828 --- [ms-envios] [main] b.w.c.s.WebApplicationContextInitializer : Root WebApplicationContext: initialization completed in 1781 ms
2026-05-16T15:43:06.868-04:00  INFO 5828 --- [ms-envios] [main] com.zaxxer.hikari.HikariDataSource       : HikariPool-1 - Starting...
2026-05-16T15:43:07.067-04:00  INFO 5828 --- [ms-envios] [main] com.zaxxer.hikari.pool.HikariPool        : HikariPool-1 - Added connection com.mysql.cj.jdbc.ConnectionImpl@1c6a0103
2026-05-16T15:43:07.070-04:00  INFO 5828 --- [ms-envios] [main] com.zaxxer.hikari.HikariDataSource       : HikariPool-1 - Start completed.
2026-05-16T15:43:08.943-04:00  INFO 5828 --- [ms-envios] [main] liquibase.changelog                      : Reading from prueba5.databasechangelog
2026-05-16T15:43:09.003-04:00  INFO 5828 --- [ms-envios] [main] liquibase.ui                             : Database is up to date, no changesets to execute
2026-05-16T15:43:09.007-04:00  INFO 5828 --- [ms-envios] [main] liquibase.changelog                      : Reading from prueba5.databasechangelog
2026-05-16T15:43:09.024-04:00  INFO 5828 --- [ms-envios] [main] liquibase.util                           : UPDATE SUMMARY
2026-05-16T15:43:09.024-04:00  INFO 5828 --- [ms-envios] [main] liquibase.util                           : Run:                          0
2026-05-16T15:43:09.024-04:00  INFO 5828 --- [ms-envios] [main] liquibase.util                           : Previously run:               2
2026-05-16T15:43:09.025-04:00  INFO 5828 --- [ms-envios] [main] liquibase.util                           : Filtered out:                 0
2026-05-16T15:43:09.025-04:00  INFO 5828 --- [ms-envios] [main] liquibase.util                           : -------------------------------
2026-05-16T15:43:09.025-04:00  INFO 5828 --- [ms-envios] [main] liquibase.util                           : Total change sets:            2
2026-05-16T15:43:09.027-04:00  INFO 5828 --- [ms-envios] [main] liquibase.util                           : Update summary generated
2026-05-16T15:43:09.029-04:00  INFO 5828 --- [ms-envios] [main] liquibase.command                        : Command execution complete
2026-05-16T15:43:09.163-04:00  INFO 5828 --- [ms-envios] [main] org.hibernate.orm.jpa                    : HHH008540: Processing PersistenceUnitInfo [name: default]
2026-05-16T15:43:09.227-04:00  INFO 5828 --- [ms-envios] [main] org.hibernate.orm.core                   : HHH000001: Hibernate ORM core version 7.2.12.Final
2026-05-16T15:43:09.657-04:00  INFO 5828 --- [ms-envios] [main] o.s.o.j.p.SpringPersistenceUnitInfo      : No LoadTimeWeaver setup: ignoring JPA class transformer
2026-05-16T15:43:09.697-04:00  WARN 5828 --- [ms-envios] [main] org.hibernate.orm.deprecation            : HHH90000025: MySQLDialect does not need to be specified explicitly using 'hibernate.dialect' (remove the property setting and it will be selected by default)
2026-05-16T15:43:09.708-04:00  INFO 5828 --- [ms-envios] [main] org.hibernate.orm.connections.pooling    : HHH10001005: Database info:
	Database JDBC URL [jdbc:mysql://localhost:3306/prueba5?useSSL=false&serverTimezone=America/Santiago&allowPublicKeyRetrieval=true]
	Database driver: MySQL Connector/J
	Database dialect: MySQLDialect
	Database version: 8.4.3
	Default catalog/schema: prueba5/undefined
	Autocommit mode: undefined/unknown
	Isolation level: REPEATABLE_READ [default REPEATABLE_READ]
	JDBC fetch size: none
	Pool: DataSourceConnectionProvider
	Minimum pool size: undefined/unknown
	Maximum pool size: undefined/unknown
2026-05-16T15:43:10.471-04:00  INFO 5828 --- [ms-envios] [main] org.hibernate.orm.core                   : HHH000489: No JTA platform available (set 'hibernate.transaction.jta.platform' to enable JTA platform integration)
2026-05-16T15:43:10.504-04:00  INFO 5828 --- [ms-envios] [main] j.LocalContainerEntityManagerFactoryBean : Initialized JPA EntityManagerFactory for persistence unit 'default'
2026-05-16T15:43:10.617-04:00  INFO 5828 --- [ms-envios] [main] o.s.d.j.r.query.QueryEnhancerFactories   : Hibernate is in classpath; If applicable, HQL parser will be used.
2026-05-16T15:43:11.003-04:00  WARN 5828 --- [ms-envios] [main] JpaBaseConfiguration$JpaWebConfiguration : spring.jpa.open-in-view is enabled by default. Therefore, database queries may be performed during view rendering. Explicitly configure spring.jpa.open-in-view to disable this warning
2026-05-16T15:43:11.226-04:00  WARN 5828 --- [ms-envios] [main] ConfigServletWebServerApplicationContext : Exception encountered during context initialization - cancelling refresh attempt: org.springframework.beans.factory.BeanCreationException: Error creating bean with name 'requestMappingHandlerMapping' defined in class path resource [org/springframework/boot/webmvc/autoconfigure/WebMvcAutoConfiguration$EnableWebMvcConfiguration.class]: Ambiguous mapping. Cannot map 'seguimientoController' method 
com.dsy1103.msenvios.controller.SeguimientoController#crear(SeguimientoDTO)
to {POST [/api/envios]}: There is already 'envioController' bean method
com.dsy1103.msenvios.controller.EnvioController#crear(EnvioDTO) mapped.
2026-05-16T15:43:11.228-04:00  INFO 5828 --- [ms-envios] [main] j.LocalContainerEntityManagerFactoryBean : Closing JPA EntityManagerFactory for persistence unit 'default'
2026-05-16T15:43:11.232-04:00  INFO 5828 --- [ms-envios] [main] com.zaxxer.hikari.HikariDataSource       : HikariPool-1 - Shutdown initiated...
2026-05-16T15:43:11.242-04:00  INFO 5828 --- [ms-envios] [main] com.zaxxer.hikari.HikariDataSource       : HikariPool-1 - Shutdown completed.
2026-05-16T15:43:11.248-04:00  INFO 5828 --- [ms-envios] [main] o.apache.catalina.core.StandardService   : Stopping service [Tomcat]
2026-05-16T15:43:11.259-04:00  INFO 5828 --- [ms-envios] [main] .s.b.a.l.ConditionEvaluationReportLogger : 

Error starting ApplicationContext. To display the condition evaluation report re-run your application with 'debug' enabled.
2026-05-16T15:43:11.275-04:00 ERROR 5828 --- [ms-envios] [main] o.s.boot.SpringApplication               : Application run failed

org.springframework.beans.factory.BeanCreationException: Error creating bean with name 'requestMappingHandlerMapping' defined in class path resource [org/springframework/boot/webmvc/autoconfigure/WebMvcAutoConfiguration$EnableWebMvcConfiguration.class]: Ambiguous mapping. Cannot map 'seguimientoController' method 
com.dsy1103.msenvios.controller.SeguimientoController#crear(SeguimientoDTO)
to {POST [/api/envios]}: There is already 'envioController' bean method
com.dsy1103.msenvios.controller.EnvioController#crear(EnvioDTO) mapped.
	at org.springframework.beans.factory.support.AbstractAutowireCapableBeanFactory.initializeBean(AbstractAutowireCapableBeanFactory.java:1817) ~[spring-beans-7.0.7.jar:7.0.7]
	at org.springframework.beans.factory.support.AbstractAutowireCapableBeanFactory.doCreateBean(AbstractAutowireCapableBeanFactory.java:603) ~[spring-beans-7.0.7.jar:7.0.7]
	at org.springframework.beans.factory.support.AbstractAutowireCapableBeanFactory.createBean(AbstractAutowireCapableBeanFactory.java:525) ~[spring-beans-7.0.7.jar:7.0.7]
	at org.springframework.beans.factory.support.AbstractBeanFactory.lambda$doGetBean$0(AbstractBeanFactory.java:333) ~[spring-beans-7.0.7.jar:7.0.7]
	at org.springframework.beans.factory.support.DefaultSingletonBeanRegistry.getSingleton(DefaultSingletonBeanRegistry.java:371) ~[spring-beans-7.0.7.jar:7.0.7]
	at org.springframework.beans.factory.support.AbstractBeanFactory.doGetBean(AbstractBeanFactory.java:331) ~[spring-beans-7.0.7.jar:7.0.7]
	at org.springframework.beans.factory.support.AbstractBeanFactory.getBean(AbstractBeanFactory.java:196) ~[spring-beans-7.0.7.jar:7.0.7]
	at org.springframework.beans.factory.support.DefaultListableBeanFactory.instantiateSingleton(DefaultListableBeanFactory.java:1218) ~[spring-beans-7.0.7.jar:7.0.7]
	at org.springframework.beans.factory.support.DefaultListableBeanFactory.preInstantiateSingleton(DefaultListableBeanFactory.java:1184) ~[spring-beans-7.0.7.jar:7.0.7]
	at org.springframework.beans.factory.support.DefaultListableBeanFactory.preInstantiateSingletons(DefaultListableBeanFactory.java:1121) ~[spring-beans-7.0.7.jar:7.0.7]
	at org.springframework.context.support.AbstractApplicationContext.finishBeanFactoryInitialization(AbstractApplicationContext.java:994) ~[spring-context-7.0.7.jar:7.0.7]
	at org.springframework.context.support.AbstractApplicationContext.refresh(AbstractApplicationContext.java:621) ~[spring-context-7.0.7.jar:7.0.7]
	at org.springframework.boot.web.server.servlet.context.ServletWebServerApplicationContext.refresh(ServletWebServerApplicationContext.java:143) ~[spring-boot-web-server-4.0.6.jar:4.0.6]
	at org.springframework.boot.SpringApplication.refresh(SpringApplication.java:756) ~[spring-boot-4.0.6.jar:4.0.6]
	at org.springframework.boot.SpringApplication.refreshContext(SpringApplication.java:445) ~[spring-boot-4.0.6.jar:4.0.6]
	at org.springframework.boot.SpringApplication.run(SpringApplication.java:321) ~[spring-boot-4.0.6.jar:4.0.6]
	at org.springframework.boot.SpringApplication.run(SpringApplication.java:1365) ~[spring-boot-4.0.6.jar:4.0.6]
	at org.springframework.boot.SpringApplication.run(SpringApplication.java:1354) ~[spring-boot-4.0.6.jar:4.0.6]
	at com.dsy1103.msenvios.MsEnviosApplication.main(MsEnviosApplication.java:10) ~[classes/:na]
Caused by: java.lang.IllegalStateException: Ambiguous mapping. Cannot map 'seguimientoController' method 
com.dsy1103.msenvios.controller.SeguimientoController#crear(SeguimientoDTO)
to {POST [/api/envios]}: There is already 'envioController' bean method
com.dsy1103.msenvios.controller.EnvioController#crear(EnvioDTO) mapped.
	at org.springframework.web.servlet.handler.AbstractHandlerMethodMapping$MappingRegistry.validateMethodMapping(AbstractHandlerMethodMapping.java:646) ~[spring-webmvc-7.0.7.jar:7.0.7]
	at org.springframework.web.servlet.handler.AbstractHandlerMethodMapping$MappingRegistry.register(AbstractHandlerMethodMapping.java:606) ~[spring-webmvc-7.0.7.jar:7.0.7]
	at org.springframework.web.servlet.handler.AbstractHandlerMethodMapping.registerHandlerMethod(AbstractHandlerMethodMapping.java:327) ~[spring-webmvc-7.0.7.jar:7.0.7]
	at org.springframework.web.servlet.mvc.method.annotation.RequestMappingHandlerMapping.registerHandlerMethod(RequestMappingHandlerMapping.java:459) ~[spring-webmvc-7.0.7.jar:7.0.7]
	at org.springframework.web.servlet.mvc.method.annotation.RequestMappingHandlerMapping.registerHandlerMethod(RequestMappingHandlerMapping.java:80) ~[spring-webmvc-7.0.7.jar:7.0.7]
	at org.springframework.web.servlet.handler.AbstractHandlerMethodMapping.lambda$detectHandlerMethods$1(AbstractHandlerMethodMapping.java:294) ~[spring-webmvc-7.0.7.jar:7.0.7]
	at java.base/java.util.LinkedHashMap.forEach(LinkedHashMap.java:987) ~[na:na]
	at org.springframework.web.servlet.handler.AbstractHandlerMethodMapping.detectHandlerMethods(AbstractHandlerMethodMapping.java:292) ~[spring-webmvc-7.0.7.jar:7.0.7]
	at org.springframework.web.servlet.handler.AbstractHandlerMethodMapping.processCandidateBean(AbstractHandlerMethodMapping.java:261) ~[spring-webmvc-7.0.7.jar:7.0.7]
	at org.springframework.web.servlet.handler.AbstractHandlerMethodMapping.initHandlerMethods(AbstractHandlerMethodMapping.java:220) ~[spring-webmvc-7.0.7.jar:7.0.7]
	at org.springframework.web.servlet.handler.AbstractHandlerMethodMapping.afterPropertiesSet(AbstractHandlerMethodMapping.java:208) ~[spring-webmvc-7.0.7.jar:7.0.7]
	at org.springframework.web.servlet.mvc.method.annotation.RequestMappingHandlerMapping.afterPropertiesSet(RequestMappingHandlerMapping.java:158) ~[spring-webmvc-7.0.7.jar:7.0.7]
	at org.springframework.beans.factory.support.AbstractAutowireCapableBeanFactory.invokeInitMethods(AbstractAutowireCapableBeanFactory.java:1864) ~[spring-beans-7.0.7.jar:7.0.7]
	at org.springframework.beans.factory.support.AbstractAutowireCapableBeanFactory.initializeBean(AbstractAutowireCapableBeanFactory.java:1813) ~[spring-beans-7.0.7.jar:7.0.7]
	... 18 common frames omitted

2026-05-16T15:44:28.344-04:00  INFO 10244 --- [ms-envios] [main] c.dsy1103.msenvios.MsEnviosApplication   : Starting MsEnviosApplication using Java 24.0.2 with PID 10244 (C:\Users\zerze\OneDrive\Desktop\ev2\Evaluacion-Parcial-2-Full-Stack-DSY1103\ms-envios\target\classes started by zerze in C:\Users\zerze\OneDrive\Desktop\ev2\Evaluacion-Parcial-2-Full-Stack-DSY1103\ms-envios)
2026-05-16T15:44:28.349-04:00  INFO 10244 --- [ms-envios] [main] c.dsy1103.msenvios.MsEnviosApplication   : No active profile set, falling back to 1 default profile: "default"
2026-05-16T15:44:29.364-04:00  INFO 10244 --- [ms-envios] [main] .s.d.r.c.RepositoryConfigurationDelegate : Bootstrapping Spring Data JPA repositories in DEFAULT mode.
2026-05-16T15:44:29.458-04:00  INFO 10244 --- [ms-envios] [main] .s.d.r.c.RepositoryConfigurationDelegate : Finished Spring Data repository scanning in 76 ms. Found 2 JPA repository interfaces.
2026-05-16T15:44:29.676-04:00  INFO 10244 --- [ms-envios] [main] o.s.cloud.context.scope.GenericScope     : BeanFactory id=aeb4ee6c-4fe2-3279-a8f1-b63ea7cf87d5
2026-05-16T15:44:30.204-04:00  INFO 10244 --- [ms-envios] [main] o.s.boot.tomcat.TomcatWebServer          : Tomcat initialized with port 8086 (http)
2026-05-16T15:44:30.220-04:00  INFO 10244 --- [ms-envios] [main] o.apache.catalina.core.StandardService   : Starting service [Tomcat]
2026-05-16T15:44:30.220-04:00  INFO 10244 --- [ms-envios] [main] o.apache.catalina.core.StandardEngine    : Starting Servlet engine: [Apache Tomcat/11.0.21]
2026-05-16T15:44:30.281-04:00  INFO 10244 --- [ms-envios] [main] b.w.c.s.WebApplicationContextInitializer : Root WebApplicationContext: initialization completed in 1875 ms
2026-05-16T15:44:30.517-04:00  INFO 10244 --- [ms-envios] [main] com.zaxxer.hikari.HikariDataSource       : HikariPool-1 - Starting...
2026-05-16T15:44:30.722-04:00  INFO 10244 --- [ms-envios] [main] com.zaxxer.hikari.pool.HikariPool        : HikariPool-1 - Added connection com.mysql.cj.jdbc.ConnectionImpl@1c6a0103
2026-05-16T15:44:30.725-04:00  INFO 10244 --- [ms-envios] [main] com.zaxxer.hikari.HikariDataSource       : HikariPool-1 - Start completed.
2026-05-16T15:44:32.563-04:00  INFO 10244 --- [ms-envios] [main] liquibase.changelog                      : Reading from prueba5.databasechangelog
2026-05-16T15:44:32.620-04:00  INFO 10244 --- [ms-envios] [main] liquibase.ui                             : Database is up to date, no changesets to execute
2026-05-16T15:44:32.623-04:00  INFO 10244 --- [ms-envios] [main] liquibase.changelog                      : Reading from prueba5.databasechangelog
2026-05-16T15:44:32.638-04:00  INFO 10244 --- [ms-envios] [main] liquibase.util                           : UPDATE SUMMARY
2026-05-16T15:44:32.638-04:00  INFO 10244 --- [ms-envios] [main] liquibase.util                           : Run:                          0
2026-05-16T15:44:32.639-04:00  INFO 10244 --- [ms-envios] [main] liquibase.util                           : Previously run:               2
2026-05-16T15:44:32.639-04:00  INFO 10244 --- [ms-envios] [main] liquibase.util                           : Filtered out:                 0
2026-05-16T15:44:32.639-04:00  INFO 10244 --- [ms-envios] [main] liquibase.util                           : -------------------------------
2026-05-16T15:44:32.639-04:00  INFO 10244 --- [ms-envios] [main] liquibase.util                           : Total change sets:            2
2026-05-16T15:44:32.640-04:00  INFO 10244 --- [ms-envios] [main] liquibase.util                           : Update summary generated
2026-05-16T15:44:32.643-04:00  INFO 10244 --- [ms-envios] [main] liquibase.command                        : Command execution complete
2026-05-16T15:44:32.765-04:00  INFO 10244 --- [ms-envios] [main] org.hibernate.orm.jpa                    : HHH008540: Processing PersistenceUnitInfo [name: default]
2026-05-16T15:44:32.831-04:00  INFO 10244 --- [ms-envios] [main] org.hibernate.orm.core                   : HHH000001: Hibernate ORM core version 7.2.12.Final
2026-05-16T15:44:33.322-04:00  INFO 10244 --- [ms-envios] [main] o.s.o.j.p.SpringPersistenceUnitInfo      : No LoadTimeWeaver setup: ignoring JPA class transformer
2026-05-16T15:44:33.379-04:00  WARN 10244 --- [ms-envios] [main] org.hibernate.orm.deprecation            : HHH90000025: MySQLDialect does not need to be specified explicitly using 'hibernate.dialect' (remove the property setting and it will be selected by default)
2026-05-16T15:44:33.396-04:00  INFO 10244 --- [ms-envios] [main] org.hibernate.orm.connections.pooling    : HHH10001005: Database info:
	Database JDBC URL [jdbc:mysql://localhost:3306/prueba5?useSSL=false&serverTimezone=America/Santiago&allowPublicKeyRetrieval=true]
	Database driver: MySQL Connector/J
	Database dialect: MySQLDialect
	Database version: 8.4.3
	Default catalog/schema: prueba5/undefined
	Autocommit mode: undefined/unknown
	Isolation level: REPEATABLE_READ [default REPEATABLE_READ]
	JDBC fetch size: none
	Pool: DataSourceConnectionProvider
	Minimum pool size: undefined/unknown
	Maximum pool size: undefined/unknown
2026-05-16T15:44:34.223-04:00  INFO 10244 --- [ms-envios] [main] org.hibernate.orm.core                   : HHH000489: No JTA platform available (set 'hibernate.transaction.jta.platform' to enable JTA platform integration)
2026-05-16T15:44:34.252-04:00  INFO 10244 --- [ms-envios] [main] j.LocalContainerEntityManagerFactoryBean : Initialized JPA EntityManagerFactory for persistence unit 'default'
2026-05-16T15:44:34.349-04:00  INFO 10244 --- [ms-envios] [main] o.s.d.j.r.query.QueryEnhancerFactories   : Hibernate is in classpath; If applicable, HQL parser will be used.
2026-05-16T15:44:34.726-04:00  WARN 10244 --- [ms-envios] [main] JpaBaseConfiguration$JpaWebConfiguration : spring.jpa.open-in-view is enabled by default. Therefore, database queries may be performed during view rendering. Explicitly configure spring.jpa.open-in-view to disable this warning
2026-05-16T15:44:35.268-04:00  INFO 10244 --- [ms-envios] [main] o.s.boot.tomcat.TomcatWebServer          : Tomcat started on port 8086 (http) with context path '/'
2026-05-16T15:44:35.283-04:00  INFO 10244 --- [ms-envios] [main] c.dsy1103.msenvios.MsEnviosApplication   : Started MsEnviosApplication in 7.588 seconds (process running for 8.436)
2026-05-16T15:49:08.346-04:00  INFO 10244 --- [ms-envios] [http-nio-8086-exec-2] o.a.c.c.C.[Tomcat].[localhost].[/]       : Initializing Spring DispatcherServlet 'dispatcherServlet'
2026-05-16T15:49:08.347-04:00  INFO 10244 --- [ms-envios] [http-nio-8086-exec-2] o.s.web.servlet.DispatcherServlet        : Initializing Servlet 'dispatcherServlet'
2026-05-16T15:49:08.348-04:00  INFO 10244 --- [ms-envios] [http-nio-8086-exec-2] o.s.web.servlet.DispatcherServlet        : Completed initialization in 1 ms
2026-05-16T15:49:08.499-04:00 ERROR 10244 --- [ms-envios] [http-nio-8086-exec-2] c.d.m.exception.GlobalExceptionHandler   : ERROR CRÍTICO en /api/envios: 

org.springframework.http.converter.HttpMessageConversionException: Type definition error: [simple type, class com.dsy1103.msenvios.dto.EnvioDTO]
	at org.springframework.http.converter.AbstractJacksonHttpMessageConverter.readJavaType(AbstractJacksonHttpMessageConverter.java:360) ~[spring-web-7.0.7.jar:7.0.7]
	at org.springframework.http.converter.AbstractJacksonHttpMessageConverter.read(AbstractJacksonHttpMessageConverter.java:319) ~[spring-web-7.0.7.jar:7.0.7]
	at org.springframework.web.servlet.mvc.method.annotation.AbstractMessageConverterMethodArgumentResolver.readWithMessageConverters(AbstractMessageConverterMethodArgumentResolver.java:203) ~[spring-webmvc-7.0.7.jar:7.0.7]
	at org.springframework.web.servlet.mvc.method.annotation.RequestResponseBodyMethodProcessor.readWithMessageConverters(RequestResponseBodyMethodProcessor.java:181) ~[spring-webmvc-7.0.7.jar:7.0.7]
	at org.springframework.web.servlet.mvc.method.annotation.RequestResponseBodyMethodProcessor.resolveArgument(RequestResponseBodyMethodProcessor.java:156) ~[spring-webmvc-7.0.7.jar:7.0.7]
	at org.springframework.web.method.support.HandlerMethodArgumentResolverComposite.resolveArgument(HandlerMethodArgumentResolverComposite.java:122) ~[spring-web-7.0.7.jar:7.0.7]
	at org.springframework.web.method.support.InvocableHandlerMethod.getMethodArgumentValues(InvocableHandlerMethod.java:224) ~[spring-web-7.0.7.jar:7.0.7]
	at org.springframework.web.method.support.InvocableHandlerMethod.invokeForRequest(InvocableHandlerMethod.java:174) ~[spring-web-7.0.7.jar:7.0.7]
	at org.springframework.web.servlet.mvc.method.annotation.ServletInvocableHandlerMethod.invokeAndHandle(ServletInvocableHandlerMethod.java:117) ~[spring-webmvc-7.0.7.jar:7.0.7]
	at org.springframework.web.servlet.mvc.method.annotation.RequestMappingHandlerAdapter.invokeHandlerMethod(RequestMappingHandlerAdapter.java:934) ~[spring-webmvc-7.0.7.jar:7.0.7]
	at org.springframework.web.servlet.mvc.method.annotation.RequestMappingHandlerAdapter.handleInternal(RequestMappingHandlerAdapter.java:853) ~[spring-webmvc-7.0.7.jar:7.0.7]
	at org.springframework.web.servlet.mvc.method.AbstractHandlerMethodAdapter.handle(AbstractHandlerMethodAdapter.java:86) ~[spring-webmvc-7.0.7.jar:7.0.7]
	at org.springframework.web.servlet.DispatcherServlet.doDispatch(DispatcherServlet.java:963) ~[spring-webmvc-7.0.7.jar:7.0.7]
	at org.springframework.web.servlet.DispatcherServlet.doService(DispatcherServlet.java:866) ~[spring-webmvc-7.0.7.jar:7.0.7]
	at org.springframework.web.servlet.FrameworkServlet.processRequest(FrameworkServlet.java:1000) ~[spring-webmvc-7.0.7.jar:7.0.7]
	at org.springframework.web.servlet.FrameworkServlet.doPost(FrameworkServlet.java:903) ~[spring-webmvc-7.0.7.jar:7.0.7]
	at jakarta.servlet.http.HttpServlet.service(HttpServlet.java:649) ~[tomcat-embed-core-11.0.21.jar:6.1]
	at org.springframework.web.servlet.FrameworkServlet.service(FrameworkServlet.java:874) ~[spring-webmvc-7.0.7.jar:7.0.7]
	at jakarta.servlet.http.HttpServlet.service(HttpServlet.java:710) ~[tomcat-embed-core-11.0.21.jar:6.1]
	at org.apache.catalina.core.ApplicationFilterChain.doFilter(ApplicationFilterChain.java:128) ~[tomcat-embed-core-11.0.21.jar:11.0.21]
	at org.apache.tomcat.websocket.server.WsFilter.doFilter(WsFilter.java:53) ~[tomcat-embed-websocket-11.0.21.jar:11.0.21]
	at org.apache.catalina.core.ApplicationFilterChain.doFilter(ApplicationFilterChain.java:107) ~[tomcat-embed-core-11.0.21.jar:11.0.21]
	at org.springframework.web.filter.RequestContextFilter.doFilterInternal(RequestContextFilter.java:100) ~[spring-web-7.0.7.jar:7.0.7]
	at org.springframework.web.filter.OncePerRequestFilter.doFilter(OncePerRequestFilter.java:116) ~[spring-web-7.0.7.jar:7.0.7]
	at org.apache.catalina.core.ApplicationFilterChain.doFilter(ApplicationFilterChain.java:107) ~[tomcat-embed-core-11.0.21.jar:11.0.21]
	at org.springframework.web.filter.FormContentFilter.doFilterInternal(FormContentFilter.java:93) ~[spring-web-7.0.7.jar:7.0.7]
	at org.springframework.web.filter.OncePerRequestFilter.doFilter(OncePerRequestFilter.java:116) ~[spring-web-7.0.7.jar:7.0.7]
	at org.apache.catalina.core.ApplicationFilterChain.doFilter(ApplicationFilterChain.java:107) ~[tomcat-embed-core-11.0.21.jar:11.0.21]
	at org.springframework.web.filter.CharacterEncodingFilter.doFilterInternal(CharacterEncodingFilter.java:199) ~[spring-web-7.0.7.jar:7.0.7]
	at org.springframework.web.filter.OncePerRequestFilter.doFilter(OncePerRequestFilter.java:116) ~[spring-web-7.0.7.jar:7.0.7]
	at org.apache.catalina.core.ApplicationFilterChain.doFilter(ApplicationFilterChain.java:107) ~[tomcat-embed-core-11.0.21.jar:11.0.21]
	at org.apache.catalina.core.StandardWrapperValve.invoke(StandardWrapperValve.java:165) ~[tomcat-embed-core-11.0.21.jar:11.0.21]
	at org.apache.catalina.core.StandardContextValve.invoke(StandardContextValve.java:77) ~[tomcat-embed-core-11.0.21.jar:11.0.21]
	at org.apache.catalina.authenticator.AuthenticatorBase.invoke(AuthenticatorBase.java:492) ~[tomcat-embed-core-11.0.21.jar:11.0.21]
	at org.apache.catalina.core.StandardHostValve.invoke(StandardHostValve.java:113) ~[tomcat-embed-core-11.0.21.jar:11.0.21]
	at org.apache.catalina.valves.ErrorReportValve.invoke(ErrorReportValve.java:83) ~[tomcat-embed-core-11.0.21.jar:11.0.21]
	at org.apache.catalina.core.StandardEngineValve.invoke(StandardEngineValve.java:72) ~[tomcat-embed-core-11.0.21.jar:11.0.21]
	at org.apache.catalina.connector.CoyoteAdapter.service(CoyoteAdapter.java:341) ~[tomcat-embed-core-11.0.21.jar:11.0.21]
	at org.apache.coyote.http11.Http11Processor.service(Http11Processor.java:397) ~[tomcat-embed-core-11.0.21.jar:11.0.21]
	at org.apache.coyote.AbstractProcessorLight.process(AbstractProcessorLight.java:63) ~[tomcat-embed-core-11.0.21.jar:11.0.21]
	at org.apache.coyote.AbstractProtocol$ConnectionHandler.process(AbstractProtocol.java:903) ~[tomcat-embed-core-11.0.21.jar:11.0.21]
	at org.apache.tomcat.util.net.NioEndpoint$SocketProcessor.doRun(NioEndpoint.java:1801) ~[tomcat-embed-core-11.0.21.jar:11.0.21]
	at org.apache.tomcat.util.net.SocketProcessorBase.run(SocketProcessorBase.java:52) ~[tomcat-embed-core-11.0.21.jar:11.0.21]
	at org.apache.tomcat.util.threads.ThreadPoolExecutor.runWorker(ThreadPoolExecutor.java:946) ~[tomcat-embed-core-11.0.21.jar:11.0.21]
	at org.apache.tomcat.util.threads.ThreadPoolExecutor$Worker.run(ThreadPoolExecutor.java:480) ~[tomcat-embed-core-11.0.21.jar:11.0.21]
	at org.apache.tomcat.util.threads.TaskThread$WrappingRunnable.run(TaskThread.java:57) ~[tomcat-embed-core-11.0.21.jar:11.0.21]
	at java.base/java.lang.Thread.run(Thread.java:1447) ~[na:na]
Caused by: tools.jackson.databind.exc.InvalidDefinitionException: Cannot construct instance of `com.dsy1103.msenvios.dto.EnvioDTO` (no Creators, like default constructor, exist): cannot deserialize from Object value (no delegate- or property-based Creator)
 at [Source: REDACTED (`StreamReadFeature.INCLUDE_SOURCE_IN_LOCATION` disabled); byte offset: #5]
	at tools.jackson.databind.exc.InvalidDefinitionException.from(InvalidDefinitionException.java:70) ~[jackson-databind-3.1.2.jar:3.1.2]
	at tools.jackson.databind.DeserializationContext.reportBadDefinition(DeserializationContext.java:1995) ~[jackson-databind-3.1.2.jar:3.1.2]
	at tools.jackson.databind.DatabindContext.reportBadDefinition(DatabindContext.java:448) ~[jackson-databind-3.1.2.jar:3.1.2]
	at tools.jackson.databind.DeserializationContext.handleMissingInstantiator(DeserializationContext.java:1525) ~[jackson-databind-3.1.2.jar:3.1.2]
	at tools.jackson.databind.deser.bean.BeanDeserializerBase.deserializeFromObjectUsingNonDefault(BeanDeserializerBase.java:1518) ~[jackson-databind-3.1.2.jar:3.1.2]
	at tools.jackson.databind.deser.bean.BeanDeserializer.deserializeFromObject(BeanDeserializer.java:598) ~[jackson-databind-3.1.2.jar:3.1.2]
	at tools.jackson.databind.deser.bean.BeanDeserializer.deserialize(BeanDeserializer.java:200) ~[jackson-databind-3.1.2.jar:3.1.2]
	at tools.jackson.databind.deser.DeserializationContextExt.readRootValue(DeserializationContextExt.java:266) ~[jackson-databind-3.1.2.jar:3.1.2]
	at tools.jackson.databind.ObjectReader._bindAndClose(ObjectReader.java:1888) ~[jackson-databind-3.1.2.jar:3.1.2]
	at tools.jackson.databind.ObjectReader.readValue(ObjectReader.java:1270) ~[jackson-databind-3.1.2.jar:3.1.2]
	at org.springframework.http.converter.AbstractJacksonHttpMessageConverter.readJavaType(AbstractJacksonHttpMessageConverter.java:352) ~[spring-web-7.0.7.jar:7.0.7]
	... 46 common frames omitted

2026-05-16T15:50:37.958-04:00 ERROR 10244 --- [ms-envios] [http-nio-8086-exec-3] c.d.m.exception.GlobalExceptionHandler   : ERROR CRÍTICO en /api/envios: 

org.springframework.http.converter.HttpMessageConversionException: Type definition error: [simple type, class com.dsy1103.msenvios.dto.EnvioDTO]
	at org.springframework.http.converter.AbstractJacksonHttpMessageConverter.readJavaType(AbstractJacksonHttpMessageConverter.java:360) ~[spring-web-7.0.7.jar:7.0.7]
	at org.springframework.http.converter.AbstractJacksonHttpMessageConverter.read(AbstractJacksonHttpMessageConverter.java:319) ~[spring-web-7.0.7.jar:7.0.7]
	at org.springframework.web.servlet.mvc.method.annotation.AbstractMessageConverterMethodArgumentResolver.readWithMessageConverters(AbstractMessageConverterMethodArgumentResolver.java:203) ~[spring-webmvc-7.0.7.jar:7.0.7]
	at org.springframework.web.servlet.mvc.method.annotation.RequestResponseBodyMethodProcessor.readWithMessageConverters(RequestResponseBodyMethodProcessor.java:181) ~[spring-webmvc-7.0.7.jar:7.0.7]
	at org.springframework.web.servlet.mvc.method.annotation.RequestResponseBodyMethodProcessor.resolveArgument(RequestResponseBodyMethodProcessor.java:156) ~[spring-webmvc-7.0.7.jar:7.0.7]
	at org.springframework.web.method.support.HandlerMethodArgumentResolverComposite.resolveArgument(HandlerMethodArgumentResolverComposite.java:122) ~[spring-web-7.0.7.jar:7.0.7]
	at org.springframework.web.method.support.InvocableHandlerMethod.getMethodArgumentValues(InvocableHandlerMethod.java:224) ~[spring-web-7.0.7.jar:7.0.7]
	at org.springframework.web.method.support.InvocableHandlerMethod.invokeForRequest(InvocableHandlerMethod.java:174) ~[spring-web-7.0.7.jar:7.0.7]
	at org.springframework.web.servlet.mvc.method.annotation.ServletInvocableHandlerMethod.invokeAndHandle(ServletInvocableHandlerMethod.java:117) ~[spring-webmvc-7.0.7.jar:7.0.7]
	at org.springframework.web.servlet.mvc.method.annotation.RequestMappingHandlerAdapter.invokeHandlerMethod(RequestMappingHandlerAdapter.java:934) ~[spring-webmvc-7.0.7.jar:7.0.7]
	at org.springframework.web.servlet.mvc.method.annotation.RequestMappingHandlerAdapter.handleInternal(RequestMappingHandlerAdapter.java:853) ~[spring-webmvc-7.0.7.jar:7.0.7]
	at org.springframework.web.servlet.mvc.method.AbstractHandlerMethodAdapter.handle(AbstractHandlerMethodAdapter.java:86) ~[spring-webmvc-7.0.7.jar:7.0.7]
	at org.springframework.web.servlet.DispatcherServlet.doDispatch(DispatcherServlet.java:963) ~[spring-webmvc-7.0.7.jar:7.0.7]
	at org.springframework.web.servlet.DispatcherServlet.doService(DispatcherServlet.java:866) ~[spring-webmvc-7.0.7.jar:7.0.7]
	at org.springframework.web.servlet.FrameworkServlet.processRequest(FrameworkServlet.java:1000) ~[spring-webmvc-7.0.7.jar:7.0.7]
	at org.springframework.web.servlet.FrameworkServlet.doPost(FrameworkServlet.java:903) ~[spring-webmvc-7.0.7.jar:7.0.7]
	at jakarta.servlet.http.HttpServlet.service(HttpServlet.java:649) ~[tomcat-embed-core-11.0.21.jar:6.1]
	at org.springframework.web.servlet.FrameworkServlet.service(FrameworkServlet.java:874) ~[spring-webmvc-7.0.7.jar:7.0.7]
	at jakarta.servlet.http.HttpServlet.service(HttpServlet.java:710) ~[tomcat-embed-core-11.0.21.jar:6.1]
	at org.apache.catalina.core.ApplicationFilterChain.doFilter(ApplicationFilterChain.java:128) ~[tomcat-embed-core-11.0.21.jar:11.0.21]
	at org.apache.tomcat.websocket.server.WsFilter.doFilter(WsFilter.java:53) ~[tomcat-embed-websocket-11.0.21.jar:11.0.21]
	at org.apache.catalina.core.ApplicationFilterChain.doFilter(ApplicationFilterChain.java:107) ~[tomcat-embed-core-11.0.21.jar:11.0.21]
	at org.springframework.web.filter.RequestContextFilter.doFilterInternal(RequestContextFilter.java:100) ~[spring-web-7.0.7.jar:7.0.7]
	at org.springframework.web.filter.OncePerRequestFilter.doFilter(OncePerRequestFilter.java:116) ~[spring-web-7.0.7.jar:7.0.7]
	at org.apache.catalina.core.ApplicationFilterChain.doFilter(ApplicationFilterChain.java:107) ~[tomcat-embed-core-11.0.21.jar:11.0.21]
	at org.springframework.web.filter.FormContentFilter.doFilterInternal(FormContentFilter.java:93) ~[spring-web-7.0.7.jar:7.0.7]
	at org.springframework.web.filter.OncePerRequestFilter.doFilter(OncePerRequestFilter.java:116) ~[spring-web-7.0.7.jar:7.0.7]
	at org.apache.catalina.core.ApplicationFilterChain.doFilter(ApplicationFilterChain.java:107) ~[tomcat-embed-core-11.0.21.jar:11.0.21]
	at org.springframework.web.filter.CharacterEncodingFilter.doFilterInternal(CharacterEncodingFilter.java:199) ~[spring-web-7.0.7.jar:7.0.7]
	at org.springframework.web.filter.OncePerRequestFilter.doFilter(OncePerRequestFilter.java:116) ~[spring-web-7.0.7.jar:7.0.7]
	at org.apache.catalina.core.ApplicationFilterChain.doFilter(ApplicationFilterChain.java:107) ~[tomcat-embed-core-11.0.21.jar:11.0.21]
	at org.apache.catalina.core.StandardWrapperValve.invoke(StandardWrapperValve.java:165) ~[tomcat-embed-core-11.0.21.jar:11.0.21]
	at org.apache.catalina.core.StandardContextValve.invoke(StandardContextValve.java:77) ~[tomcat-embed-core-11.0.21.jar:11.0.21]
	at org.apache.catalina.authenticator.AuthenticatorBase.invoke(AuthenticatorBase.java:492) ~[tomcat-embed-core-11.0.21.jar:11.0.21]
	at org.apache.catalina.core.StandardHostValve.invoke(StandardHostValve.java:113) ~[tomcat-embed-core-11.0.21.jar:11.0.21]
	at org.apache.catalina.valves.ErrorReportValve.invoke(ErrorReportValve.java:83) ~[tomcat-embed-core-11.0.21.jar:11.0.21]
	at org.apache.catalina.core.StandardEngineValve.invoke(StandardEngineValve.java:72) ~[tomcat-embed-core-11.0.21.jar:11.0.21]
	at org.apache.catalina.connector.CoyoteAdapter.service(CoyoteAdapter.java:341) ~[tomcat-embed-core-11.0.21.jar:11.0.21]
	at org.apache.coyote.http11.Http11Processor.service(Http11Processor.java:397) ~[tomcat-embed-core-11.0.21.jar:11.0.21]
	at org.apache.coyote.AbstractProcessorLight.process(AbstractProcessorLight.java:63) ~[tomcat-embed-core-11.0.21.jar:11.0.21]
	at org.apache.coyote.AbstractProtocol$ConnectionHandler.process(AbstractProtocol.java:903) ~[tomcat-embed-core-11.0.21.jar:11.0.21]
	at org.apache.tomcat.util.net.NioEndpoint$SocketProcessor.doRun(NioEndpoint.java:1801) ~[tomcat-embed-core-11.0.21.jar:11.0.21]
	at org.apache.tomcat.util.net.SocketProcessorBase.run(SocketProcessorBase.java:52) ~[tomcat-embed-core-11.0.21.jar:11.0.21]
	at org.apache.tomcat.util.threads.ThreadPoolExecutor.runWorker(ThreadPoolExecutor.java:946) ~[tomcat-embed-core-11.0.21.jar:11.0.21]
	at org.apache.tomcat.util.threads.ThreadPoolExecutor$Worker.run(ThreadPoolExecutor.java:480) ~[tomcat-embed-core-11.0.21.jar:11.0.21]
	at org.apache.tomcat.util.threads.TaskThread$WrappingRunnable.run(TaskThread.java:57) ~[tomcat-embed-core-11.0.21.jar:11.0.21]
	at java.base/java.lang.Thread.run(Thread.java:1447) ~[na:na]
Caused by: tools.jackson.databind.exc.InvalidDefinitionException: Cannot construct instance of `com.dsy1103.msenvios.dto.EnvioDTO` (no Creators, like default constructor, exist): cannot deserialize from Object value (no delegate- or property-based Creator)
 at [Source: REDACTED (`StreamReadFeature.INCLUDE_SOURCE_IN_LOCATION` disabled); byte offset: #5]
	at tools.jackson.databind.exc.InvalidDefinitionException.from(InvalidDefinitionException.java:70) ~[jackson-databind-3.1.2.jar:3.1.2]
	at tools.jackson.databind.DeserializationContext.reportBadDefinition(DeserializationContext.java:1995) ~[jackson-databind-3.1.2.jar:3.1.2]
	at tools.jackson.databind.DatabindContext.reportBadDefinition(DatabindContext.java:448) ~[jackson-databind-3.1.2.jar:3.1.2]
	at tools.jackson.databind.DeserializationContext.handleMissingInstantiator(DeserializationContext.java:1525) ~[jackson-databind-3.1.2.jar:3.1.2]
	at tools.jackson.databind.deser.bean.BeanDeserializerBase.deserializeFromObjectUsingNonDefault(BeanDeserializerBase.java:1518) ~[jackson-databind-3.1.2.jar:3.1.2]
	at tools.jackson.databind.deser.bean.BeanDeserializer.deserializeFromObject(BeanDeserializer.java:598) ~[jackson-databind-3.1.2.jar:3.1.2]
	at tools.jackson.databind.deser.bean.BeanDeserializer.deserialize(BeanDeserializer.java:200) ~[jackson-databind-3.1.2.jar:3.1.2]
	at tools.jackson.databind.deser.DeserializationContextExt.readRootValue(DeserializationContextExt.java:266) ~[jackson-databind-3.1.2.jar:3.1.2]
	at tools.jackson.databind.ObjectReader._bindAndClose(ObjectReader.java:1888) ~[jackson-databind-3.1.2.jar:3.1.2]
	at tools.jackson.databind.ObjectReader.readValue(ObjectReader.java:1270) ~[jackson-databind-3.1.2.jar:3.1.2]
	at org.springframework.http.converter.AbstractJacksonHttpMessageConverter.readJavaType(AbstractJacksonHttpMessageConverter.java:352) ~[spring-web-7.0.7.jar:7.0.7]
	... 46 common frames omitted

2026-05-16T15:54:31.621-04:00  INFO 10244 --- [ms-envios] [SpringApplicationShutdownHook] o.s.boot.tomcat.GracefulShutdown         : Commencing graceful shutdown. Waiting for active requests to complete
2026-05-16T15:54:31.626-04:00  INFO 10244 --- [ms-envios] [tomcat-shutdown] o.s.boot.tomcat.GracefulShutdown         : Graceful shutdown complete
2026-05-16T15:54:31.631-04:00  INFO 10244 --- [ms-envios] [SpringApplicationShutdownHook] j.LocalContainerEntityManagerFactoryBean : Closing JPA EntityManagerFactory for persistence unit 'default'
2026-05-16T15:54:31.633-04:00  INFO 10244 --- [ms-envios] [SpringApplicationShutdownHook] com.zaxxer.hikari.HikariDataSource       : HikariPool-1 - Shutdown initiated...
2026-05-16T15:54:31.642-04:00  INFO 10244 --- [ms-envios] [SpringApplicationShutdownHook] com.zaxxer.hikari.HikariDataSource       : HikariPool-1 - Shutdown completed.
2026-05-16T15:54:33.768-04:00  INFO 19808 --- [ms-envios] [main] c.dsy1103.msenvios.MsEnviosApplication   : Starting MsEnviosApplication using Java 24.0.2 with PID 19808 (C:\Users\zerze\OneDrive\Desktop\ev2\Evaluacion-Parcial-2-Full-Stack-DSY1103\ms-envios\target\classes started by zerze in C:\Users\zerze\OneDrive\Desktop\ev2\Evaluacion-Parcial-2-Full-Stack-DSY1103\ms-envios)
2026-05-16T15:54:33.771-04:00  INFO 19808 --- [ms-envios] [main] c.dsy1103.msenvios.MsEnviosApplication   : No active profile set, falling back to 1 default profile: "default"
2026-05-16T15:54:34.752-04:00  INFO 19808 --- [ms-envios] [main] .s.d.r.c.RepositoryConfigurationDelegate : Bootstrapping Spring Data JPA repositories in DEFAULT mode.
2026-05-16T15:54:34.836-04:00  INFO 19808 --- [ms-envios] [main] .s.d.r.c.RepositoryConfigurationDelegate : Finished Spring Data repository scanning in 70 ms. Found 2 JPA repository interfaces.
2026-05-16T15:54:35.042-04:00  INFO 19808 --- [ms-envios] [main] o.s.cloud.context.scope.GenericScope     : BeanFactory id=aeb4ee6c-4fe2-3279-a8f1-b63ea7cf87d5
2026-05-16T15:54:35.574-04:00  INFO 19808 --- [ms-envios] [main] o.s.boot.tomcat.TomcatWebServer          : Tomcat initialized with port 8086 (http)
2026-05-16T15:54:35.590-04:00  INFO 19808 --- [ms-envios] [main] o.apache.catalina.core.StandardService   : Starting service [Tomcat]
2026-05-16T15:54:35.591-04:00  INFO 19808 --- [ms-envios] [main] o.apache.catalina.core.StandardEngine    : Starting Servlet engine: [Apache Tomcat/11.0.21]
2026-05-16T15:54:35.649-04:00  INFO 19808 --- [ms-envios] [main] b.w.c.s.WebApplicationContextInitializer : Root WebApplicationContext: initialization completed in 1828 ms
2026-05-16T15:54:35.859-04:00  INFO 19808 --- [ms-envios] [main] com.zaxxer.hikari.HikariDataSource       : HikariPool-1 - Starting...
2026-05-16T15:54:36.052-04:00  INFO 19808 --- [ms-envios] [main] com.zaxxer.hikari.pool.HikariPool        : HikariPool-1 - Added connection com.mysql.cj.jdbc.ConnectionImpl@7b9e25bd
2026-05-16T15:54:36.054-04:00  INFO 19808 --- [ms-envios] [main] com.zaxxer.hikari.HikariDataSource       : HikariPool-1 - Start completed.
2026-05-16T15:54:38.177-04:00  INFO 19808 --- [ms-envios] [main] liquibase.changelog                      : Reading from prueba5.databasechangelog
2026-05-16T15:54:38.237-04:00  INFO 19808 --- [ms-envios] [main] liquibase.ui                             : Database is up to date, no changesets to execute
2026-05-16T15:54:38.242-04:00  INFO 19808 --- [ms-envios] [main] liquibase.changelog                      : Reading from prueba5.databasechangelog
2026-05-16T15:54:38.261-04:00  INFO 19808 --- [ms-envios] [main] liquibase.util                           : UPDATE SUMMARY
2026-05-16T15:54:38.261-04:00  INFO 19808 --- [ms-envios] [main] liquibase.util                           : Run:                          0
2026-05-16T15:54:38.261-04:00  INFO 19808 --- [ms-envios] [main] liquibase.util                           : Previously run:               2
2026-05-16T15:54:38.262-04:00  INFO 19808 --- [ms-envios] [main] liquibase.util                           : Filtered out:                 0
2026-05-16T15:54:38.262-04:00  INFO 19808 --- [ms-envios] [main] liquibase.util                           : -------------------------------
2026-05-16T15:54:38.262-04:00  INFO 19808 --- [ms-envios] [main] liquibase.util                           : Total change sets:            2
2026-05-16T15:54:38.263-04:00  INFO 19808 --- [ms-envios] [main] liquibase.util                           : Update summary generated
2026-05-16T15:54:38.264-04:00  INFO 19808 --- [ms-envios] [main] liquibase.command                        : Command execution complete
2026-05-16T15:54:38.405-04:00  INFO 19808 --- [ms-envios] [main] org.hibernate.orm.jpa                    : HHH008540: Processing PersistenceUnitInfo [name: default]
2026-05-16T15:54:38.474-04:00  INFO 19808 --- [ms-envios] [main] org.hibernate.orm.core                   : HHH000001: Hibernate ORM core version 7.2.12.Final
2026-05-16T15:54:38.943-04:00  INFO 19808 --- [ms-envios] [main] o.s.o.j.p.SpringPersistenceUnitInfo      : No LoadTimeWeaver setup: ignoring JPA class transformer
2026-05-16T15:54:38.982-04:00  WARN 19808 --- [ms-envios] [main] org.hibernate.orm.deprecation            : HHH90000025: MySQLDialect does not need to be specified explicitly using 'hibernate.dialect' (remove the property setting and it will be selected by default)
2026-05-16T15:54:38.993-04:00  INFO 19808 --- [ms-envios] [main] org.hibernate.orm.connections.pooling    : HHH10001005: Database info:
	Database JDBC URL [jdbc:mysql://localhost:3306/prueba5?useSSL=false&serverTimezone=America/Santiago&allowPublicKeyRetrieval=true]
	Database driver: MySQL Connector/J
	Database dialect: MySQLDialect
	Database version: 8.4.3
	Default catalog/schema: prueba5/undefined
	Autocommit mode: undefined/unknown
	Isolation level: REPEATABLE_READ [default REPEATABLE_READ]
	JDBC fetch size: none
	Pool: DataSourceConnectionProvider
	Minimum pool size: undefined/unknown
	Maximum pool size: undefined/unknown
2026-05-16T15:54:39.744-04:00  INFO 19808 --- [ms-envios] [main] org.hibernate.orm.core                   : HHH000489: No JTA platform available (set 'hibernate.transaction.jta.platform' to enable JTA platform integration)
2026-05-16T15:54:39.773-04:00  INFO 19808 --- [ms-envios] [main] j.LocalContainerEntityManagerFactoryBean : Initialized JPA EntityManagerFactory for persistence unit 'default'
2026-05-16T15:54:39.870-04:00  INFO 19808 --- [ms-envios] [main] o.s.d.j.r.query.QueryEnhancerFactories   : Hibernate is in classpath; If applicable, HQL parser will be used.
2026-05-16T15:54:40.298-04:00  WARN 19808 --- [ms-envios] [main] JpaBaseConfiguration$JpaWebConfiguration : spring.jpa.open-in-view is enabled by default. Therefore, database queries may be performed during view rendering. Explicitly configure spring.jpa.open-in-view to disable this warning
2026-05-16T15:54:40.821-04:00  INFO 19808 --- [ms-envios] [main] o.s.boot.tomcat.TomcatWebServer          : Tomcat started on port 8086 (http) with context path '/'
2026-05-16T15:54:40.835-04:00  INFO 19808 --- [ms-envios] [main] c.dsy1103.msenvios.MsEnviosApplication   : Started MsEnviosApplication in 7.679 seconds (process running for 8.623)
2026-05-16T15:54:52.494-04:00  INFO 19808 --- [ms-envios] [http-nio-8086-exec-1] o.a.c.c.C.[Tomcat].[localhost].[/]       : Initializing Spring DispatcherServlet 'dispatcherServlet'
2026-05-16T15:54:52.494-04:00  INFO 19808 --- [ms-envios] [http-nio-8086-exec-1] o.s.web.servlet.DispatcherServlet        : Initializing Servlet 'dispatcherServlet'
2026-05-16T15:54:52.497-04:00  INFO 19808 --- [ms-envios] [http-nio-8086-exec-1] o.s.web.servlet.DispatcherServlet        : Completed initialization in 2 ms
2026-05-16T15:54:52.741-04:00 ERROR 19808 --- [ms-envios] [http-nio-8086-exec-1] c.d.m.exception.GlobalExceptionHandler   : Error de validación: {fechaSalida=La fecha de salida no puede ser futura, fechaEntregado=La fecha de entrega no puede ser futura}
2026-05-16T15:55:25.589-04:00 ERROR 19808 --- [ms-envios] [http-nio-8086-exec-5] c.d.m.exception.GlobalExceptionHandler   : Error de validación: {fechaSalida=La fecha de salida no puede ser futura, fechaEntregado=La fecha de entrega no puede ser futura}
2026-05-16T15:55:58.549-04:00 ERROR 19808 --- [ms-envios] [http-nio-8086-exec-3] c.d.m.exception.GlobalExceptionHandler   : Error de validación: {fechaSalida=La fecha de salida no puede ser futura}
2026-05-16T15:56:09.831-04:00 ERROR 19808 --- [ms-envios] [http-nio-8086-exec-8] c.d.m.exception.GlobalExceptionHandler   : Error de validación: {fechaSalida=La fecha de salida no puede ser futura}
2026-05-16T15:56:18.193-04:00 ERROR 19808 --- [ms-envios] [http-nio-8086-exec-10] c.d.m.exception.GlobalExceptionHandler   : Error de validación: {fechaSalida=La fecha de salida no puede ser futura}
2026-05-16T15:56:21.590-04:00 ERROR 19808 --- [ms-envios] [http-nio-8086-exec-1] c.d.m.exception.GlobalExceptionHandler   : Error de validación: {fechaSalida=La fecha de salida no puede ser futura}
2026-05-16T15:57:01.055-04:00  INFO 19808 --- [ms-envios] [http-nio-8086-exec-5] c.d.msenvios.controller.EnvioController  : Recibida solicitud para crear un nuevo Envio
2026-05-16T15:57:43.111-04:00  INFO 19808 --- [ms-envios] [http-nio-8086-exec-6] c.d.msenvios.controller.EnvioController  : Recibida solicitud para crear un nuevo Envio
2026-05-16T15:57:57.062-04:00  INFO 19808 --- [ms-envios] [http-nio-8086-exec-3] c.d.msenvios.controller.EnvioController  : Recibida solicitud para listar todos los envíos
2026-05-16T15:57:57.073-04:00  INFO 19808 --- [ms-envios] [http-nio-8086-exec-3] c.dsy1103.msenvios.service.EnvioService  : Iniciando consulta de todos los Envios
2026-05-16T15:58:46.531-04:00  INFO 19808 --- [ms-envios] [http-nio-8086-exec-7] c.d.msenvios.controller.EnvioController  : Recibida solicitud para listar todos los envíos
2026-05-16T15:58:46.532-04:00  INFO 19808 --- [ms-envios] [http-nio-8086-exec-7] c.dsy1103.msenvios.service.EnvioService  : Iniciando consulta de todos los Envios
2026-05-16T15:59:13.688-04:00  INFO 19808 --- [ms-envios] [http-nio-8086-exec-8] c.d.msenvios.controller.EnvioController  : Recibida solicitud para listar todos los envíos
2026-05-16T15:59:13.689-04:00  INFO 19808 --- [ms-envios] [http-nio-8086-exec-8] c.dsy1103.msenvios.service.EnvioService  : Iniciando consulta de todos los Envios
2026-05-16T15:59:23.752-04:00  INFO 19808 --- [ms-envios] [http-nio-8086-exec-9] c.d.msenvios.controller.EnvioController  : Recibida solicitud para crear un nuevo Envio
2026-05-16T15:59:26.367-04:00  INFO 19808 --- [ms-envios] [http-nio-8086-exec-10] c.d.msenvios.controller.EnvioController  : Recibida solicitud para listar todos los envíos
2026-05-16T15:59:26.369-04:00  INFO 19808 --- [ms-envios] [http-nio-8086-exec-10] c.dsy1103.msenvios.service.EnvioService  : Iniciando consulta de todos los Envios
2026-05-16T16:01:08.017-04:00 ERROR 19808 --- [ms-envios] [http-nio-8086-exec-4] c.d.m.exception.GlobalExceptionHandler   : Error de validación: {fechaEntregado=La fecha de entrega no puede ser futura}
2026-05-16T16:01:24.009-04:00  INFO 19808 --- [ms-envios] [http-nio-8086-exec-6] c.d.msenvios.controller.EnvioController  : Recibida solicitud para actualizar Envio con ID: 1
2026-05-16T16:01:45.267-04:00  INFO 19808 --- [ms-envios] [http-nio-8086-exec-3] c.d.msenvios.controller.EnvioController  : Recibida solicitud para listar todos los envíos
2026-05-16T16:01:45.270-04:00  INFO 19808 --- [ms-envios] [http-nio-8086-exec-3] c.dsy1103.msenvios.service.EnvioService  : Iniciando consulta de todos los Envios
2026-05-16T16:02:46.866-04:00  INFO 19808 --- [ms-envios] [http-nio-8086-exec-9] c.d.msenvios.controller.EnvioController  : Recibida solicitud para eliminar Envio con ID: 3
2026-05-16T16:02:46.868-04:00  INFO 19808 --- [ms-envios] [http-nio-8086-exec-9] c.dsy1103.msenvios.service.EnvioService  : Solicitud para eliminar Envio ID: 3
2026-05-16T16:02:47.247-04:00  INFO 19808 --- [ms-envios] [http-nio-8086-exec-9] c.dsy1103.msenvios.service.EnvioService  : Envio ID: 3 eliminado correctamente
2026-05-16T16:04:56.464-04:00 ERROR 19808 --- [ms-envios] [http-nio-8086-exec-1] c.d.m.exception.GlobalExceptionHandler   : ERROR CRÍTICO en /api/seguimientos: 

org.springframework.http.converter.HttpMessageNotReadableException: Required request body is missing: public org.springframework.http.ResponseEntity<com.dsy1103.msenvios.dto.SeguimientoDTO> com.dsy1103.msenvios.controller.SeguimientoController.crear(com.dsy1103.msenvios.dto.SeguimientoDTO)
	at org.springframework.web.servlet.mvc.method.annotation.RequestResponseBodyMethodProcessor.readWithMessageConverters(RequestResponseBodyMethodProcessor.java:184) ~[spring-webmvc-7.0.7.jar:7.0.7]
	at org.springframework.web.servlet.mvc.method.annotation.RequestResponseBodyMethodProcessor.resolveArgument(RequestResponseBodyMethodProcessor.java:156) ~[spring-webmvc-7.0.7.jar:7.0.7]
	at org.springframework.web.method.support.HandlerMethodArgumentResolverComposite.resolveArgument(HandlerMethodArgumentResolverComposite.java:122) ~[spring-web-7.0.7.jar:7.0.7]
	at org.springframework.web.method.support.InvocableHandlerMethod.getMethodArgumentValues(InvocableHandlerMethod.java:224) ~[spring-web-7.0.7.jar:7.0.7]
	at org.springframework.web.method.support.InvocableHandlerMethod.invokeForRequest(InvocableHandlerMethod.java:174) ~[spring-web-7.0.7.jar:7.0.7]
	at org.springframework.web.servlet.mvc.method.annotation.ServletInvocableHandlerMethod.invokeAndHandle(ServletInvocableHandlerMethod.java:117) ~[spring-webmvc-7.0.7.jar:7.0.7]
	at org.springframework.web.servlet.mvc.method.annotation.RequestMappingHandlerAdapter.invokeHandlerMethod(RequestMappingHandlerAdapter.java:934) ~[spring-webmvc-7.0.7.jar:7.0.7]
	at org.springframework.web.servlet.mvc.method.annotation.RequestMappingHandlerAdapter.handleInternal(RequestMappingHandlerAdapter.java:853) ~[spring-webmvc-7.0.7.jar:7.0.7]
	at org.springframework.web.servlet.mvc.method.AbstractHandlerMethodAdapter.handle(AbstractHandlerMethodAdapter.java:86) ~[spring-webmvc-7.0.7.jar:7.0.7]
	at org.springframework.web.servlet.DispatcherServlet.doDispatch(DispatcherServlet.java:963) ~[spring-webmvc-7.0.7.jar:7.0.7]
	at org.springframework.web.servlet.DispatcherServlet.doService(DispatcherServlet.java:866) ~[spring-webmvc-7.0.7.jar:7.0.7]
	at org.springframework.web.servlet.FrameworkServlet.processRequest(FrameworkServlet.java:1000) ~[spring-webmvc-7.0.7.jar:7.0.7]
	at org.springframework.web.servlet.FrameworkServlet.doPost(FrameworkServlet.java:903) ~[spring-webmvc-7.0.7.jar:7.0.7]
	at jakarta.servlet.http.HttpServlet.service(HttpServlet.java:649) ~[tomcat-embed-core-11.0.21.jar:6.1]
	at org.springframework.web.servlet.FrameworkServlet.service(FrameworkServlet.java:874) ~[spring-webmvc-7.0.7.jar:7.0.7]
	at jakarta.servlet.http.HttpServlet.service(HttpServlet.java:710) ~[tomcat-embed-core-11.0.21.jar:6.1]
	at org.apache.catalina.core.ApplicationFilterChain.doFilter(ApplicationFilterChain.java:128) ~[tomcat-embed-core-11.0.21.jar:11.0.21]
	at org.apache.tomcat.websocket.server.WsFilter.doFilter(WsFilter.java:53) ~[tomcat-embed-websocket-11.0.21.jar:11.0.21]
	at org.apache.catalina.core.ApplicationFilterChain.doFilter(ApplicationFilterChain.java:107) ~[tomcat-embed-core-11.0.21.jar:11.0.21]
	at org.springframework.web.filter.RequestContextFilter.doFilterInternal(RequestContextFilter.java:100) ~[spring-web-7.0.7.jar:7.0.7]
	at org.springframework.web.filter.OncePerRequestFilter.doFilter(OncePerRequestFilter.java:116) ~[spring-web-7.0.7.jar:7.0.7]
	at org.apache.catalina.core.ApplicationFilterChain.doFilter(ApplicationFilterChain.java:107) ~[tomcat-embed-core-11.0.21.jar:11.0.21]
	at org.springframework.web.filter.FormContentFilter.doFilterInternal(FormContentFilter.java:93) ~[spring-web-7.0.7.jar:7.0.7]
	at org.springframework.web.filter.OncePerRequestFilter.doFilter(OncePerRequestFilter.java:116) ~[spring-web-7.0.7.jar:7.0.7]
	at org.apache.catalina.core.ApplicationFilterChain.doFilter(ApplicationFilterChain.java:107) ~[tomcat-embed-core-11.0.21.jar:11.0.21]
	at org.springframework.web.filter.CharacterEncodingFilter.doFilterInternal(CharacterEncodingFilter.java:199) ~[spring-web-7.0.7.jar:7.0.7]
	at org.springframework.web.filter.OncePerRequestFilter.doFilter(OncePerRequestFilter.java:116) ~[spring-web-7.0.7.jar:7.0.7]
	at org.apache.catalina.core.ApplicationFilterChain.doFilter(ApplicationFilterChain.java:107) ~[tomcat-embed-core-11.0.21.jar:11.0.21]
	at org.apache.catalina.core.StandardWrapperValve.invoke(StandardWrapperValve.java:165) ~[tomcat-embed-core-11.0.21.jar:11.0.21]
	at org.apache.catalina.core.StandardContextValve.invoke(StandardContextValve.java:77) ~[tomcat-embed-core-11.0.21.jar:11.0.21]
	at org.apache.catalina.authenticator.AuthenticatorBase.invoke(AuthenticatorBase.java:492) ~[tomcat-embed-core-11.0.21.jar:11.0.21]
	at org.apache.catalina.core.StandardHostValve.invoke(StandardHostValve.java:113) ~[tomcat-embed-core-11.0.21.jar:11.0.21]
	at org.apache.catalina.valves.ErrorReportValve.invoke(ErrorReportValve.java:83) ~[tomcat-embed-core-11.0.21.jar:11.0.21]
	at org.apache.catalina.core.StandardEngineValve.invoke(StandardEngineValve.java:72) ~[tomcat-embed-core-11.0.21.jar:11.0.21]
	at org.apache.catalina.connector.CoyoteAdapter.service(CoyoteAdapter.java:341) ~[tomcat-embed-core-11.0.21.jar:11.0.21]
	at org.apache.coyote.http11.Http11Processor.service(Http11Processor.java:397) ~[tomcat-embed-core-11.0.21.jar:11.0.21]
	at org.apache.coyote.AbstractProcessorLight.process(AbstractProcessorLight.java:63) ~[tomcat-embed-core-11.0.21.jar:11.0.21]
	at org.apache.coyote.AbstractProtocol$ConnectionHandler.process(AbstractProtocol.java:903) ~[tomcat-embed-core-11.0.21.jar:11.0.21]
	at org.apache.tomcat.util.net.NioEndpoint$SocketProcessor.doRun(NioEndpoint.java:1801) ~[tomcat-embed-core-11.0.21.jar:11.0.21]
	at org.apache.tomcat.util.net.SocketProcessorBase.run(SocketProcessorBase.java:52) ~[tomcat-embed-core-11.0.21.jar:11.0.21]
	at org.apache.tomcat.util.threads.ThreadPoolExecutor.runWorker(ThreadPoolExecutor.java:946) ~[tomcat-embed-core-11.0.21.jar:11.0.21]
	at org.apache.tomcat.util.threads.ThreadPoolExecutor$Worker.run(ThreadPoolExecutor.java:480) ~[tomcat-embed-core-11.0.21.jar:11.0.21]
	at org.apache.tomcat.util.threads.TaskThread$WrappingRunnable.run(TaskThread.java:57) ~[tomcat-embed-core-11.0.21.jar:11.0.21]
	at java.base/java.lang.Thread.run(Thread.java:1447) ~[na:na]

2026-05-16T16:05:11.360-04:00  INFO 19808 --- [ms-envios] [http-nio-8086-exec-5] c.d.m.controller.SeguimientoController   : Recibida solicitud para crear un nuevo Seguimiento
2026-05-16T16:05:11.704-04:00  WARN 19808 --- [ms-envios] [http-nio-8086-exec-5] org.hibernate.orm.jdbc.error             : HHH000247: ErrorCode: 1048, SQLState: 23000
2026-05-16T16:05:11.705-04:00  WARN 19808 --- [ms-envios] [http-nio-8086-exec-5] org.hibernate.orm.jdbc.error             : Column 'envio_id' cannot be null
2026-05-16T16:05:11.716-04:00 ERROR 19808 --- [ms-envios] [http-nio-8086-exec-5] c.d.msenvios.service.SeguimientoService  : Error al crear Seguimiento: could not execute statement [Column 'envio_id' cannot be null] [insert into seguimiento_modelo (envio_id,estado,fecha_seguimiento,observacion,ubicacion_actual,visible) values (?,?,?,?,?,?)]; SQL [insert into seguimiento_modelo (envio_id,estado,fecha_seguimiento,observacion,ubicacion_actual,visible) values (?,?,?,?,?,?)]; constraint [envio_id]
2026-05-16T16:05:11.720-04:00 ERROR 19808 --- [ms-envios] [http-nio-8086-exec-5] c.d.m.exception.GlobalExceptionHandler   : ERROR CRÍTICO en /api/seguimientos: 

org.springframework.dao.DataIntegrityViolationException: could not execute statement [Column 'envio_id' cannot be null] [insert into seguimiento_modelo (envio_id,estado,fecha_seguimiento,observacion,ubicacion_actual,visible) values (?,?,?,?,?,?)]; SQL [insert into seguimiento_modelo (envio_id,estado,fecha_seguimiento,observacion,ubicacion_actual,visible) values (?,?,?,?,?,?)]; constraint [envio_id]
	at org.springframework.orm.jpa.hibernate.HibernateExceptionTranslator.convertHibernateAccessException(HibernateExceptionTranslator.java:169) ~[spring-orm-7.0.7.jar:7.0.7]
	at org.springframework.orm.jpa.hibernate.HibernateExceptionTranslator.convertHibernateAccessException(HibernateExceptionTranslator.java:131) ~[spring-orm-7.0.7.jar:7.0.7]
	at org.springframework.orm.jpa.hibernate.HibernateExceptionTranslator.translateExceptionIfPossible(HibernateExceptionTranslator.java:105) ~[spring-orm-7.0.7.jar:7.0.7]
	at org.springframework.orm.jpa.vendor.HibernateJpaDialect.translateExceptionIfPossible(HibernateJpaDialect.java:223) ~[spring-orm-7.0.7.jar:7.0.7]
	at org.springframework.orm.jpa.AbstractEntityManagerFactoryBean.translateExceptionIfPossible(AbstractEntityManagerFactoryBean.java:576) ~[spring-orm-7.0.7.jar:7.0.7]
	at org.springframework.dao.support.ChainedPersistenceExceptionTranslator.translateExceptionIfPossible(ChainedPersistenceExceptionTranslator.java:61) ~[spring-tx-7.0.7.jar:7.0.7]
	at org.springframework.dao.support.DataAccessUtils.translateIfNecessary(DataAccessUtils.java:346) ~[spring-tx-7.0.7.jar:7.0.7]
	at org.springframework.dao.support.PersistenceExceptionTranslationInterceptor.invoke(PersistenceExceptionTranslationInterceptor.java:157) ~[spring-tx-7.0.7.jar:7.0.7]
	at org.springframework.aop.framework.ReflectiveMethodInvocation.proceed(ReflectiveMethodInvocation.java:179) ~[spring-aop-7.0.7.jar:7.0.7]
	at org.springframework.data.jpa.repository.support.CrudMethodMetadataPostProcessor$CrudMethodMetadataPopulatingMethodInterceptor.invoke(CrudMethodMetadataPostProcessor.java:166) ~[spring-data-jpa-4.0.5.jar:4.0.5]
	at org.springframework.aop.framework.ReflectiveMethodInvocation.proceed(ReflectiveMethodInvocation.java:179) ~[spring-aop-7.0.7.jar:7.0.7]
	at org.springframework.aop.framework.JdkDynamicAopProxy.invoke(JdkDynamicAopProxy.java:222) ~[spring-aop-7.0.7.jar:7.0.7]
	at jdk.proxy2/jdk.proxy2.$Proxy142.save(Unknown Source) ~[na:na]
	at com.dsy1103.msenvios.service.SeguimientoService.crear(SeguimientoService.java:41) ~[classes/:na]
	at java.base/jdk.internal.reflect.DirectMethodHandleAccessor.invoke(DirectMethodHandleAccessor.java:104) ~[na:na]
	at java.base/java.lang.reflect.Method.invoke(Method.java:565) ~[na:na]
	at org.springframework.aop.support.AopUtils.invokeJoinpointUsingReflection(AopUtils.java:359) ~[spring-aop-7.0.7.jar:7.0.7]
	at org.springframework.aop.framework.ReflectiveMethodInvocation.invokeJoinpoint(ReflectiveMethodInvocation.java:190) ~[spring-aop-7.0.7.jar:7.0.7]
	at org.springframework.aop.framework.ReflectiveMethodInvocation.proceed(ReflectiveMethodInvocation.java:158) ~[spring-aop-7.0.7.jar:7.0.7]
	at org.springframework.transaction.interceptor.TransactionInterceptor$1.proceedWithInvocation(TransactionInterceptor.java:133) ~[spring-tx-7.0.7.jar:7.0.7]
	at org.springframework.transaction.interceptor.TransactionAspectSupport.invokeWithinTransaction(TransactionAspectSupport.java:371) ~[spring-tx-7.0.7.jar:7.0.7]
	at org.springframework.transaction.interceptor.TransactionInterceptor.invoke(TransactionInterceptor.java:130) ~[spring-tx-7.0.7.jar:7.0.7]
	at org.springframework.aop.framework.ReflectiveMethodInvocation.proceed(ReflectiveMethodInvocation.java:179) ~[spring-aop-7.0.7.jar:7.0.7]
	at org.springframework.aop.framework.CglibAopProxy$DynamicAdvisedInterceptor.intercept(CglibAopProxy.java:719) ~[spring-aop-7.0.7.jar:7.0.7]
	at com.dsy1103.msenvios.service.SeguimientoService$$SpringCGLIB$$0.crear(<generated>) ~[classes/:na]
	at com.dsy1103.msenvios.controller.SeguimientoController.crear(SeguimientoController.java:41) ~[classes/:na]
	at java.base/jdk.internal.reflect.DirectMethodHandleAccessor.invoke(DirectMethodHandleAccessor.java:104) ~[na:na]
	at java.base/java.lang.reflect.Method.invoke(Method.java:565) ~[na:na]
	at org.springframework.web.method.support.InvocableHandlerMethod.doInvoke(InvocableHandlerMethod.java:252) ~[spring-web-7.0.7.jar:7.0.7]
	at org.springframework.web.method.support.InvocableHandlerMethod.invokeForRequest(InvocableHandlerMethod.java:184) ~[spring-web-7.0.7.jar:7.0.7]
	at org.springframework.web.servlet.mvc.method.annotation.ServletInvocableHandlerMethod.invokeAndHandle(ServletInvocableHandlerMethod.java:117) ~[spring-webmvc-7.0.7.jar:7.0.7]
	at org.springframework.web.servlet.mvc.method.annotation.RequestMappingHandlerAdapter.invokeHandlerMethod(RequestMappingHandlerAdapter.java:934) ~[spring-webmvc-7.0.7.jar:7.0.7]
	at org.springframework.web.servlet.mvc.method.annotation.RequestMappingHandlerAdapter.handleInternal(RequestMappingHandlerAdapter.java:853) ~[spring-webmvc-7.0.7.jar:7.0.7]
	at org.springframework.web.servlet.mvc.method.AbstractHandlerMethodAdapter.handle(AbstractHandlerMethodAdapter.java:86) ~[spring-webmvc-7.0.7.jar:7.0.7]
	at org.springframework.web.servlet.DispatcherServlet.doDispatch(DispatcherServlet.java:963) ~[spring-webmvc-7.0.7.jar:7.0.7]
	at org.springframework.web.servlet.DispatcherServlet.doService(DispatcherServlet.java:866) ~[spring-webmvc-7.0.7.jar:7.0.7]
	at org.springframework.web.servlet.FrameworkServlet.processRequest(FrameworkServlet.java:1000) ~[spring-webmvc-7.0.7.jar:7.0.7]
	at org.springframework.web.servlet.FrameworkServlet.doPost(FrameworkServlet.java:903) ~[spring-webmvc-7.0.7.jar:7.0.7]
	at jakarta.servlet.http.HttpServlet.service(HttpServlet.java:649) ~[tomcat-embed-core-11.0.21.jar:6.1]
	at org.springframework.web.servlet.FrameworkServlet.service(FrameworkServlet.java:874) ~[spring-webmvc-7.0.7.jar:7.0.7]
	at jakarta.servlet.http.HttpServlet.service(HttpServlet.java:710) ~[tomcat-embed-core-11.0.21.jar:6.1]
	at org.apache.catalina.core.ApplicationFilterChain.doFilter(ApplicationFilterChain.java:128) ~[tomcat-embed-core-11.0.21.jar:11.0.21]
	at org.apache.tomcat.websocket.server.WsFilter.doFilter(WsFilter.java:53) ~[tomcat-embed-websocket-11.0.21.jar:11.0.21]
	at org.apache.catalina.core.ApplicationFilterChain.doFilter(ApplicationFilterChain.java:107) ~[tomcat-embed-core-11.0.21.jar:11.0.21]
	at org.springframework.web.filter.RequestContextFilter.doFilterInternal(RequestContextFilter.java:100) ~[spring-web-7.0.7.jar:7.0.7]
	at org.springframework.web.filter.OncePerRequestFilter.doFilter(OncePerRequestFilter.java:116) ~[spring-web-7.0.7.jar:7.0.7]
	at org.apache.catalina.core.ApplicationFilterChain.doFilter(ApplicationFilterChain.java:107) ~[tomcat-embed-core-11.0.21.jar:11.0.21]
	at org.springframework.web.filter.FormContentFilter.doFilterInternal(FormContentFilter.java:93) ~[spring-web-7.0.7.jar:7.0.7]
	at org.springframework.web.filter.OncePerRequestFilter.doFilter(OncePerRequestFilter.java:116) ~[spring-web-7.0.7.jar:7.0.7]
	at org.apache.catalina.core.ApplicationFilterChain.doFilter(ApplicationFilterChain.java:107) ~[tomcat-embed-core-11.0.21.jar:11.0.21]
	at org.springframework.web.filter.CharacterEncodingFilter.doFilterInternal(CharacterEncodingFilter.java:199) ~[spring-web-7.0.7.jar:7.0.7]
	at org.springframework.web.filter.OncePerRequestFilter.doFilter(OncePerRequestFilter.java:116) ~[spring-web-7.0.7.jar:7.0.7]
	at org.apache.catalina.core.ApplicationFilterChain.doFilter(ApplicationFilterChain.java:107) ~[tomcat-embed-core-11.0.21.jar:11.0.21]
	at org.apache.catalina.core.StandardWrapperValve.invoke(StandardWrapperValve.java:165) ~[tomcat-embed-core-11.0.21.jar:11.0.21]
	at org.apache.catalina.core.StandardContextValve.invoke(StandardContextValve.java:77) ~[tomcat-embed-core-11.0.21.jar:11.0.21]
	at org.apache.catalina.authenticator.AuthenticatorBase.invoke(AuthenticatorBase.java:492) ~[tomcat-embed-core-11.0.21.jar:11.0.21]
	at org.apache.catalina.core.StandardHostValve.invoke(StandardHostValve.java:113) ~[tomcat-embed-core-11.0.21.jar:11.0.21]
	at org.apache.catalina.valves.ErrorReportValve.invoke(ErrorReportValve.java:83) ~[tomcat-embed-core-11.0.21.jar:11.0.21]
	at org.apache.catalina.core.StandardEngineValve.invoke(StandardEngineValve.java:72) ~[tomcat-embed-core-11.0.21.jar:11.0.21]
	at org.apache.catalina.connector.CoyoteAdapter.service(CoyoteAdapter.java:341) ~[tomcat-embed-core-11.0.21.jar:11.0.21]
	at org.apache.coyote.http11.Http11Processor.service(Http11Processor.java:397) ~[tomcat-embed-core-11.0.21.jar:11.0.21]
	at org.apache.coyote.AbstractProcessorLight.process(AbstractProcessorLight.java:63) ~[tomcat-embed-core-11.0.21.jar:11.0.21]
	at org.apache.coyote.AbstractProtocol$ConnectionHandler.process(AbstractProtocol.java:903) ~[tomcat-embed-core-11.0.21.jar:11.0.21]
	at org.apache.tomcat.util.net.NioEndpoint$SocketProcessor.doRun(NioEndpoint.java:1801) ~[tomcat-embed-core-11.0.21.jar:11.0.21]
	at org.apache.tomcat.util.net.SocketProcessorBase.run(SocketProcessorBase.java:52) ~[tomcat-embed-core-11.0.21.jar:11.0.21]
	at org.apache.tomcat.util.threads.ThreadPoolExecutor.runWorker(ThreadPoolExecutor.java:946) ~[tomcat-embed-core-11.0.21.jar:11.0.21]
	at org.apache.tomcat.util.threads.ThreadPoolExecutor$Worker.run(ThreadPoolExecutor.java:480) ~[tomcat-embed-core-11.0.21.jar:11.0.21]
	at org.apache.tomcat.util.threads.TaskThread$WrappingRunnable.run(TaskThread.java:57) ~[tomcat-embed-core-11.0.21.jar:11.0.21]
	at java.base/java.lang.Thread.run(Thread.java:1447) ~[na:na]
Caused by: org.hibernate.exception.ConstraintViolationException: could not execute statement [Column 'envio_id' cannot be null] [insert into seguimiento_modelo (envio_id,estado,fecha_seguimiento,observacion,ubicacion_actual,visible) values (?,?,?,?,?,?)]
	at org.hibernate.dialect.MySQLDialect.lambda$buildSQLExceptionConversionDelegate$0(MySQLDialect.java:1273) ~[hibernate-core-7.2.12.Final.jar:7.2.12.Final]
	at org.hibernate.exception.internal.StandardSQLExceptionConverter.convert(StandardSQLExceptionConverter.java:34) ~[hibernate-core-7.2.12.Final.jar:7.2.12.Final]
	at org.hibernate.engine.jdbc.spi.SqlExceptionHelper.convert(SqlExceptionHelper.java:115) ~[hibernate-core-7.2.12.Final.jar:7.2.12.Final]
	at org.hibernate.engine.jdbc.internal.ResultSetReturnImpl.executeUpdate(ResultSetReturnImpl.java:184) ~[hibernate-core-7.2.12.Final.jar:7.2.12.Final]
	at org.hibernate.id.insert.GetGeneratedKeysDelegate.performMutation(GetGeneratedKeysDelegate.java:103) ~[hibernate-core-7.2.12.Final.jar:7.2.12.Final]
	at org.hibernate.engine.jdbc.mutation.internal.MutationExecutorSingleNonBatched.performNonBatchedOperations(MutationExecutorSingleNonBatched.java:45) ~[hibernate-core-7.2.12.Final.jar:7.2.12.Final]
	at org.hibernate.engine.jdbc.mutation.internal.AbstractMutationExecutor.execute(AbstractMutationExecutor.java:66) ~[hibernate-core-7.2.12.Final.jar:7.2.12.Final]
	at org.hibernate.engine.jdbc.mutation.internal.AbstractMutationExecutor.execute(AbstractMutationExecutor.java:55) ~[hibernate-core-7.2.12.Final.jar:7.2.12.Final]
	at org.hibernate.persister.entity.mutation.InsertCoordinatorStandard.doStaticInserts(InsertCoordinatorStandard.java:180) ~[hibernate-core-7.2.12.Final.jar:7.2.12.Final]
	at org.hibernate.persister.entity.mutation.InsertCoordinatorStandard.coordinateInsert(InsertCoordinatorStandard.java:120) ~[hibernate-core-7.2.12.Final.jar:7.2.12.Final]
	at org.hibernate.persister.entity.mutation.InsertCoordinatorStandard.insert(InsertCoordinatorStandard.java:84) ~[hibernate-core-7.2.12.Final.jar:7.2.12.Final]
	at org.hibernate.action.internal.EntityIdentityInsertAction.execute(EntityIdentityInsertAction.java:85) ~[hibernate-core-7.2.12.Final.jar:7.2.12.Final]
	at org.hibernate.engine.spi.ActionQueue.execute(ActionQueue.java:667) ~[hibernate-core-7.2.12.Final.jar:7.2.12.Final]
	at org.hibernate.engine.spi.ActionQueue.addResolvedEntityInsertAction(ActionQueue.java:291) ~[hibernate-core-7.2.12.Final.jar:7.2.12.Final]
	at org.hibernate.engine.spi.ActionQueue.addInsertAction(ActionQueue.java:270) ~[hibernate-core-7.2.12.Final.jar:7.2.12.Final]
	at org.hibernate.engine.spi.ActionQueue.addAction(ActionQueue.java:322) ~[hibernate-core-7.2.12.Final.jar:7.2.12.Final]
	at org.hibernate.event.internal.AbstractSaveEventListener.addInsertAction(AbstractSaveEventListener.java:371) ~[hibernate-core-7.2.12.Final.jar:7.2.12.Final]
	at org.hibernate.event.internal.AbstractSaveEventListener.performSaveOrReplicate(AbstractSaveEventListener.java:285) ~[hibernate-core-7.2.12.Final.jar:7.2.12.Final]
	at org.hibernate.event.internal.AbstractSaveEventListener.performSave(AbstractSaveEventListener.java:215) ~[hibernate-core-7.2.12.Final.jar:7.2.12.Final]
	at org.hibernate.event.internal.AbstractSaveEventListener.saveWithGeneratedId(AbstractSaveEventListener.java:133) ~[hibernate-core-7.2.12.Final.jar:7.2.12.Final]
	at org.hibernate.event.internal.DefaultPersistEventListener.entityIsTransient(DefaultPersistEventListener.java:144) ~[hibernate-core-7.2.12.Final.jar:7.2.12.Final]
	at org.hibernate.event.internal.DefaultPersistEventListener.persist(DefaultPersistEventListener.java:90) ~[hibernate-core-7.2.12.Final.jar:7.2.12.Final]
	at org.hibernate.event.internal.DefaultPersistEventListener.onPersist(DefaultPersistEventListener.java:74) ~[hibernate-core-7.2.12.Final.jar:7.2.12.Final]
	at org.hibernate.event.internal.DefaultPersistEventListener.onPersist(DefaultPersistEventListener.java:50) ~[hibernate-core-7.2.12.Final.jar:7.2.12.Final]
	at org.hibernate.event.service.internal.EventListenerGroupImpl.fireEventOnEachListener(EventListenerGroupImpl.java:138) ~[hibernate-core-7.2.12.Final.jar:7.2.12.Final]
	at org.hibernate.internal.SessionImpl.firePersist(SessionImpl.java:692) ~[hibernate-core-7.2.12.Final.jar:7.2.12.Final]
	at org.hibernate.internal.SessionImpl.persist(SessionImpl.java:675) ~[hibernate-core-7.2.12.Final.jar:7.2.12.Final]
	at java.base/jdk.internal.reflect.DirectMethodHandleAccessor.invoke(DirectMethodHandleAccessor.java:104) ~[na:na]
	at java.base/java.lang.reflect.Method.invoke(Method.java:565) ~[na:na]
	at org.springframework.orm.jpa.ExtendedEntityManagerCreator$ExtendedEntityManagerInvocationHandler.invoke(ExtendedEntityManagerCreator.java:362) ~[spring-orm-7.0.7.jar:7.0.7]
	at jdk.proxy2/jdk.proxy2.$Proxy132.persist(Unknown Source) ~[na:na]
	at java.base/jdk.internal.reflect.DirectMethodHandleAccessor.invoke(DirectMethodHandleAccessor.java:104) ~[na:na]
	at java.base/java.lang.reflect.Method.invoke(Method.java:565) ~[na:na]
	at org.springframework.orm.jpa.SharedEntityManagerCreator$SharedEntityHandlerInvocationHandler.invokeMethod(SharedEntityManagerCreator.java:240) ~[spring-orm-7.0.7.jar:7.0.7]
	at org.springframework.orm.jpa.SharedEntityManagerCreator$SharedEntityManagerInvocationHandler.invoke(SharedEntityManagerCreator.java:386) ~[spring-orm-7.0.7.jar:7.0.7]
	at jdk.proxy2/jdk.proxy2.$Proxy132.persist(Unknown Source) ~[na:na]
	at org.springframework.data.jpa.repository.support.SimpleJpaRepository.save(SimpleJpaRepository.java:664) ~[spring-data-jpa-4.0.5.jar:4.0.5]
	at java.base/jdk.internal.reflect.DirectMethodHandleAccessor.invoke(DirectMethodHandleAccessor.java:104) ~[na:na]
	at java.base/java.lang.reflect.Method.invoke(Method.java:565) ~[na:na]
	at org.springframework.aop.support.AopUtils.invokeJoinpointUsingReflection(AopUtils.java:359) ~[spring-aop-7.0.7.jar:7.0.7]
	at org.springframework.data.repository.core.support.RepositoryMethodInvoker$RepositoryFragmentMethodInvoker.lambda$new$0(RepositoryMethodInvoker.java:278) ~[spring-data-commons-4.0.5.jar:4.0.5]
	at org.springframework.data.repository.core.support.RepositoryMethodInvoker.doInvoke(RepositoryMethodInvoker.java:169) ~[spring-data-commons-4.0.5.jar:4.0.5]
	at org.springframework.data.repository.core.support.RepositoryMethodInvoker.invoke(RepositoryMethodInvoker.java:158) ~[spring-data-commons-4.0.5.jar:4.0.5]
	at org.springframework.data.repository.core.support.RepositoryComposition$RepositoryFragments.invoke(RepositoryComposition.java:545) ~[spring-data-commons-4.0.5.jar:4.0.5]
	at org.springframework.data.repository.core.support.RepositoryComposition.invoke(RepositoryComposition.java:290) ~[spring-data-commons-4.0.5.jar:4.0.5]
	at org.springframework.data.repository.core.support.RepositoryFactorySupport$ImplementationMethodExecutionInterceptor.invoke(RepositoryFactorySupport.java:690) ~[spring-data-commons-4.0.5.jar:4.0.5]
	at org.springframework.aop.framework.ReflectiveMethodInvocation.proceed(ReflectiveMethodInvocation.java:179) ~[spring-aop-7.0.7.jar:7.0.7]
	at org.springframework.data.repository.core.support.QueryExecutorMethodInterceptor.doInvoke(QueryExecutorMethodInterceptor.java:171) ~[spring-data-commons-4.0.5.jar:4.0.5]
	at org.springframework.data.repository.core.support.QueryExecutorMethodInterceptor.invoke(QueryExecutorMethodInterceptor.java:146) ~[spring-data-commons-4.0.5.jar:4.0.5]
	at org.springframework.aop.framework.ReflectiveMethodInvocation.proceed(ReflectiveMethodInvocation.java:179) ~[spring-aop-7.0.7.jar:7.0.7]
	at org.springframework.data.projection.DefaultMethodInvokingMethodInterceptor.invoke(DefaultMethodInvokingMethodInterceptor.java:69) ~[spring-data-commons-4.0.5.jar:4.0.5]
	at org.springframework.aop.framework.ReflectiveMethodInvocation.proceed(ReflectiveMethodInvocation.java:179) ~[spring-aop-7.0.7.jar:7.0.7]
	at org.springframework.transaction.interceptor.TransactionInterceptor$1.proceedWithInvocation(TransactionInterceptor.java:133) ~[spring-tx-7.0.7.jar:7.0.7]
	at org.springframework.transaction.interceptor.TransactionAspectSupport.invokeWithinTransaction(TransactionAspectSupport.java:371) ~[spring-tx-7.0.7.jar:7.0.7]
	at org.springframework.transaction.interceptor.TransactionInterceptor.invoke(TransactionInterceptor.java:130) ~[spring-tx-7.0.7.jar:7.0.7]
	at org.springframework.aop.framework.ReflectiveMethodInvocation.proceed(ReflectiveMethodInvocation.java:179) ~[spring-aop-7.0.7.jar:7.0.7]
	at org.springframework.dao.support.PersistenceExceptionTranslationInterceptor.invoke(PersistenceExceptionTranslationInterceptor.java:135) ~[spring-tx-7.0.7.jar:7.0.7]
	... 61 common frames omitted
Caused by: java.sql.SQLIntegrityConstraintViolationException: Column 'envio_id' cannot be null
	at com.mysql.cj.jdbc.exceptions.SQLError.createSQLException(SQLError.java:109) ~[mysql-connector-j-9.7.0.jar:9.7.0]
	at com.mysql.cj.jdbc.exceptions.SQLExceptionsMapping.translateException(SQLExceptionsMapping.java:114) ~[mysql-connector-j-9.7.0.jar:9.7.0]
	at com.mysql.cj.jdbc.ClientPreparedStatement.executeInternal(ClientPreparedStatement.java:988) ~[mysql-connector-j-9.7.0.jar:9.7.0]
	at com.mysql.cj.jdbc.ClientPreparedStatement.executeUpdateInternal(ClientPreparedStatement.java:1166) ~[mysql-connector-j-9.7.0.jar:9.7.0]
	at com.mysql.cj.jdbc.ClientPreparedStatement.executeUpdateInternal(ClientPreparedStatement.java:1101) ~[mysql-connector-j-9.7.0.jar:9.7.0]
	at com.mysql.cj.jdbc.ClientPreparedStatement.executeLargeUpdate(ClientPreparedStatement.java:1448) ~[mysql-connector-j-9.7.0.jar:9.7.0]
	at com.mysql.cj.jdbc.ClientPreparedStatement.executeUpdate(ClientPreparedStatement.java:1084) ~[mysql-connector-j-9.7.0.jar:9.7.0]
	at com.zaxxer.hikari.pool.ProxyPreparedStatement.executeUpdate(ProxyPreparedStatement.java:61) ~[HikariCP-7.0.2.jar:na]
	at com.zaxxer.hikari.pool.HikariProxyPreparedStatement.executeUpdate(HikariProxyPreparedStatement.java) ~[HikariCP-7.0.2.jar:na]
	at org.hibernate.engine.jdbc.internal.ResultSetReturnImpl.executeUpdate(ResultSetReturnImpl.java:181) ~[hibernate-core-7.2.12.Final.jar:7.2.12.Final]
	... 114 common frames omitted

2026-05-16T16:05:39.747-04:00  INFO 19808 --- [ms-envios] [http-nio-8086-exec-3] c.d.m.controller.SeguimientoController   : Recibida solicitud para crear un nuevo Seguimiento
2026-05-16T16:05:39.750-04:00  WARN 19808 --- [ms-envios] [http-nio-8086-exec-3] org.hibernate.orm.jdbc.error             : HHH000247: ErrorCode: 1048, SQLState: 23000
2026-05-16T16:05:39.750-04:00  WARN 19808 --- [ms-envios] [http-nio-8086-exec-3] org.hibernate.orm.jdbc.error             : Column 'envio_id' cannot be null
2026-05-16T16:05:39.750-04:00 ERROR 19808 --- [ms-envios] [http-nio-8086-exec-3] c.d.msenvios.service.SeguimientoService  : Error al crear Seguimiento: could not execute statement [Column 'envio_id' cannot be null] [insert into seguimiento_modelo (envio_id,estado,fecha_seguimiento,observacion,ubicacion_actual,visible) values (?,?,?,?,?,?)]; SQL [insert into seguimiento_modelo (envio_id,estado,fecha_seguimiento,observacion,ubicacion_actual,visible) values (?,?,?,?,?,?)]; constraint [envio_id]
2026-05-16T16:05:39.751-04:00 ERROR 19808 --- [ms-envios] [http-nio-8086-exec-3] c.d.m.exception.GlobalExceptionHandler   : ERROR CRÍTICO en /api/seguimientos: 

org.springframework.dao.DataIntegrityViolationException: could not execute statement [Column 'envio_id' cannot be null] [insert into seguimiento_modelo (envio_id,estado,fecha_seguimiento,observacion,ubicacion_actual,visible) values (?,?,?,?,?,?)]; SQL [insert into seguimiento_modelo (envio_id,estado,fecha_seguimiento,observacion,ubicacion_actual,visible) values (?,?,?,?,?,?)]; constraint [envio_id]
	at org.springframework.orm.jpa.hibernate.HibernateExceptionTranslator.convertHibernateAccessException(HibernateExceptionTranslator.java:169) ~[spring-orm-7.0.7.jar:7.0.7]
	at org.springframework.orm.jpa.hibernate.HibernateExceptionTranslator.convertHibernateAccessException(HibernateExceptionTranslator.java:131) ~[spring-orm-7.0.7.jar:7.0.7]
	at org.springframework.orm.jpa.hibernate.HibernateExceptionTranslator.translateExceptionIfPossible(HibernateExceptionTranslator.java:105) ~[spring-orm-7.0.7.jar:7.0.7]
	at org.springframework.orm.jpa.vendor.HibernateJpaDialect.translateExceptionIfPossible(HibernateJpaDialect.java:223) ~[spring-orm-7.0.7.jar:7.0.7]
	at org.springframework.orm.jpa.AbstractEntityManagerFactoryBean.translateExceptionIfPossible(AbstractEntityManagerFactoryBean.java:576) ~[spring-orm-7.0.7.jar:7.0.7]
	at org.springframework.dao.support.ChainedPersistenceExceptionTranslator.translateExceptionIfPossible(ChainedPersistenceExceptionTranslator.java:61) ~[spring-tx-7.0.7.jar:7.0.7]
	at org.springframework.dao.support.DataAccessUtils.translateIfNecessary(DataAccessUtils.java:346) ~[spring-tx-7.0.7.jar:7.0.7]
	at org.springframework.dao.support.PersistenceExceptionTranslationInterceptor.invoke(PersistenceExceptionTranslationInterceptor.java:157) ~[spring-tx-7.0.7.jar:7.0.7]
	at org.springframework.aop.framework.ReflectiveMethodInvocation.proceed(ReflectiveMethodInvocation.java:179) ~[spring-aop-7.0.7.jar:7.0.7]
	at org.springframework.data.jpa.repository.support.CrudMethodMetadataPostProcessor$CrudMethodMetadataPopulatingMethodInterceptor.invoke(CrudMethodMetadataPostProcessor.java:166) ~[spring-data-jpa-4.0.5.jar:4.0.5]
	at org.springframework.aop.framework.ReflectiveMethodInvocation.proceed(ReflectiveMethodInvocation.java:179) ~[spring-aop-7.0.7.jar:7.0.7]
	at org.springframework.aop.framework.JdkDynamicAopProxy.invoke(JdkDynamicAopProxy.java:222) ~[spring-aop-7.0.7.jar:7.0.7]
	at jdk.proxy2/jdk.proxy2.$Proxy142.save(Unknown Source) ~[na:na]
	at com.dsy1103.msenvios.service.SeguimientoService.crear(SeguimientoService.java:41) ~[classes/:na]
	at java.base/jdk.internal.reflect.DirectMethodHandleAccessor.invoke(DirectMethodHandleAccessor.java:104) ~[na:na]
	at java.base/java.lang.reflect.Method.invoke(Method.java:565) ~[na:na]
	at org.springframework.aop.support.AopUtils.invokeJoinpointUsingReflection(AopUtils.java:359) ~[spring-aop-7.0.7.jar:7.0.7]
	at org.springframework.aop.framework.ReflectiveMethodInvocation.invokeJoinpoint(ReflectiveMethodInvocation.java:190) ~[spring-aop-7.0.7.jar:7.0.7]
	at org.springframework.aop.framework.ReflectiveMethodInvocation.proceed(ReflectiveMethodInvocation.java:158) ~[spring-aop-7.0.7.jar:7.0.7]
	at org.springframework.transaction.interceptor.TransactionInterceptor$1.proceedWithInvocation(TransactionInterceptor.java:133) ~[spring-tx-7.0.7.jar:7.0.7]
	at org.springframework.transaction.interceptor.TransactionAspectSupport.invokeWithinTransaction(TransactionAspectSupport.java:371) ~[spring-tx-7.0.7.jar:7.0.7]
	at org.springframework.transaction.interceptor.TransactionInterceptor.invoke(TransactionInterceptor.java:130) ~[spring-tx-7.0.7.jar:7.0.7]
	at org.springframework.aop.framework.ReflectiveMethodInvocation.proceed(ReflectiveMethodInvocation.java:179) ~[spring-aop-7.0.7.jar:7.0.7]
	at org.springframework.aop.framework.CglibAopProxy$DynamicAdvisedInterceptor.intercept(CglibAopProxy.java:719) ~[spring-aop-7.0.7.jar:7.0.7]
	at com.dsy1103.msenvios.service.SeguimientoService$$SpringCGLIB$$0.crear(<generated>) ~[classes/:na]
	at com.dsy1103.msenvios.controller.SeguimientoController.crear(SeguimientoController.java:41) ~[classes/:na]
	at java.base/jdk.internal.reflect.DirectMethodHandleAccessor.invoke(DirectMethodHandleAccessor.java:104) ~[na:na]
	at java.base/java.lang.reflect.Method.invoke(Method.java:565) ~[na:na]
	at org.springframework.web.method.support.InvocableHandlerMethod.doInvoke(InvocableHandlerMethod.java:252) ~[spring-web-7.0.7.jar:7.0.7]
	at org.springframework.web.method.support.InvocableHandlerMethod.invokeForRequest(InvocableHandlerMethod.java:184) ~[spring-web-7.0.7.jar:7.0.7]
	at org.springframework.web.servlet.mvc.method.annotation.ServletInvocableHandlerMethod.invokeAndHandle(ServletInvocableHandlerMethod.java:117) ~[spring-webmvc-7.0.7.jar:7.0.7]
	at org.springframework.web.servlet.mvc.method.annotation.RequestMappingHandlerAdapter.invokeHandlerMethod(RequestMappingHandlerAdapter.java:934) ~[spring-webmvc-7.0.7.jar:7.0.7]
	at org.springframework.web.servlet.mvc.method.annotation.RequestMappingHandlerAdapter.handleInternal(RequestMappingHandlerAdapter.java:853) ~[spring-webmvc-7.0.7.jar:7.0.7]
	at org.springframework.web.servlet.mvc.method.AbstractHandlerMethodAdapter.handle(AbstractHandlerMethodAdapter.java:86) ~[spring-webmvc-7.0.7.jar:7.0.7]
	at org.springframework.web.servlet.DispatcherServlet.doDispatch(DispatcherServlet.java:963) ~[spring-webmvc-7.0.7.jar:7.0.7]
	at org.springframework.web.servlet.DispatcherServlet.doService(DispatcherServlet.java:866) ~[spring-webmvc-7.0.7.jar:7.0.7]
	at org.springframework.web.servlet.FrameworkServlet.processRequest(FrameworkServlet.java:1000) ~[spring-webmvc-7.0.7.jar:7.0.7]
	at org.springframework.web.servlet.FrameworkServlet.doPost(FrameworkServlet.java:903) ~[spring-webmvc-7.0.7.jar:7.0.7]
	at jakarta.servlet.http.HttpServlet.service(HttpServlet.java:649) ~[tomcat-embed-core-11.0.21.jar:6.1]
	at org.springframework.web.servlet.FrameworkServlet.service(FrameworkServlet.java:874) ~[spring-webmvc-7.0.7.jar:7.0.7]
	at jakarta.servlet.http.HttpServlet.service(HttpServlet.java:710) ~[tomcat-embed-core-11.0.21.jar:6.1]
	at org.apache.catalina.core.ApplicationFilterChain.doFilter(ApplicationFilterChain.java:128) ~[tomcat-embed-core-11.0.21.jar:11.0.21]
	at org.apache.tomcat.websocket.server.WsFilter.doFilter(WsFilter.java:53) ~[tomcat-embed-websocket-11.0.21.jar:11.0.21]
	at org.apache.catalina.core.ApplicationFilterChain.doFilter(ApplicationFilterChain.java:107) ~[tomcat-embed-core-11.0.21.jar:11.0.21]
	at org.springframework.web.filter.RequestContextFilter.doFilterInternal(RequestContextFilter.java:100) ~[spring-web-7.0.7.jar:7.0.7]
	at org.springframework.web.filter.OncePerRequestFilter.doFilter(OncePerRequestFilter.java:116) ~[spring-web-7.0.7.jar:7.0.7]
	at org.apache.catalina.core.ApplicationFilterChain.doFilter(ApplicationFilterChain.java:107) ~[tomcat-embed-core-11.0.21.jar:11.0.21]
	at org.springframework.web.filter.FormContentFilter.doFilterInternal(FormContentFilter.java:93) ~[spring-web-7.0.7.jar:7.0.7]
	at org.springframework.web.filter.OncePerRequestFilter.doFilter(OncePerRequestFilter.java:116) ~[spring-web-7.0.7.jar:7.0.7]
	at org.apache.catalina.core.ApplicationFilterChain.doFilter(ApplicationFilterChain.java:107) ~[tomcat-embed-core-11.0.21.jar:11.0.21]
	at org.springframework.web.filter.CharacterEncodingFilter.doFilterInternal(CharacterEncodingFilter.java:199) ~[spring-web-7.0.7.jar:7.0.7]
	at org.springframework.web.filter.OncePerRequestFilter.doFilter(OncePerRequestFilter.java:116) ~[spring-web-7.0.7.jar:7.0.7]
	at org.apache.catalina.core.ApplicationFilterChain.doFilter(ApplicationFilterChain.java:107) ~[tomcat-embed-core-11.0.21.jar:11.0.21]
	at org.apache.catalina.core.StandardWrapperValve.invoke(StandardWrapperValve.java:165) ~[tomcat-embed-core-11.0.21.jar:11.0.21]
	at org.apache.catalina.core.StandardContextValve.invoke(StandardContextValve.java:77) ~[tomcat-embed-core-11.0.21.jar:11.0.21]
	at org.apache.catalina.authenticator.AuthenticatorBase.invoke(AuthenticatorBase.java:492) ~[tomcat-embed-core-11.0.21.jar:11.0.21]
	at org.apache.catalina.core.StandardHostValve.invoke(StandardHostValve.java:113) ~[tomcat-embed-core-11.0.21.jar:11.0.21]
	at org.apache.catalina.valves.ErrorReportValve.invoke(ErrorReportValve.java:83) ~[tomcat-embed-core-11.0.21.jar:11.0.21]
	at org.apache.catalina.core.StandardEngineValve.invoke(StandardEngineValve.java:72) ~[tomcat-embed-core-11.0.21.jar:11.0.21]
	at org.apache.catalina.connector.CoyoteAdapter.service(CoyoteAdapter.java:341) ~[tomcat-embed-core-11.0.21.jar:11.0.21]
	at org.apache.coyote.http11.Http11Processor.service(Http11Processor.java:397) ~[tomcat-embed-core-11.0.21.jar:11.0.21]
	at org.apache.coyote.AbstractProcessorLight.process(AbstractProcessorLight.java:63) ~[tomcat-embed-core-11.0.21.jar:11.0.21]
	at org.apache.coyote.AbstractProtocol$ConnectionHandler.process(AbstractProtocol.java:903) ~[tomcat-embed-core-11.0.21.jar:11.0.21]
	at org.apache.tomcat.util.net.NioEndpoint$SocketProcessor.doRun(NioEndpoint.java:1801) ~[tomcat-embed-core-11.0.21.jar:11.0.21]
	at org.apache.tomcat.util.net.SocketProcessorBase.run(SocketProcessorBase.java:52) ~[tomcat-embed-core-11.0.21.jar:11.0.21]
	at org.apache.tomcat.util.threads.ThreadPoolExecutor.runWorker(ThreadPoolExecutor.java:946) ~[tomcat-embed-core-11.0.21.jar:11.0.21]
	at org.apache.tomcat.util.threads.ThreadPoolExecutor$Worker.run(ThreadPoolExecutor.java:480) ~[tomcat-embed-core-11.0.21.jar:11.0.21]
	at org.apache.tomcat.util.threads.TaskThread$WrappingRunnable.run(TaskThread.java:57) ~[tomcat-embed-core-11.0.21.jar:11.0.21]
	at java.base/java.lang.Thread.run(Thread.java:1447) ~[na:na]
Caused by: org.hibernate.exception.ConstraintViolationException: could not execute statement [Column 'envio_id' cannot be null] [insert into seguimiento_modelo (envio_id,estado,fecha_seguimiento,observacion,ubicacion_actual,visible) values (?,?,?,?,?,?)]
	at org.hibernate.dialect.MySQLDialect.lambda$buildSQLExceptionConversionDelegate$0(MySQLDialect.java:1273) ~[hibernate-core-7.2.12.Final.jar:7.2.12.Final]
	at org.hibernate.exception.internal.StandardSQLExceptionConverter.convert(StandardSQLExceptionConverter.java:34) ~[hibernate-core-7.2.12.Final.jar:7.2.12.Final]
	at org.hibernate.engine.jdbc.spi.SqlExceptionHelper.convert(SqlExceptionHelper.java:115) ~[hibernate-core-7.2.12.Final.jar:7.2.12.Final]
	at org.hibernate.engine.jdbc.internal.ResultSetReturnImpl.executeUpdate(ResultSetReturnImpl.java:184) ~[hibernate-core-7.2.12.Final.jar:7.2.12.Final]
	at org.hibernate.id.insert.GetGeneratedKeysDelegate.performMutation(GetGeneratedKeysDelegate.java:103) ~[hibernate-core-7.2.12.Final.jar:7.2.12.Final]
	at org.hibernate.engine.jdbc.mutation.internal.MutationExecutorSingleNonBatched.performNonBatchedOperations(MutationExecutorSingleNonBatched.java:45) ~[hibernate-core-7.2.12.Final.jar:7.2.12.Final]
	at org.hibernate.engine.jdbc.mutation.internal.AbstractMutationExecutor.execute(AbstractMutationExecutor.java:66) ~[hibernate-core-7.2.12.Final.jar:7.2.12.Final]
	at org.hibernate.engine.jdbc.mutation.internal.AbstractMutationExecutor.execute(AbstractMutationExecutor.java:55) ~[hibernate-core-7.2.12.Final.jar:7.2.12.Final]
	at org.hibernate.persister.entity.mutation.InsertCoordinatorStandard.doStaticInserts(InsertCoordinatorStandard.java:180) ~[hibernate-core-7.2.12.Final.jar:7.2.12.Final]
	at org.hibernate.persister.entity.mutation.InsertCoordinatorStandard.coordinateInsert(InsertCoordinatorStandard.java:120) ~[hibernate-core-7.2.12.Final.jar:7.2.12.Final]
	at org.hibernate.persister.entity.mutation.InsertCoordinatorStandard.insert(InsertCoordinatorStandard.java:84) ~[hibernate-core-7.2.12.Final.jar:7.2.12.Final]
	at org.hibernate.action.internal.EntityIdentityInsertAction.execute(EntityIdentityInsertAction.java:85) ~[hibernate-core-7.2.12.Final.jar:7.2.12.Final]
	at org.hibernate.engine.spi.ActionQueue.execute(ActionQueue.java:667) ~[hibernate-core-7.2.12.Final.jar:7.2.12.Final]
	at org.hibernate.engine.spi.ActionQueue.addResolvedEntityInsertAction(ActionQueue.java:291) ~[hibernate-core-7.2.12.Final.jar:7.2.12.Final]
	at org.hibernate.engine.spi.ActionQueue.addInsertAction(ActionQueue.java:270) ~[hibernate-core-7.2.12.Final.jar:7.2.12.Final]
	at org.hibernate.engine.spi.ActionQueue.addAction(ActionQueue.java:322) ~[hibernate-core-7.2.12.Final.jar:7.2.12.Final]
	at org.hibernate.event.internal.AbstractSaveEventListener.addInsertAction(AbstractSaveEventListener.java:371) ~[hibernate-core-7.2.12.Final.jar:7.2.12.Final]
	at org.hibernate.event.internal.AbstractSaveEventListener.performSaveOrReplicate(AbstractSaveEventListener.java:285) ~[hibernate-core-7.2.12.Final.jar:7.2.12.Final]
	at org.hibernate.event.internal.AbstractSaveEventListener.performSave(AbstractSaveEventListener.java:215) ~[hibernate-core-7.2.12.Final.jar:7.2.12.Final]
	at org.hibernate.event.internal.AbstractSaveEventListener.saveWithGeneratedId(AbstractSaveEventListener.java:133) ~[hibernate-core-7.2.12.Final.jar:7.2.12.Final]
	at org.hibernate.event.internal.DefaultPersistEventListener.entityIsTransient(DefaultPersistEventListener.java:144) ~[hibernate-core-7.2.12.Final.jar:7.2.12.Final]
	at org.hibernate.event.internal.DefaultPersistEventListener.persist(DefaultPersistEventListener.java:90) ~[hibernate-core-7.2.12.Final.jar:7.2.12.Final]
	at org.hibernate.event.internal.DefaultPersistEventListener.onPersist(DefaultPersistEventListener.java:74) ~[hibernate-core-7.2.12.Final.jar:7.2.12.Final]
	at org.hibernate.event.internal.DefaultPersistEventListener.onPersist(DefaultPersistEventListener.java:50) ~[hibernate-core-7.2.12.Final.jar:7.2.12.Final]
	at org.hibernate.event.service.internal.EventListenerGroupImpl.fireEventOnEachListener(EventListenerGroupImpl.java:138) ~[hibernate-core-7.2.12.Final.jar:7.2.12.Final]
	at org.hibernate.internal.SessionImpl.firePersist(SessionImpl.java:692) ~[hibernate-core-7.2.12.Final.jar:7.2.12.Final]
	at org.hibernate.internal.SessionImpl.persist(SessionImpl.java:675) ~[hibernate-core-7.2.12.Final.jar:7.2.12.Final]
	at java.base/jdk.internal.reflect.DirectMethodHandleAccessor.invoke(DirectMethodHandleAccessor.java:104) ~[na:na]
	at java.base/java.lang.reflect.Method.invoke(Method.java:565) ~[na:na]
	at org.springframework.orm.jpa.ExtendedEntityManagerCreator$ExtendedEntityManagerInvocationHandler.invoke(ExtendedEntityManagerCreator.java:362) ~[spring-orm-7.0.7.jar:7.0.7]
	at jdk.proxy2/jdk.proxy2.$Proxy132.persist(Unknown Source) ~[na:na]
	at java.base/jdk.internal.reflect.DirectMethodHandleAccessor.invoke(DirectMethodHandleAccessor.java:104) ~[na:na]
	at java.base/java.lang.reflect.Method.invoke(Method.java:565) ~[na:na]
	at org.springframework.orm.jpa.SharedEntityManagerCreator$SharedEntityHandlerInvocationHandler.invokeMethod(SharedEntityManagerCreator.java:240) ~[spring-orm-7.0.7.jar:7.0.7]
	at org.springframework.orm.jpa.SharedEntityManagerCreator$SharedEntityManagerInvocationHandler.invoke(SharedEntityManagerCreator.java:386) ~[spring-orm-7.0.7.jar:7.0.7]
	at jdk.proxy2/jdk.proxy2.$Proxy132.persist(Unknown Source) ~[na:na]
	at org.springframework.data.jpa.repository.support.SimpleJpaRepository.save(SimpleJpaRepository.java:664) ~[spring-data-jpa-4.0.5.jar:4.0.5]
	at java.base/jdk.internal.reflect.DirectMethodHandleAccessor.invoke(DirectMethodHandleAccessor.java:104) ~[na:na]
	at java.base/java.lang.reflect.Method.invoke(Method.java:565) ~[na:na]
	at org.springframework.aop.support.AopUtils.invokeJoinpointUsingReflection(AopUtils.java:359) ~[spring-aop-7.0.7.jar:7.0.7]
	at org.springframework.data.repository.core.support.RepositoryMethodInvoker$RepositoryFragmentMethodInvoker.lambda$new$0(RepositoryMethodInvoker.java:278) ~[spring-data-commons-4.0.5.jar:4.0.5]
	at org.springframework.data.repository.core.support.RepositoryMethodInvoker.doInvoke(RepositoryMethodInvoker.java:169) ~[spring-data-commons-4.0.5.jar:4.0.5]
	at org.springframework.data.repository.core.support.RepositoryMethodInvoker.invoke(RepositoryMethodInvoker.java:158) ~[spring-data-commons-4.0.5.jar:4.0.5]
	at org.springframework.data.repository.core.support.RepositoryComposition$RepositoryFragments.invoke(RepositoryComposition.java:545) ~[spring-data-commons-4.0.5.jar:4.0.5]
	at org.springframework.data.repository.core.support.RepositoryComposition.invoke(RepositoryComposition.java:290) ~[spring-data-commons-4.0.5.jar:4.0.5]
	at org.springframework.data.repository.core.support.RepositoryFactorySupport$ImplementationMethodExecutionInterceptor.invoke(RepositoryFactorySupport.java:690) ~[spring-data-commons-4.0.5.jar:4.0.5]
	at org.springframework.aop.framework.ReflectiveMethodInvocation.proceed(ReflectiveMethodInvocation.java:179) ~[spring-aop-7.0.7.jar:7.0.7]
	at org.springframework.data.repository.core.support.QueryExecutorMethodInterceptor.doInvoke(QueryExecutorMethodInterceptor.java:171) ~[spring-data-commons-4.0.5.jar:4.0.5]
	at org.springframework.data.repository.core.support.QueryExecutorMethodInterceptor.invoke(QueryExecutorMethodInterceptor.java:146) ~[spring-data-commons-4.0.5.jar:4.0.5]
	at org.springframework.aop.framework.ReflectiveMethodInvocation.proceed(ReflectiveMethodInvocation.java:179) ~[spring-aop-7.0.7.jar:7.0.7]
	at org.springframework.data.projection.DefaultMethodInvokingMethodInterceptor.invoke(DefaultMethodInvokingMethodInterceptor.java:69) ~[spring-data-commons-4.0.5.jar:4.0.5]
	at org.springframework.aop.framework.ReflectiveMethodInvocation.proceed(ReflectiveMethodInvocation.java:179) ~[spring-aop-7.0.7.jar:7.0.7]
	at org.springframework.transaction.interceptor.TransactionInterceptor$1.proceedWithInvocation(TransactionInterceptor.java:133) ~[spring-tx-7.0.7.jar:7.0.7]
	at org.springframework.transaction.interceptor.TransactionAspectSupport.invokeWithinTransaction(TransactionAspectSupport.java:371) ~[spring-tx-7.0.7.jar:7.0.7]
	at org.springframework.transaction.interceptor.TransactionInterceptor.invoke(TransactionInterceptor.java:130) ~[spring-tx-7.0.7.jar:7.0.7]
	at org.springframework.aop.framework.ReflectiveMethodInvocation.proceed(ReflectiveMethodInvocation.java:179) ~[spring-aop-7.0.7.jar:7.0.7]
	at org.springframework.dao.support.PersistenceExceptionTranslationInterceptor.invoke(PersistenceExceptionTranslationInterceptor.java:135) ~[spring-tx-7.0.7.jar:7.0.7]
	... 61 common frames omitted
Caused by: java.sql.SQLIntegrityConstraintViolationException: Column 'envio_id' cannot be null
	at com.mysql.cj.jdbc.exceptions.SQLError.createSQLException(SQLError.java:109) ~[mysql-connector-j-9.7.0.jar:9.7.0]
	at com.mysql.cj.jdbc.exceptions.SQLExceptionsMapping.translateException(SQLExceptionsMapping.java:114) ~[mysql-connector-j-9.7.0.jar:9.7.0]
	at com.mysql.cj.jdbc.ClientPreparedStatement.executeInternal(ClientPreparedStatement.java:988) ~[mysql-connector-j-9.7.0.jar:9.7.0]
	at com.mysql.cj.jdbc.ClientPreparedStatement.executeUpdateInternal(ClientPreparedStatement.java:1166) ~[mysql-connector-j-9.7.0.jar:9.7.0]
	at com.mysql.cj.jdbc.ClientPreparedStatement.executeUpdateInternal(ClientPreparedStatement.java:1101) ~[mysql-connector-j-9.7.0.jar:9.7.0]
	at com.mysql.cj.jdbc.ClientPreparedStatement.executeLargeUpdate(ClientPreparedStatement.java:1448) ~[mysql-connector-j-9.7.0.jar:9.7.0]
	at com.mysql.cj.jdbc.ClientPreparedStatement.executeUpdate(ClientPreparedStatement.java:1084) ~[mysql-connector-j-9.7.0.jar:9.7.0]
	at com.zaxxer.hikari.pool.ProxyPreparedStatement.executeUpdate(ProxyPreparedStatement.java:61) ~[HikariCP-7.0.2.jar:na]
	at com.zaxxer.hikari.pool.HikariProxyPreparedStatement.executeUpdate(HikariProxyPreparedStatement.java) ~[HikariCP-7.0.2.jar:na]
	at org.hibernate.engine.jdbc.internal.ResultSetReturnImpl.executeUpdate(ResultSetReturnImpl.java:181) ~[hibernate-core-7.2.12.Final.jar:7.2.12.Final]
	... 114 common frames omitted

2026-05-16T16:11:33.921-04:00  INFO 19808 --- [ms-envios] [SpringApplicationShutdownHook] o.s.boot.tomcat.GracefulShutdown         : Commencing graceful shutdown. Waiting for active requests to complete
2026-05-16T16:11:33.925-04:00  INFO 19808 --- [ms-envios] [tomcat-shutdown] o.s.boot.tomcat.GracefulShutdown         : Graceful shutdown complete
2026-05-16T16:11:33.929-04:00  INFO 19808 --- [ms-envios] [SpringApplicationShutdownHook] j.LocalContainerEntityManagerFactoryBean : Closing JPA EntityManagerFactory for persistence unit 'default'
2026-05-16T16:11:33.931-04:00  INFO 19808 --- [ms-envios] [SpringApplicationShutdownHook] com.zaxxer.hikari.HikariDataSource       : HikariPool-1 - Shutdown initiated...
2026-05-16T16:11:33.936-04:00  INFO 19808 --- [ms-envios] [SpringApplicationShutdownHook] com.zaxxer.hikari.HikariDataSource       : HikariPool-1 - Shutdown completed.
2026-05-16T16:11:37.843-04:00  INFO 20528 --- [ms-envios] [main] c.dsy1103.msenvios.MsEnviosApplication   : Starting MsEnviosApplication using Java 24.0.2 with PID 20528 (C:\Users\zerze\OneDrive\Desktop\ev2\Evaluacion-Parcial-2-Full-Stack-DSY1103\ms-envios\target\classes started by zerze in C:\Users\zerze\OneDrive\Desktop\ev2\Evaluacion-Parcial-2-Full-Stack-DSY1103\ms-envios)
2026-05-16T16:11:37.847-04:00  INFO 20528 --- [ms-envios] [main] c.dsy1103.msenvios.MsEnviosApplication   : No active profile set, falling back to 1 default profile: "default"
2026-05-16T16:11:38.868-04:00  INFO 20528 --- [ms-envios] [main] .s.d.r.c.RepositoryConfigurationDelegate : Bootstrapping Spring Data JPA repositories in DEFAULT mode.
2026-05-16T16:11:38.934-04:00  INFO 20528 --- [ms-envios] [main] .s.d.r.c.RepositoryConfigurationDelegate : Finished Spring Data repository scanning in 57 ms. Found 2 JPA repository interfaces.
2026-05-16T16:11:39.121-04:00  INFO 20528 --- [ms-envios] [main] o.s.cloud.context.scope.GenericScope     : BeanFactory id=aeb4ee6c-4fe2-3279-a8f1-b63ea7cf87d5
2026-05-16T16:11:39.597-04:00  INFO 20528 --- [ms-envios] [main] o.s.boot.tomcat.TomcatWebServer          : Tomcat initialized with port 8086 (http)
2026-05-16T16:11:39.611-04:00  INFO 20528 --- [ms-envios] [main] o.apache.catalina.core.StandardService   : Starting service [Tomcat]
2026-05-16T16:11:39.611-04:00  INFO 20528 --- [ms-envios] [main] o.apache.catalina.core.StandardEngine    : Starting Servlet engine: [Apache Tomcat/11.0.21]
2026-05-16T16:11:39.664-04:00  INFO 20528 --- [ms-envios] [main] b.w.c.s.WebApplicationContextInitializer : Root WebApplicationContext: initialization completed in 1754 ms
2026-05-16T16:11:39.874-04:00  INFO 20528 --- [ms-envios] [main] com.zaxxer.hikari.HikariDataSource       : HikariPool-1 - Starting...
2026-05-16T16:11:40.137-04:00  INFO 20528 --- [ms-envios] [main] com.zaxxer.hikari.pool.HikariPool        : HikariPool-1 - Added connection com.mysql.cj.jdbc.ConnectionImpl@7b9e25bd
2026-05-16T16:11:40.140-04:00  INFO 20528 --- [ms-envios] [main] com.zaxxer.hikari.HikariDataSource       : HikariPool-1 - Start completed.
2026-05-16T16:11:42.186-04:00  INFO 20528 --- [ms-envios] [main] liquibase.changelog                      : Reading from prueba5.databasechangelog
2026-05-16T16:11:42.233-04:00  INFO 20528 --- [ms-envios] [main] liquibase.ui                             : Database is up to date, no changesets to execute
2026-05-16T16:11:42.237-04:00  INFO 20528 --- [ms-envios] [main] liquibase.changelog                      : Reading from prueba5.databasechangelog
2026-05-16T16:11:42.252-04:00  INFO 20528 --- [ms-envios] [main] liquibase.util                           : UPDATE SUMMARY
2026-05-16T16:11:42.252-04:00  INFO 20528 --- [ms-envios] [main] liquibase.util                           : Run:                          0
2026-05-16T16:11:42.253-04:00  INFO 20528 --- [ms-envios] [main] liquibase.util                           : Previously run:               2
2026-05-16T16:11:42.253-04:00  INFO 20528 --- [ms-envios] [main] liquibase.util                           : Filtered out:                 0
2026-05-16T16:11:42.253-04:00  INFO 20528 --- [ms-envios] [main] liquibase.util                           : -------------------------------
2026-05-16T16:11:42.253-04:00  INFO 20528 --- [ms-envios] [main] liquibase.util                           : Total change sets:            2
2026-05-16T16:11:42.254-04:00  INFO 20528 --- [ms-envios] [main] liquibase.util                           : Update summary generated
2026-05-16T16:11:42.257-04:00  INFO 20528 --- [ms-envios] [main] liquibase.command                        : Command execution complete
2026-05-16T16:11:42.385-04:00  INFO 20528 --- [ms-envios] [main] org.hibernate.orm.jpa                    : HHH008540: Processing PersistenceUnitInfo [name: default]
2026-05-16T16:11:42.434-04:00  INFO 20528 --- [ms-envios] [main] org.hibernate.orm.core                   : HHH000001: Hibernate ORM core version 7.2.12.Final
2026-05-16T16:11:42.842-04:00  INFO 20528 --- [ms-envios] [main] o.s.o.j.p.SpringPersistenceUnitInfo      : No LoadTimeWeaver setup: ignoring JPA class transformer
2026-05-16T16:11:42.883-04:00  WARN 20528 --- [ms-envios] [main] org.hibernate.orm.deprecation            : HHH90000025: MySQLDialect does not need to be specified explicitly using 'hibernate.dialect' (remove the property setting and it will be selected by default)
2026-05-16T16:11:42.894-04:00  INFO 20528 --- [ms-envios] [main] org.hibernate.orm.connections.pooling    : HHH10001005: Database info:
	Database JDBC URL [jdbc:mysql://localhost:3306/prueba5?useSSL=false&serverTimezone=America/Santiago&allowPublicKeyRetrieval=true]
	Database driver: MySQL Connector/J
	Database dialect: MySQLDialect
	Database version: 8.4.3
	Default catalog/schema: prueba5/undefined
	Autocommit mode: undefined/unknown
	Isolation level: REPEATABLE_READ [default REPEATABLE_READ]
	JDBC fetch size: none
	Pool: DataSourceConnectionProvider
	Minimum pool size: undefined/unknown
	Maximum pool size: undefined/unknown
2026-05-16T16:11:43.695-04:00  INFO 20528 --- [ms-envios] [main] org.hibernate.orm.core                   : HHH000489: No JTA platform available (set 'hibernate.transaction.jta.platform' to enable JTA platform integration)
2026-05-16T16:11:43.726-04:00  INFO 20528 --- [ms-envios] [main] j.LocalContainerEntityManagerFactoryBean : Initialized JPA EntityManagerFactory for persistence unit 'default'
2026-05-16T16:11:43.824-04:00  INFO 20528 --- [ms-envios] [main] o.s.d.j.r.query.QueryEnhancerFactories   : Hibernate is in classpath; If applicable, HQL parser will be used.
2026-05-16T16:11:44.161-04:00  WARN 20528 --- [ms-envios] [main] JpaBaseConfiguration$JpaWebConfiguration : spring.jpa.open-in-view is enabled by default. Therefore, database queries may be performed during view rendering. Explicitly configure spring.jpa.open-in-view to disable this warning
2026-05-16T16:11:44.711-04:00  INFO 20528 --- [ms-envios] [main] o.s.boot.tomcat.TomcatWebServer          : Tomcat started on port 8086 (http) with context path '/'
2026-05-16T16:11:44.727-04:00  INFO 20528 --- [ms-envios] [main] c.dsy1103.msenvios.MsEnviosApplication   : Started MsEnviosApplication in 7.546 seconds (process running for 8.561)
2026-05-16T16:11:54.683-04:00  INFO 20528 --- [ms-envios] [http-nio-8086-exec-2] o.a.c.c.C.[Tomcat].[localhost].[/]       : Initializing Spring DispatcherServlet 'dispatcherServlet'
2026-05-16T16:11:54.683-04:00  INFO 20528 --- [ms-envios] [http-nio-8086-exec-2] o.s.web.servlet.DispatcherServlet        : Initializing Servlet 'dispatcherServlet'
2026-05-16T16:11:54.684-04:00  INFO 20528 --- [ms-envios] [http-nio-8086-exec-2] o.s.web.servlet.DispatcherServlet        : Completed initialization in 1 ms
2026-05-16T16:11:54.899-04:00  INFO 20528 --- [ms-envios] [http-nio-8086-exec-2] c.d.m.controller.SeguimientoController   : Recibida solicitud para crear un nuevo Seguimiento
2026-05-16T16:12:24.507-04:00  INFO 20528 --- [ms-envios] [http-nio-8086-exec-3] c.d.m.controller.SeguimientoController   : Recibida solicitud para listar todos los Seguimiento
2026-05-16T16:12:24.511-04:00  INFO 20528 --- [ms-envios] [http-nio-8086-exec-3] c.d.msenvios.service.SeguimientoService  : Iniciando consulta de todos los Seguimientos
2026-05-16T16:18:24.278-04:00  INFO 20528 --- [ms-envios] [SpringApplicationShutdownHook] o.s.boot.tomcat.GracefulShutdown         : Commencing graceful shutdown. Waiting for active requests to complete
2026-05-16T16:18:24.282-04:00  INFO 20528 --- [ms-envios] [tomcat-shutdown] o.s.boot.tomcat.GracefulShutdown         : Graceful shutdown complete
2026-05-16T16:18:24.286-04:00  INFO 20528 --- [ms-envios] [SpringApplicationShutdownHook] j.LocalContainerEntityManagerFactoryBean : Closing JPA EntityManagerFactory for persistence unit 'default'
2026-05-16T16:18:24.288-04:00  INFO 20528 --- [ms-envios] [SpringApplicationShutdownHook] com.zaxxer.hikari.HikariDataSource       : HikariPool-1 - Shutdown initiated...
2026-05-16T16:18:24.293-04:00  INFO 20528 --- [ms-envios] [SpringApplicationShutdownHook] com.zaxxer.hikari.HikariDataSource       : HikariPool-1 - Shutdown completed.
2026-05-16T16:18:27.830-04:00  INFO 23776 --- [ms-envios] [main] c.dsy1103.msenvios.MsEnviosApplication   : Starting MsEnviosApplication using Java 24.0.2 with PID 23776 (C:\Users\zerze\OneDrive\Desktop\ev2\Evaluacion-Parcial-2-Full-Stack-DSY1103\ms-envios\target\classes started by zerze in C:\Users\zerze\OneDrive\Desktop\ev2\Evaluacion-Parcial-2-Full-Stack-DSY1103\ms-envios)
2026-05-16T16:18:27.836-04:00  INFO 23776 --- [ms-envios] [main] c.dsy1103.msenvios.MsEnviosApplication   : No active profile set, falling back to 1 default profile: "default"
2026-05-16T16:18:28.880-04:00  INFO 23776 --- [ms-envios] [main] .s.d.r.c.RepositoryConfigurationDelegate : Bootstrapping Spring Data JPA repositories in DEFAULT mode.
2026-05-16T16:18:28.950-04:00  INFO 23776 --- [ms-envios] [main] .s.d.r.c.RepositoryConfigurationDelegate : Finished Spring Data repository scanning in 55 ms. Found 2 JPA repository interfaces.
2026-05-16T16:18:29.151-04:00  INFO 23776 --- [ms-envios] [main] o.s.cloud.context.scope.GenericScope     : BeanFactory id=aeb4ee6c-4fe2-3279-a8f1-b63ea7cf87d5
2026-05-16T16:18:29.732-04:00  INFO 23776 --- [ms-envios] [main] o.s.boot.tomcat.TomcatWebServer          : Tomcat initialized with port 8086 (http)
2026-05-16T16:18:29.747-04:00  INFO 23776 --- [ms-envios] [main] o.apache.catalina.core.StandardService   : Starting service [Tomcat]
2026-05-16T16:18:29.748-04:00  INFO 23776 --- [ms-envios] [main] o.apache.catalina.core.StandardEngine    : Starting Servlet engine: [Apache Tomcat/11.0.21]
2026-05-16T16:18:29.805-04:00  INFO 23776 --- [ms-envios] [main] b.w.c.s.WebApplicationContextInitializer : Root WebApplicationContext: initialization completed in 1908 ms
2026-05-16T16:18:30.019-04:00  INFO 23776 --- [ms-envios] [main] com.zaxxer.hikari.HikariDataSource       : HikariPool-1 - Starting...
2026-05-16T16:18:30.221-04:00  INFO 23776 --- [ms-envios] [main] com.zaxxer.hikari.pool.HikariPool        : HikariPool-1 - Added connection com.mysql.cj.jdbc.ConnectionImpl@7b9e25bd
2026-05-16T16:18:30.224-04:00  INFO 23776 --- [ms-envios] [main] com.zaxxer.hikari.HikariDataSource       : HikariPool-1 - Start completed.
2026-05-16T16:18:32.231-04:00  INFO 23776 --- [ms-envios] [main] liquibase.changelog                      : Reading from prueba5.databasechangelog
2026-05-16T16:18:32.289-04:00  INFO 23776 --- [ms-envios] [main] liquibase.ui                             : Database is up to date, no changesets to execute
2026-05-16T16:18:32.292-04:00  INFO 23776 --- [ms-envios] [main] liquibase.changelog                      : Reading from prueba5.databasechangelog
2026-05-16T16:18:32.307-04:00  INFO 23776 --- [ms-envios] [main] liquibase.util                           : UPDATE SUMMARY
2026-05-16T16:18:32.308-04:00  INFO 23776 --- [ms-envios] [main] liquibase.util                           : Run:                          0
2026-05-16T16:18:32.308-04:00  INFO 23776 --- [ms-envios] [main] liquibase.util                           : Previously run:               2
2026-05-16T16:18:32.308-04:00  INFO 23776 --- [ms-envios] [main] liquibase.util                           : Filtered out:                 0
2026-05-16T16:18:32.309-04:00  INFO 23776 --- [ms-envios] [main] liquibase.util                           : -------------------------------
2026-05-16T16:18:32.309-04:00  INFO 23776 --- [ms-envios] [main] liquibase.util                           : Total change sets:            2
2026-05-16T16:18:32.310-04:00  INFO 23776 --- [ms-envios] [main] liquibase.util                           : Update summary generated
2026-05-16T16:18:32.313-04:00  INFO 23776 --- [ms-envios] [main] liquibase.command                        : Command execution complete
2026-05-16T16:18:32.451-04:00  INFO 23776 --- [ms-envios] [main] org.hibernate.orm.jpa                    : HHH008540: Processing PersistenceUnitInfo [name: default]
2026-05-16T16:18:32.526-04:00  INFO 23776 --- [ms-envios] [main] org.hibernate.orm.core                   : HHH000001: Hibernate ORM core version 7.2.12.Final
2026-05-16T16:18:32.973-04:00  INFO 23776 --- [ms-envios] [main] o.s.o.j.p.SpringPersistenceUnitInfo      : No LoadTimeWeaver setup: ignoring JPA class transformer
2026-05-16T16:18:33.022-04:00  WARN 23776 --- [ms-envios] [main] org.hibernate.orm.deprecation            : HHH90000025: MySQLDialect does not need to be specified explicitly using 'hibernate.dialect' (remove the property setting and it will be selected by default)
2026-05-16T16:18:33.035-04:00  INFO 23776 --- [ms-envios] [main] org.hibernate.orm.connections.pooling    : HHH10001005: Database info:
	Database JDBC URL [jdbc:mysql://localhost:3306/prueba5?useSSL=false&serverTimezone=America/Santiago&allowPublicKeyRetrieval=true]
	Database driver: MySQL Connector/J
	Database dialect: MySQLDialect
	Database version: 8.4.3
	Default catalog/schema: prueba5/undefined
	Autocommit mode: undefined/unknown
	Isolation level: REPEATABLE_READ [default REPEATABLE_READ]
	JDBC fetch size: none
	Pool: DataSourceConnectionProvider
	Minimum pool size: undefined/unknown
	Maximum pool size: undefined/unknown
2026-05-16T16:18:33.854-04:00  INFO 23776 --- [ms-envios] [main] org.hibernate.orm.core                   : HHH000489: No JTA platform available (set 'hibernate.transaction.jta.platform' to enable JTA platform integration)
2026-05-16T16:18:33.884-04:00  INFO 23776 --- [ms-envios] [main] j.LocalContainerEntityManagerFactoryBean : Initialized JPA EntityManagerFactory for persistence unit 'default'
2026-05-16T16:18:33.982-04:00  INFO 23776 --- [ms-envios] [main] o.s.d.j.r.query.QueryEnhancerFactories   : Hibernate is in classpath; If applicable, HQL parser will be used.
2026-05-16T16:18:34.340-04:00  WARN 23776 --- [ms-envios] [main] JpaBaseConfiguration$JpaWebConfiguration : spring.jpa.open-in-view is enabled by default. Therefore, database queries may be performed during view rendering. Explicitly configure spring.jpa.open-in-view to disable this warning
2026-05-16T16:18:34.910-04:00  INFO 23776 --- [ms-envios] [main] o.s.boot.tomcat.TomcatWebServer          : Tomcat started on port 8086 (http) with context path '/'
2026-05-16T16:18:34.926-04:00  INFO 23776 --- [ms-envios] [main] c.dsy1103.msenvios.MsEnviosApplication   : Started MsEnviosApplication in 7.753 seconds (process running for 8.624)
2026-05-16T16:19:08.365-04:00  INFO 23776 --- [ms-envios] [http-nio-8086-exec-2] o.a.c.c.C.[Tomcat].[localhost].[/]       : Initializing Spring DispatcherServlet 'dispatcherServlet'
2026-05-16T16:19:08.365-04:00  INFO 23776 --- [ms-envios] [http-nio-8086-exec-2] o.s.web.servlet.DispatcherServlet        : Initializing Servlet 'dispatcherServlet'
2026-05-16T16:19:08.368-04:00  INFO 23776 --- [ms-envios] [http-nio-8086-exec-2] o.s.web.servlet.DispatcherServlet        : Completed initialization in 3 ms
2026-05-16T16:19:08.603-04:00  INFO 23776 --- [ms-envios] [http-nio-8086-exec-2] c.d.m.controller.SeguimientoController   : Recibida solicitud para crear un nuevo Seguimiento
2026-05-16T16:21:34.133-04:00  INFO 23776 --- [ms-envios] [http-nio-8086-exec-8] c.d.m.controller.SeguimientoController   : Recibida solicitud para actualizar Seguimiento con ID: 1
2026-05-16T16:22:10.011-04:00  INFO 23776 --- [ms-envios] [http-nio-8086-exec-7] c.d.m.controller.SeguimientoController   : Recibida solicitud para listar todos los Seguimiento
2026-05-16T16:22:10.014-04:00  INFO 23776 --- [ms-envios] [http-nio-8086-exec-7] c.d.msenvios.service.SeguimientoService  : Iniciando consulta de todos los Seguimientos
2026-05-16T16:22:46.566-04:00  INFO 23776 --- [ms-envios] [http-nio-8086-exec-10] c.d.m.controller.SeguimientoController   : Recibida solicitud para eliminar Seguimiento con ID: 1
2026-05-16T16:22:46.568-04:00  INFO 23776 --- [ms-envios] [http-nio-8086-exec-10] c.d.msenvios.service.SeguimientoService  : Solicitud para eliminar Seguimiento ID: 1
2026-05-16T16:22:46.898-04:00  INFO 23776 --- [ms-envios] [http-nio-8086-exec-10] c.d.msenvios.service.SeguimientoService  : Seguimiento ID: 1 eliminado correctamente
2026-05-16T16:23:02.711-04:00  INFO 23776 --- [ms-envios] [http-nio-8086-exec-4] c.d.m.controller.SeguimientoController   : Recibida solicitud para listar todos los Seguimiento
2026-05-16T16:23:02.711-04:00  INFO 23776 --- [ms-envios] [http-nio-8086-exec-4] c.d.msenvios.service.SeguimientoService  : Iniciando consulta de todos los Seguimientos
2026-05-16T16:23:34.444-04:00  INFO 23776 --- [ms-envios] [SpringApplicationShutdownHook] o.s.boot.tomcat.GracefulShutdown         : Commencing graceful shutdown. Waiting for active requests to complete
2026-05-16T16:23:34.448-04:00  INFO 23776 --- [ms-envios] [tomcat-shutdown] o.s.boot.tomcat.GracefulShutdown         : Graceful shutdown complete
2026-05-16T16:23:34.452-04:00  INFO 23776 --- [ms-envios] [SpringApplicationShutdownHook] j.LocalContainerEntityManagerFactoryBean : Closing JPA EntityManagerFactory for persistence unit 'default'
2026-05-16T16:23:34.454-04:00  INFO 23776 --- [ms-envios] [SpringApplicationShutdownHook] com.zaxxer.hikari.HikariDataSource       : HikariPool-1 - Shutdown initiated...
2026-05-16T16:23:34.460-04:00  INFO 23776 --- [ms-envios] [SpringApplicationShutdownHook] com.zaxxer.hikari.HikariDataSource       : HikariPool-1 - Shutdown completed.
