2026-05-14T15:02:32.532-04:00  INFO 29232 --- [ms-usuarios] [main] c.d.msusuarios.MsUsuariosApplication     : Starting MsUsuariosApplication using Java 24.0.2 with PID 29232 (C:\Users\zerze\Downloads\Evaluacion-Parcial-2-Full-Stack-DSY1103-main\Evaluacion-Parcial-2-Full-Stack-DSY1103-main\ms-usuarios\target\classes started by zerze in C:\Users\zerze\Downloads\Evaluacion-Parcial-2-Full-Stack-DSY1103-main\Evaluacion-Parcial-2-Full-Stack-DSY1103-main\ms-usuarios)
2026-05-14T15:02:32.538-04:00 DEBUG 29232 --- [ms-usuarios] [main] c.d.msusuarios.MsUsuariosApplication     : Running with Spring Boot v4.0.6, Spring v7.0.7
2026-05-14T15:02:32.540-04:00  INFO 29232 --- [ms-usuarios] [main] c.d.msusuarios.MsUsuariosApplication     : No active profile set, falling back to 1 default profile: "default"
2026-05-14T15:02:34.434-04:00  INFO 29232 --- [ms-usuarios] [main] .s.d.r.c.RepositoryConfigurationDelegate : Bootstrapping Spring Data JPA repositories in DEFAULT mode.
2026-05-14T15:02:34.535-04:00  INFO 29232 --- [ms-usuarios] [main] .s.d.r.c.RepositoryConfigurationDelegate : Finished Spring Data repository scanning in 81 ms. Found 2 JPA repository interfaces.
2026-05-14T15:02:34.961-04:00  INFO 29232 --- [ms-usuarios] [main] o.s.cloud.context.scope.GenericScope     : BeanFactory id=3ddad5d1-749f-3cce-9d8f-bd0bbd01fb18
2026-05-14T15:02:35.884-04:00  INFO 29232 --- [ms-usuarios] [main] o.s.boot.tomcat.TomcatWebServer          : Tomcat initialized with port 8081 (http)
2026-05-14T15:02:35.909-04:00  INFO 29232 --- [ms-usuarios] [main] o.apache.catalina.core.StandardService   : Starting service [Tomcat]
2026-05-14T15:02:35.909-04:00  INFO 29232 --- [ms-usuarios] [main] o.apache.catalina.core.StandardEngine    : Starting Servlet engine: [Apache Tomcat/11.0.21]
2026-05-14T15:02:36.005-04:00  INFO 29232 --- [ms-usuarios] [main] b.w.c.s.WebApplicationContextInitializer : Root WebApplicationContext: initialization completed in 3339 ms
2026-05-14T15:02:36.431-04:00  INFO 29232 --- [ms-usuarios] [main] org.hibernate.orm.jpa                    : HHH008540: Processing PersistenceUnitInfo [name: default]
2026-05-14T15:02:36.585-04:00  INFO 29232 --- [ms-usuarios] [main] org.hibernate.orm.core                   : HHH000001: Hibernate ORM core version 7.2.12.Final
2026-05-14T15:02:37.472-04:00  INFO 29232 --- [ms-usuarios] [main] o.s.o.j.p.SpringPersistenceUnitInfo      : No LoadTimeWeaver setup: ignoring JPA class transformer
2026-05-14T15:02:37.530-04:00  INFO 29232 --- [ms-usuarios] [main] com.zaxxer.hikari.HikariDataSource       : HikariPool-1 - Starting...
2026-05-14T15:02:39.423-04:00  WARN 29232 --- [ms-usuarios] [main] org.hibernate.orm.jdbc.error             : HHH000247: ErrorCode: 1049, SQLState: 42000
2026-05-14T15:02:39.424-04:00  WARN 29232 --- [ms-usuarios] [main] org.hibernate.orm.jdbc.error             : Unknown database 'db_usuarios'
2026-05-14T15:02:39.434-04:00  WARN 29232 --- [ms-usuarios] [main] org.hibernate.orm.jdbc                   : HHH100046: Could not obtain connection to query JDBC database metadata

org.hibernate.exception.SQLGrammarException: Unable to obtain isolated JDBC connection [Unknown database 'db_usuarios'] [n/a]
	at org.hibernate.exception.internal.SQLStateConversionDelegate.convert(SQLStateConversionDelegate.java:63) ~[hibernate-core-7.2.12.Final.jar:7.2.12.Final]
	at org.hibernate.exception.internal.StandardSQLExceptionConverter.convert(StandardSQLExceptionConverter.java:34) ~[hibernate-core-7.2.12.Final.jar:7.2.12.Final]
	at org.hibernate.engine.jdbc.spi.SqlExceptionHelper.convert(SqlExceptionHelper.java:115) ~[hibernate-core-7.2.12.Final.jar:7.2.12.Final]
	at org.hibernate.engine.jdbc.spi.SqlExceptionHelper.convert(SqlExceptionHelper.java:101) ~[hibernate-core-7.2.12.Final.jar:7.2.12.Final]
	at org.hibernate.resource.transaction.backend.jdbc.internal.JdbcIsolationDelegate.delegateWork(JdbcIsolationDelegate.java:51) ~[hibernate-core-7.2.12.Final.jar:7.2.12.Final]
	at org.hibernate.engine.jdbc.env.internal.JdbcEnvironmentInitiator.getJdbcEnvironmentUsingJdbcMetadata(JdbcEnvironmentInitiator.java:366) ~[hibernate-core-7.2.12.Final.jar:7.2.12.Final]
	at org.hibernate.engine.jdbc.env.internal.JdbcEnvironmentInitiator.getJdbcEnvironment(JdbcEnvironmentInitiator.java:143) ~[hibernate-core-7.2.12.Final.jar:7.2.12.Final]
	at org.hibernate.engine.jdbc.env.internal.JdbcEnvironmentInitiator.initiateService(JdbcEnvironmentInitiator.java:120) ~[hibernate-core-7.2.12.Final.jar:7.2.12.Final]
	at org.hibernate.engine.jdbc.env.internal.JdbcEnvironmentInitiator.initiateService(JdbcEnvironmentInitiator.java:80) ~[hibernate-core-7.2.12.Final.jar:7.2.12.Final]
	at org.hibernate.boot.registry.internal.StandardServiceRegistryImpl.initiateService(StandardServiceRegistryImpl.java:133) ~[hibernate-core-7.2.12.Final.jar:7.2.12.Final]
	at org.hibernate.service.internal.AbstractServiceRegistryImpl.createService(AbstractServiceRegistryImpl.java:260) ~[hibernate-core-7.2.12.Final.jar:7.2.12.Final]
	at org.hibernate.service.internal.AbstractServiceRegistryImpl.initializeService(AbstractServiceRegistryImpl.java:235) ~[hibernate-core-7.2.12.Final.jar:7.2.12.Final]
	at org.hibernate.service.internal.AbstractServiceRegistryImpl.getService(AbstractServiceRegistryImpl.java:212) ~[hibernate-core-7.2.12.Final.jar:7.2.12.Final]
	at org.hibernate.boot.model.relational.Database.<init>(Database.java:44) ~[hibernate-core-7.2.12.Final.jar:7.2.12.Final]
	at org.hibernate.boot.internal.InFlightMetadataCollectorImpl.getDatabase(InFlightMetadataCollectorImpl.java:251) ~[hibernate-core-7.2.12.Final.jar:7.2.12.Final]
	at org.hibernate.boot.internal.InFlightMetadataCollectorImpl.<init>(InFlightMetadataCollectorImpl.java:203) ~[hibernate-core-7.2.12.Final.jar:7.2.12.Final]
	at org.hibernate.boot.model.process.spi.MetadataBuildingProcess.complete(MetadataBuildingProcess.java:172) ~[hibernate-core-7.2.12.Final.jar:7.2.12.Final]
	at org.hibernate.jpa.boot.internal.EntityManagerFactoryBuilderImpl.metadata(EntityManagerFactoryBuilderImpl.java:1392) ~[hibernate-core-7.2.12.Final.jar:7.2.12.Final]
	at org.hibernate.jpa.boot.internal.EntityManagerFactoryBuilderImpl.populateSessionFactoryBuilder(EntityManagerFactoryBuilderImpl.java:1472) ~[hibernate-core-7.2.12.Final.jar:7.2.12.Final]
	at org.hibernate.jpa.boot.internal.EntityManagerFactoryBuilderImpl.build(EntityManagerFactoryBuilderImpl.java:1454) ~[hibernate-core-7.2.12.Final.jar:7.2.12.Final]
	at org.springframework.orm.jpa.vendor.SpringHibernateJpaPersistenceProvider.createContainerEntityManagerFactory(SpringHibernateJpaPersistenceProvider.java:93) ~[spring-orm-7.0.7.jar:7.0.7]
	at org.springframework.orm.jpa.LocalContainerEntityManagerFactoryBean.createNativeEntityManagerFactory(LocalContainerEntityManagerFactoryBean.java:443) ~[spring-orm-7.0.7.jar:7.0.7]
	at org.springframework.orm.jpa.AbstractEntityManagerFactoryBean.buildNativeEntityManagerFactory(AbstractEntityManagerFactoryBean.java:436) ~[spring-orm-7.0.7.jar:7.0.7]
	at org.springframework.orm.jpa.AbstractEntityManagerFactoryBean.afterPropertiesSet(AbstractEntityManagerFactoryBean.java:411) ~[spring-orm-7.0.7.jar:7.0.7]
	at org.springframework.orm.jpa.LocalContainerEntityManagerFactoryBean.afterPropertiesSet(LocalContainerEntityManagerFactoryBean.java:419) ~[spring-orm-7.0.7.jar:7.0.7]
	at org.springframework.beans.factory.support.AbstractAutowireCapableBeanFactory.invokeInitMethods(AbstractAutowireCapableBeanFactory.java:1864) ~[spring-beans-7.0.7.jar:7.0.7]
	at org.springframework.beans.factory.support.AbstractAutowireCapableBeanFactory.initializeBean(AbstractAutowireCapableBeanFactory.java:1813) ~[spring-beans-7.0.7.jar:7.0.7]
	at org.springframework.beans.factory.support.AbstractAutowireCapableBeanFactory.doCreateBean(AbstractAutowireCapableBeanFactory.java:603) ~[spring-beans-7.0.7.jar:7.0.7]
	at org.springframework.beans.factory.support.AbstractAutowireCapableBeanFactory.createBean(AbstractAutowireCapableBeanFactory.java:525) ~[spring-beans-7.0.7.jar:7.0.7]
	at org.springframework.beans.factory.support.AbstractBeanFactory.lambda$doGetBean$0(AbstractBeanFactory.java:333) ~[spring-beans-7.0.7.jar:7.0.7]
	at org.springframework.beans.factory.support.DefaultSingletonBeanRegistry.getSingleton(DefaultSingletonBeanRegistry.java:371) ~[spring-beans-7.0.7.jar:7.0.7]
	at org.springframework.beans.factory.support.AbstractBeanFactory.doGetBean(AbstractBeanFactory.java:331) ~[spring-beans-7.0.7.jar:7.0.7]
	at org.springframework.beans.factory.support.AbstractBeanFactory.getBean(AbstractBeanFactory.java:201) ~[spring-beans-7.0.7.jar:7.0.7]
	at org.springframework.context.support.AbstractApplicationContext.finishBeanFactoryInitialization(AbstractApplicationContext.java:977) ~[spring-context-7.0.7.jar:7.0.7]
	at org.springframework.context.support.AbstractApplicationContext.refresh(AbstractApplicationContext.java:621) ~[spring-context-7.0.7.jar:7.0.7]
	at org.springframework.boot.web.server.servlet.context.ServletWebServerApplicationContext.refresh(ServletWebServerApplicationContext.java:143) ~[spring-boot-web-server-4.0.6.jar:4.0.6]
	at org.springframework.boot.SpringApplication.refresh(SpringApplication.java:756) ~[spring-boot-4.0.6.jar:4.0.6]
	at org.springframework.boot.SpringApplication.refreshContext(SpringApplication.java:445) ~[spring-boot-4.0.6.jar:4.0.6]
	at org.springframework.boot.SpringApplication.run(SpringApplication.java:321) ~[spring-boot-4.0.6.jar:4.0.6]
	at org.springframework.boot.SpringApplication.run(SpringApplication.java:1365) ~[spring-boot-4.0.6.jar:4.0.6]
	at org.springframework.boot.SpringApplication.run(SpringApplication.java:1354) ~[spring-boot-4.0.6.jar:4.0.6]
	at com.dsy1103.msusuarios.MsUsuariosApplication.main(MsUsuariosApplication.java:10) ~[classes/:na]
Caused by: java.sql.SQLSyntaxErrorException: Unknown database 'db_usuarios'
	at com.mysql.cj.jdbc.exceptions.SQLError.createSQLException(SQLError.java:112) ~[mysql-connector-j-9.7.0.jar:9.7.0]
	at com.mysql.cj.jdbc.exceptions.SQLExceptionsMapping.translateException(SQLExceptionsMapping.java:114) ~[mysql-connector-j-9.7.0.jar:9.7.0]
	at com.mysql.cj.jdbc.ConnectionImpl.createNewIO(ConnectionImpl.java:840) ~[mysql-connector-j-9.7.0.jar:9.7.0]
	at com.mysql.cj.jdbc.ConnectionImpl.<init>(ConnectionImpl.java:416) ~[mysql-connector-j-9.7.0.jar:9.7.0]
	at com.mysql.cj.jdbc.ConnectionImpl.getInstance(ConnectionImpl.java:237) ~[mysql-connector-j-9.7.0.jar:9.7.0]
	at com.mysql.cj.jdbc.NonRegisteringDriver.connect(NonRegisteringDriver.java:180) ~[mysql-connector-j-9.7.0.jar:9.7.0]
	at com.zaxxer.hikari.util.DriverDataSource.getConnection(DriverDataSource.java:144) ~[HikariCP-7.0.2.jar:na]
	at com.zaxxer.hikari.pool.PoolBase.newConnection(PoolBase.java:373) ~[HikariCP-7.0.2.jar:na]
	at com.zaxxer.hikari.pool.PoolBase.newPoolEntry(PoolBase.java:210) ~[HikariCP-7.0.2.jar:na]
	at com.zaxxer.hikari.pool.HikariPool.createPoolEntry(HikariPool.java:488) ~[HikariCP-7.0.2.jar:na]
	at com.zaxxer.hikari.pool.HikariPool.checkFailFast(HikariPool.java:576) ~[HikariCP-7.0.2.jar:na]
	at com.zaxxer.hikari.pool.HikariPool.<init>(HikariPool.java:97) ~[HikariCP-7.0.2.jar:na]
	at com.zaxxer.hikari.HikariDataSource.getConnection(HikariDataSource.java:111) ~[HikariCP-7.0.2.jar:na]
	at org.hibernate.engine.jdbc.connections.internal.DataSourceConnectionProvider.getConnection(DataSourceConnectionProvider.java:137) ~[hibernate-core-7.2.12.Final.jar:7.2.12.Final]
	at org.hibernate.engine.jdbc.env.internal.JdbcEnvironmentInitiator$ConnectionProviderJdbcConnectionAccess.obtainConnection(JdbcEnvironmentInitiator.java:508) ~[hibernate-core-7.2.12.Final.jar:7.2.12.Final]
	at org.hibernate.resource.transaction.backend.jdbc.internal.JdbcIsolationDelegate.delegateWork(JdbcIsolationDelegate.java:48) ~[hibernate-core-7.2.12.Final.jar:7.2.12.Final]
	... 37 common frames omitted

2026-05-14T15:02:39.456-04:00 ERROR 29232 --- [ms-usuarios] [main] j.LocalContainerEntityManagerFactoryBean : Failed to initialize JPA EntityManagerFactory: Unable to create requested service [org.hibernate.engine.jdbc.env.spi.JdbcEnvironment] due to: Unable to determine Dialect without JDBC metadata (please set 'jakarta.persistence.jdbc.url' for common cases or 'hibernate.dialect' when a custom Dialect implementation must be provided)
2026-05-14T15:02:39.461-04:00  WARN 29232 --- [ms-usuarios] [main] ConfigServletWebServerApplicationContext : Exception encountered during context initialization - cancelling refresh attempt: org.springframework.beans.factory.BeanCreationException: Error creating bean with name 'entityManagerFactory' defined in class path resource [org/springframework/boot/hibernate/autoconfigure/HibernateJpaConfiguration.class]: Unable to create requested service [org.hibernate.engine.jdbc.env.spi.JdbcEnvironment] due to: Unable to determine Dialect without JDBC metadata (please set 'jakarta.persistence.jdbc.url' for common cases or 'hibernate.dialect' when a custom Dialect implementation must be provided)
2026-05-14T15:02:39.468-04:00  INFO 29232 --- [ms-usuarios] [main] o.apache.catalina.core.StandardService   : Stopping service [Tomcat]
2026-05-14T15:02:39.492-04:00  INFO 29232 --- [ms-usuarios] [main] .s.b.a.l.ConditionEvaluationReportLogger : 

Error starting ApplicationContext. To display the condition evaluation report re-run your application with 'debug' enabled.
2026-05-14T15:02:39.528-04:00 ERROR 29232 --- [ms-usuarios] [main] o.s.boot.SpringApplication               : Application run failed

org.springframework.beans.factory.BeanCreationException: Error creating bean with name 'entityManagerFactory' defined in class path resource [org/springframework/boot/hibernate/autoconfigure/HibernateJpaConfiguration.class]: Unable to create requested service [org.hibernate.engine.jdbc.env.spi.JdbcEnvironment] due to: Unable to determine Dialect without JDBC metadata (please set 'jakarta.persistence.jdbc.url' for common cases or 'hibernate.dialect' when a custom Dialect implementation must be provided)
	at org.springframework.beans.factory.support.AbstractAutowireCapableBeanFactory.initializeBean(AbstractAutowireCapableBeanFactory.java:1817) ~[spring-beans-7.0.7.jar:7.0.7]
	at org.springframework.beans.factory.support.AbstractAutowireCapableBeanFactory.doCreateBean(AbstractAutowireCapableBeanFactory.java:603) ~[spring-beans-7.0.7.jar:7.0.7]
	at org.springframework.beans.factory.support.AbstractAutowireCapableBeanFactory.createBean(AbstractAutowireCapableBeanFactory.java:525) ~[spring-beans-7.0.7.jar:7.0.7]
	at org.springframework.beans.factory.support.AbstractBeanFactory.lambda$doGetBean$0(AbstractBeanFactory.java:333) ~[spring-beans-7.0.7.jar:7.0.7]
	at org.springframework.beans.factory.support.DefaultSingletonBeanRegistry.getSingleton(DefaultSingletonBeanRegistry.java:371) ~[spring-beans-7.0.7.jar:7.0.7]
	at org.springframework.beans.factory.support.AbstractBeanFactory.doGetBean(AbstractBeanFactory.java:331) ~[spring-beans-7.0.7.jar:7.0.7]
	at org.springframework.beans.factory.support.AbstractBeanFactory.getBean(AbstractBeanFactory.java:201) ~[spring-beans-7.0.7.jar:7.0.7]
	at org.springframework.context.support.AbstractApplicationContext.finishBeanFactoryInitialization(AbstractApplicationContext.java:977) ~[spring-context-7.0.7.jar:7.0.7]
	at org.springframework.context.support.AbstractApplicationContext.refresh(AbstractApplicationContext.java:621) ~[spring-context-7.0.7.jar:7.0.7]
	at org.springframework.boot.web.server.servlet.context.ServletWebServerApplicationContext.refresh(ServletWebServerApplicationContext.java:143) ~[spring-boot-web-server-4.0.6.jar:4.0.6]
	at org.springframework.boot.SpringApplication.refresh(SpringApplication.java:756) ~[spring-boot-4.0.6.jar:4.0.6]
	at org.springframework.boot.SpringApplication.refreshContext(SpringApplication.java:445) ~[spring-boot-4.0.6.jar:4.0.6]
	at org.springframework.boot.SpringApplication.run(SpringApplication.java:321) ~[spring-boot-4.0.6.jar:4.0.6]
	at org.springframework.boot.SpringApplication.run(SpringApplication.java:1365) ~[spring-boot-4.0.6.jar:4.0.6]
	at org.springframework.boot.SpringApplication.run(SpringApplication.java:1354) ~[spring-boot-4.0.6.jar:4.0.6]
	at com.dsy1103.msusuarios.MsUsuariosApplication.main(MsUsuariosApplication.java:10) ~[classes/:na]
Caused by: org.hibernate.service.spi.ServiceException: Unable to create requested service [org.hibernate.engine.jdbc.env.spi.JdbcEnvironment] due to: Unable to determine Dialect without JDBC metadata (please set 'jakarta.persistence.jdbc.url' for common cases or 'hibernate.dialect' when a custom Dialect implementation must be provided)
	at org.hibernate.service.internal.AbstractServiceRegistryImpl.createService(AbstractServiceRegistryImpl.java:273) ~[hibernate-core-7.2.12.Final.jar:7.2.12.Final]
	at org.hibernate.service.internal.AbstractServiceRegistryImpl.initializeService(AbstractServiceRegistryImpl.java:235) ~[hibernate-core-7.2.12.Final.jar:7.2.12.Final]
	at org.hibernate.service.internal.AbstractServiceRegistryImpl.getService(AbstractServiceRegistryImpl.java:212) ~[hibernate-core-7.2.12.Final.jar:7.2.12.Final]
	at org.hibernate.boot.model.relational.Database.<init>(Database.java:44) ~[hibernate-core-7.2.12.Final.jar:7.2.12.Final]
	at org.hibernate.boot.internal.InFlightMetadataCollectorImpl.getDatabase(InFlightMetadataCollectorImpl.java:251) ~[hibernate-core-7.2.12.Final.jar:7.2.12.Final]
	at org.hibernate.boot.internal.InFlightMetadataCollectorImpl.<init>(InFlightMetadataCollectorImpl.java:203) ~[hibernate-core-7.2.12.Final.jar:7.2.12.Final]
	at org.hibernate.boot.model.process.spi.MetadataBuildingProcess.complete(MetadataBuildingProcess.java:172) ~[hibernate-core-7.2.12.Final.jar:7.2.12.Final]
	at org.hibernate.jpa.boot.internal.EntityManagerFactoryBuilderImpl.metadata(EntityManagerFactoryBuilderImpl.java:1392) ~[hibernate-core-7.2.12.Final.jar:7.2.12.Final]
	at org.hibernate.jpa.boot.internal.EntityManagerFactoryBuilderImpl.populateSessionFactoryBuilder(EntityManagerFactoryBuilderImpl.java:1472) ~[hibernate-core-7.2.12.Final.jar:7.2.12.Final]
	at org.hibernate.jpa.boot.internal.EntityManagerFactoryBuilderImpl.build(EntityManagerFactoryBuilderImpl.java:1454) ~[hibernate-core-7.2.12.Final.jar:7.2.12.Final]
	at org.springframework.orm.jpa.vendor.SpringHibernateJpaPersistenceProvider.createContainerEntityManagerFactory(SpringHibernateJpaPersistenceProvider.java:93) ~[spring-orm-7.0.7.jar:7.0.7]
	at org.springframework.orm.jpa.LocalContainerEntityManagerFactoryBean.createNativeEntityManagerFactory(LocalContainerEntityManagerFactoryBean.java:443) ~[spring-orm-7.0.7.jar:7.0.7]
	at org.springframework.orm.jpa.AbstractEntityManagerFactoryBean.buildNativeEntityManagerFactory(AbstractEntityManagerFactoryBean.java:436) ~[spring-orm-7.0.7.jar:7.0.7]
	at org.springframework.orm.jpa.AbstractEntityManagerFactoryBean.afterPropertiesSet(AbstractEntityManagerFactoryBean.java:411) ~[spring-orm-7.0.7.jar:7.0.7]
	at org.springframework.orm.jpa.LocalContainerEntityManagerFactoryBean.afterPropertiesSet(LocalContainerEntityManagerFactoryBean.java:419) ~[spring-orm-7.0.7.jar:7.0.7]
	at org.springframework.beans.factory.support.AbstractAutowireCapableBeanFactory.invokeInitMethods(AbstractAutowireCapableBeanFactory.java:1864) ~[spring-beans-7.0.7.jar:7.0.7]
	at org.springframework.beans.factory.support.AbstractAutowireCapableBeanFactory.initializeBean(AbstractAutowireCapableBeanFactory.java:1813) ~[spring-beans-7.0.7.jar:7.0.7]
	... 15 common frames omitted
Caused by: org.hibernate.HibernateException: Unable to determine Dialect without JDBC metadata (please set 'jakarta.persistence.jdbc.url' for common cases or 'hibernate.dialect' when a custom Dialect implementation must be provided)
	at org.hibernate.engine.jdbc.dialect.internal.DialectFactoryImpl.determineDialect(DialectFactoryImpl.java:190) ~[hibernate-core-7.2.12.Final.jar:7.2.12.Final]
	at org.hibernate.engine.jdbc.dialect.internal.DialectFactoryImpl.buildDialect(DialectFactoryImpl.java:86) ~[hibernate-core-7.2.12.Final.jar:7.2.12.Final]
	at org.hibernate.engine.jdbc.env.internal.JdbcEnvironmentInitiator.getJdbcEnvironmentWithDefaults(JdbcEnvironmentInitiator.java:200) ~[hibernate-core-7.2.12.Final.jar:7.2.12.Final]
	at org.hibernate.engine.jdbc.env.internal.JdbcEnvironmentInitiator.getJdbcEnvironmentUsingJdbcMetadata(JdbcEnvironmentInitiator.java:452) ~[hibernate-core-7.2.12.Final.jar:7.2.12.Final]
	at org.hibernate.engine.jdbc.env.internal.JdbcEnvironmentInitiator.getJdbcEnvironment(JdbcEnvironmentInitiator.java:143) ~[hibernate-core-7.2.12.Final.jar:7.2.12.Final]
	at org.hibernate.engine.jdbc.env.internal.JdbcEnvironmentInitiator.initiateService(JdbcEnvironmentInitiator.java:120) ~[hibernate-core-7.2.12.Final.jar:7.2.12.Final]
	at org.hibernate.engine.jdbc.env.internal.JdbcEnvironmentInitiator.initiateService(JdbcEnvironmentInitiator.java:80) ~[hibernate-core-7.2.12.Final.jar:7.2.12.Final]
	at org.hibernate.boot.registry.internal.StandardServiceRegistryImpl.initiateService(StandardServiceRegistryImpl.java:133) ~[hibernate-core-7.2.12.Final.jar:7.2.12.Final]
	at org.hibernate.service.internal.AbstractServiceRegistryImpl.createService(AbstractServiceRegistryImpl.java:260) ~[hibernate-core-7.2.12.Final.jar:7.2.12.Final]
	... 31 common frames omitted

2026-05-14T15:07:23.797-04:00  INFO 31064 --- [ms-usuarios] [main] c.d.msusuarios.MsUsuariosApplication     : Starting MsUsuariosApplication using Java 24.0.2 with PID 31064 (C:\Users\zerze\Downloads\Evaluacion-Parcial-2-Full-Stack-DSY1103-main\Evaluacion-Parcial-2-Full-Stack-DSY1103-main\ms-usuarios\target\classes started by zerze in C:\Users\zerze\Downloads\Evaluacion-Parcial-2-Full-Stack-DSY1103-main\Evaluacion-Parcial-2-Full-Stack-DSY1103-main\ms-usuarios)
2026-05-14T15:07:23.803-04:00 DEBUG 31064 --- [ms-usuarios] [main] c.d.msusuarios.MsUsuariosApplication     : Running with Spring Boot v4.0.6, Spring v7.0.7
2026-05-14T15:07:23.804-04:00  INFO 31064 --- [ms-usuarios] [main] c.d.msusuarios.MsUsuariosApplication     : No active profile set, falling back to 1 default profile: "default"
2026-05-14T15:07:25.404-04:00  INFO 31064 --- [ms-usuarios] [main] .s.d.r.c.RepositoryConfigurationDelegate : Bootstrapping Spring Data JPA repositories in DEFAULT mode.
2026-05-14T15:07:25.506-04:00  INFO 31064 --- [ms-usuarios] [main] .s.d.r.c.RepositoryConfigurationDelegate : Finished Spring Data repository scanning in 85 ms. Found 2 JPA repository interfaces.
2026-05-14T15:07:25.829-04:00  INFO 31064 --- [ms-usuarios] [main] o.s.cloud.context.scope.GenericScope     : BeanFactory id=3ddad5d1-749f-3cce-9d8f-bd0bbd01fb18
2026-05-14T15:07:26.521-04:00  INFO 31064 --- [ms-usuarios] [main] o.s.boot.tomcat.TomcatWebServer          : Tomcat initialized with port 8081 (http)
2026-05-14T15:07:26.573-04:00  INFO 31064 --- [ms-usuarios] [main] o.apache.catalina.core.StandardService   : Starting service [Tomcat]
2026-05-14T15:07:26.574-04:00  INFO 31064 --- [ms-usuarios] [main] o.apache.catalina.core.StandardEngine    : Starting Servlet engine: [Apache Tomcat/11.0.21]
2026-05-14T15:07:26.716-04:00  INFO 31064 --- [ms-usuarios] [main] b.w.c.s.WebApplicationContextInitializer : Root WebApplicationContext: initialization completed in 2836 ms
2026-05-14T15:07:27.045-04:00  INFO 31064 --- [ms-usuarios] [main] org.hibernate.orm.jpa                    : HHH008540: Processing PersistenceUnitInfo [name: default]
2026-05-14T15:07:27.164-04:00  INFO 31064 --- [ms-usuarios] [main] org.hibernate.orm.core                   : HHH000001: Hibernate ORM core version 7.2.12.Final
2026-05-14T15:07:27.999-04:00  INFO 31064 --- [ms-usuarios] [main] o.s.o.j.p.SpringPersistenceUnitInfo      : No LoadTimeWeaver setup: ignoring JPA class transformer
2026-05-14T15:07:28.048-04:00  INFO 31064 --- [ms-usuarios] [main] com.zaxxer.hikari.HikariDataSource       : HikariPool-1 - Starting...
2026-05-14T15:07:28.309-04:00  INFO 31064 --- [ms-usuarios] [main] com.zaxxer.hikari.pool.HikariPool        : HikariPool-1 - Added connection com.mysql.cj.jdbc.ConnectionImpl@556aed22
2026-05-14T15:07:28.313-04:00  INFO 31064 --- [ms-usuarios] [main] com.zaxxer.hikari.HikariDataSource       : HikariPool-1 - Start completed.
2026-05-14T15:07:28.459-04:00  INFO 31064 --- [ms-usuarios] [main] org.hibernate.orm.connections.pooling    : HHH10001005: Database info:
	Database JDBC URL [jdbc:mysql://localhost:3306/db_usuarios?useSSL=false&serverTimezone=America/Santiago&allowPublicKeyRetrieval=true]
	Database driver: MySQL Connector/J
	Database dialect: MySQLDialect
	Database version: 8.4.3
	Default catalog/schema: db_usuarios/undefined
	Autocommit mode: undefined/unknown
	Isolation level: REPEATABLE_READ [default REPEATABLE_READ]
	JDBC fetch size: none
	Pool: DataSourceConnectionProvider
	Minimum pool size: undefined/unknown
	Maximum pool size: undefined/unknown
2026-05-14T15:07:30.095-04:00  INFO 31064 --- [ms-usuarios] [main] org.hibernate.orm.core                   : HHH000489: No JTA platform available (set 'hibernate.transaction.jta.platform' to enable JTA platform integration)
2026-05-14T15:07:31.584-04:00  INFO 31064 --- [ms-usuarios] [main] j.LocalContainerEntityManagerFactoryBean : Initialized JPA EntityManagerFactory for persistence unit 'default'
2026-05-14T15:07:31.730-04:00  INFO 31064 --- [ms-usuarios] [main] o.s.d.j.r.query.QueryEnhancerFactories   : Hibernate is in classpath; If applicable, HQL parser will be used.
2026-05-14T15:07:33.091-04:00  WARN 31064 --- [ms-usuarios] [main] ConfigServletWebServerApplicationContext : Exception encountered during context initialization - cancelling refresh attempt: org.springframework.beans.factory.UnsatisfiedDependencyException: Error creating bean with name 'perfilController': Unsatisfied dependency expressed through field 'perfilService': Error creating bean with name 'perfilService': Unsatisfied dependency expressed through field 'usuarioRepo': Error creating bean with name 'usuarioRepository' defined in com.dsy1103.msusuarios.repository.UsuarioRepository defined in @EnableJpaRepositories declared on DataJpaRepositoriesRegistrar.EnableJpaRepositoriesConfiguration: No property 'usActivo' found for type 'UsuarioModelo'
2026-05-14T15:07:33.094-04:00  INFO 31064 --- [ms-usuarios] [main] j.LocalContainerEntityManagerFactoryBean : Closing JPA EntityManagerFactory for persistence unit 'default'
2026-05-14T15:07:33.098-04:00  INFO 31064 --- [ms-usuarios] [main] com.zaxxer.hikari.HikariDataSource       : HikariPool-1 - Shutdown initiated...
2026-05-14T15:07:33.113-04:00  INFO 31064 --- [ms-usuarios] [main] com.zaxxer.hikari.HikariDataSource       : HikariPool-1 - Shutdown completed.
2026-05-14T15:07:33.117-04:00  INFO 31064 --- [ms-usuarios] [main] o.apache.catalina.core.StandardService   : Stopping service [Tomcat]
2026-05-14T15:07:33.130-04:00  INFO 31064 --- [ms-usuarios] [main] .s.b.a.l.ConditionEvaluationReportLogger : 

Error starting ApplicationContext. To display the condition evaluation report re-run your application with 'debug' enabled.
2026-05-14T15:07:33.151-04:00 ERROR 31064 --- [ms-usuarios] [main] o.s.boot.SpringApplication               : Application run failed

org.springframework.beans.factory.UnsatisfiedDependencyException: Error creating bean with name 'perfilController': Unsatisfied dependency expressed through field 'perfilService': Error creating bean with name 'perfilService': Unsatisfied dependency expressed through field 'usuarioRepo': Error creating bean with name 'usuarioRepository' defined in com.dsy1103.msusuarios.repository.UsuarioRepository defined in @EnableJpaRepositories declared on DataJpaRepositoriesRegistrar.EnableJpaRepositoriesConfiguration: No property 'usActivo' found for type 'UsuarioModelo'
	at org.springframework.beans.factory.annotation.AutowiredAnnotationBeanPostProcessor$AutowiredFieldElement.resolveFieldValue(AutowiredAnnotationBeanPostProcessor.java:767) ~[spring-beans-7.0.7.jar:7.0.7]
	at org.springframework.beans.factory.annotation.AutowiredAnnotationBeanPostProcessor$AutowiredFieldElement.inject(AutowiredAnnotationBeanPostProcessor.java:748) ~[spring-beans-7.0.7.jar:7.0.7]
	at org.springframework.beans.factory.annotation.InjectionMetadata.inject(InjectionMetadata.java:146) ~[spring-beans-7.0.7.jar:7.0.7]
	at org.springframework.beans.factory.annotation.AutowiredAnnotationBeanPostProcessor.postProcessProperties(AutowiredAnnotationBeanPostProcessor.java:493) ~[spring-beans-7.0.7.jar:7.0.7]
	at org.springframework.beans.factory.support.AbstractAutowireCapableBeanFactory.populateBean(AbstractAutowireCapableBeanFactory.java:1446) ~[spring-beans-7.0.7.jar:7.0.7]
	at org.springframework.beans.factory.support.AbstractAutowireCapableBeanFactory.doCreateBean(AbstractAutowireCapableBeanFactory.java:602) ~[spring-beans-7.0.7.jar:7.0.7]
	at org.springframework.beans.factory.support.AbstractAutowireCapableBeanFactory.createBean(AbstractAutowireCapableBeanFactory.java:525) ~[spring-beans-7.0.7.jar:7.0.7]
	at org.springframework.beans.factory.support.AbstractBeanFactory.lambda$doGetBean$0(AbstractBeanFactory.java:333) ~[spring-beans-7.0.7.jar:7.0.7]
	at org.springframework.beans.factory.support.DefaultSingletonBeanRegistry.getSingleton(DefaultSingletonBeanRegistry.java:371) ~[spring-beans-7.0.7.jar:7.0.7]
	at org.springframework.beans.factory.support.AbstractBeanFactory.doGetBean(AbstractBeanFactory.java:331) ~[spring-beans-7.0.7.jar:7.0.7]
	at org.springframework.beans.factory.support.AbstractBeanFactory.getBean(AbstractBeanFactory.java:196) ~[spring-beans-7.0.7.jar:7.0.7]
	at org.springframework.beans.factory.support.DefaultListableBeanFactory.instantiateSingleton(DefaultListableBeanFactory.java:1218) ~[spring-beans-7.0.7.jar:7.0.7]
	at org.springframework.beans.factory.support.DefaultListableBeanFactory.preInstantiateSingleton(DefaultListableBeanFactory.java:1184) ~[spring-beans-7.0.7.jar:7.0.7]
	at org.springframework.beans.factory.support.DefaultListableBeanFactory.preInstantiateSingletons(DefaultListableBeanFactory.java:1121) ~[spring-beans-7.0.7.jar:7.0.7]
	at org.springframework.context.support.AbstractApplicationContext.finishBeanFactoryInitialization(AbstractApplicationContext.java:994) ~[spring-context-7.0.7.jar:7.0.7]
	at org.springframework.context.support.AbstractApplicationContext.refresh(AbstractApplicationContext.java:621) ~[spring-context-7.0.7.jar:7.0.7]
	at org.springframework.boot.web.server.servlet.context.ServletWebServerApplicationContext.refresh(ServletWebServerApplicationContext.java:143) ~[spring-boot-web-server-4.0.6.jar:4.0.6]
	at org.springframework.boot.SpringApplication.refresh(SpringApplication.java:756) ~[spring-boot-4.0.6.jar:4.0.6]
	at org.springframework.boot.SpringApplication.refreshContext(SpringApplication.java:445) ~[spring-boot-4.0.6.jar:4.0.6]
	at org.springframework.boot.SpringApplication.run(SpringApplication.java:321) ~[spring-boot-4.0.6.jar:4.0.6]
	at org.springframework.boot.SpringApplication.run(SpringApplication.java:1365) ~[spring-boot-4.0.6.jar:4.0.6]
	at org.springframework.boot.SpringApplication.run(SpringApplication.java:1354) ~[spring-boot-4.0.6.jar:4.0.6]
	at com.dsy1103.msusuarios.MsUsuariosApplication.main(MsUsuariosApplication.java:10) ~[classes/:na]
Caused by: org.springframework.beans.factory.UnsatisfiedDependencyException: Error creating bean with name 'perfilService': Unsatisfied dependency expressed through field 'usuarioRepo': Error creating bean with name 'usuarioRepository' defined in com.dsy1103.msusuarios.repository.UsuarioRepository defined in @EnableJpaRepositories declared on DataJpaRepositoriesRegistrar.EnableJpaRepositoriesConfiguration: No property 'usActivo' found for type 'UsuarioModelo'
	at org.springframework.beans.factory.annotation.AutowiredAnnotationBeanPostProcessor$AutowiredFieldElement.resolveFieldValue(AutowiredAnnotationBeanPostProcessor.java:767) ~[spring-beans-7.0.7.jar:7.0.7]
	at org.springframework.beans.factory.annotation.AutowiredAnnotationBeanPostProcessor$AutowiredFieldElement.inject(AutowiredAnnotationBeanPostProcessor.java:748) ~[spring-beans-7.0.7.jar:7.0.7]
	at org.springframework.beans.factory.annotation.InjectionMetadata.inject(InjectionMetadata.java:146) ~[spring-beans-7.0.7.jar:7.0.7]
	at org.springframework.beans.factory.annotation.AutowiredAnnotationBeanPostProcessor.postProcessProperties(AutowiredAnnotationBeanPostProcessor.java:493) ~[spring-beans-7.0.7.jar:7.0.7]
	at org.springframework.beans.factory.support.AbstractAutowireCapableBeanFactory.populateBean(AbstractAutowireCapableBeanFactory.java:1446) ~[spring-beans-7.0.7.jar:7.0.7]
	at org.springframework.beans.factory.support.AbstractAutowireCapableBeanFactory.doCreateBean(AbstractAutowireCapableBeanFactory.java:602) ~[spring-beans-7.0.7.jar:7.0.7]
	at org.springframework.beans.factory.support.AbstractAutowireCapableBeanFactory.createBean(AbstractAutowireCapableBeanFactory.java:525) ~[spring-beans-7.0.7.jar:7.0.7]
	at org.springframework.beans.factory.support.AbstractBeanFactory.lambda$doGetBean$0(AbstractBeanFactory.java:333) ~[spring-beans-7.0.7.jar:7.0.7]
	at org.springframework.beans.factory.support.DefaultSingletonBeanRegistry.getSingleton(DefaultSingletonBeanRegistry.java:371) ~[spring-beans-7.0.7.jar:7.0.7]
	at org.springframework.beans.factory.support.AbstractBeanFactory.doGetBean(AbstractBeanFactory.java:331) ~[spring-beans-7.0.7.jar:7.0.7]
	at org.springframework.beans.factory.support.AbstractBeanFactory.getBean(AbstractBeanFactory.java:201) ~[spring-beans-7.0.7.jar:7.0.7]
	at org.springframework.beans.factory.support.DefaultListableBeanFactory.resolveBean(DefaultListableBeanFactory.java:1225) ~[spring-beans-7.0.7.jar:7.0.7]
	at org.springframework.beans.factory.support.DefaultListableBeanFactory.doResolveDependency(DefaultListableBeanFactory.java:1704) ~[spring-beans-7.0.7.jar:7.0.7]
	at org.springframework.beans.factory.support.DefaultListableBeanFactory.resolveDependency(DefaultListableBeanFactory.java:1651) ~[spring-beans-7.0.7.jar:7.0.7]
	at org.springframework.beans.factory.annotation.AutowiredAnnotationBeanPostProcessor$AutowiredFieldElement.resolveFieldValue(AutowiredAnnotationBeanPostProcessor.java:764) ~[spring-beans-7.0.7.jar:7.0.7]
	... 22 common frames omitted
Caused by: org.springframework.beans.factory.BeanCreationException: Error creating bean with name 'usuarioRepository' defined in com.dsy1103.msusuarios.repository.UsuarioRepository defined in @EnableJpaRepositories declared on DataJpaRepositoriesRegistrar.EnableJpaRepositoriesConfiguration: No property 'usActivo' found for type 'UsuarioModelo'
	at org.springframework.beans.factory.support.AbstractAutowireCapableBeanFactory.initializeBean(AbstractAutowireCapableBeanFactory.java:1817) ~[spring-beans-7.0.7.jar:7.0.7]
	at org.springframework.beans.factory.support.AbstractAutowireCapableBeanFactory.doCreateBean(AbstractAutowireCapableBeanFactory.java:603) ~[spring-beans-7.0.7.jar:7.0.7]
	at org.springframework.beans.factory.support.AbstractAutowireCapableBeanFactory.createBean(AbstractAutowireCapableBeanFactory.java:525) ~[spring-beans-7.0.7.jar:7.0.7]
	at org.springframework.beans.factory.support.AbstractBeanFactory.lambda$doGetBean$0(AbstractBeanFactory.java:333) ~[spring-beans-7.0.7.jar:7.0.7]
	at org.springframework.beans.factory.support.DefaultSingletonBeanRegistry.getSingleton(DefaultSingletonBeanRegistry.java:371) ~[spring-beans-7.0.7.jar:7.0.7]
	at org.springframework.beans.factory.support.AbstractBeanFactory.doGetBean(AbstractBeanFactory.java:331) ~[spring-beans-7.0.7.jar:7.0.7]
	at org.springframework.beans.factory.support.AbstractBeanFactory.getBean(AbstractBeanFactory.java:201) ~[spring-beans-7.0.7.jar:7.0.7]
	at org.springframework.beans.factory.config.DependencyDescriptor.resolveCandidate(DependencyDescriptor.java:229) ~[spring-beans-7.0.7.jar:7.0.7]
	at org.springframework.beans.factory.support.DefaultListableBeanFactory.doResolveDependency(DefaultListableBeanFactory.java:1762) ~[spring-beans-7.0.7.jar:7.0.7]
	at org.springframework.beans.factory.support.DefaultListableBeanFactory.resolveDependency(DefaultListableBeanFactory.java:1651) ~[spring-beans-7.0.7.jar:7.0.7]
	at org.springframework.beans.factory.annotation.AutowiredAnnotationBeanPostProcessor$AutowiredFieldElement.resolveFieldValue(AutowiredAnnotationBeanPostProcessor.java:764) ~[spring-beans-7.0.7.jar:7.0.7]
	... 36 common frames omitted
Caused by: org.springframework.data.repository.query.QueryCreationException: Cannot create query for method [UsuarioRepository.findByCorreoUsuarioAndUsActivoTrue(java.lang.String)]; No property 'usActivo' found for type 'UsuarioModelo'
	at org.springframework.data.repository.query.QueryCreationException.create(QueryCreationException.java:109) ~[spring-data-commons-4.0.5.jar:4.0.5]
	at org.springframework.data.jpa.repository.query.PartTreeJpaQuery.<init>(PartTreeJpaQuery.java:114) ~[spring-data-jpa-4.0.5.jar:4.0.5]
	at org.springframework.data.jpa.repository.query.JpaQueryLookupStrategy$CreateQueryLookupStrategy.resolveQuery(JpaQueryLookupStrategy.java:118) ~[spring-data-jpa-4.0.5.jar:4.0.5]
	at org.springframework.data.jpa.repository.query.JpaQueryLookupStrategy$CreateIfNotFoundQueryLookupStrategy.resolveQuery(JpaQueryLookupStrategy.java:291) ~[spring-data-jpa-4.0.5.jar:4.0.5]
	at org.springframework.data.jpa.repository.query.JpaQueryLookupStrategy$AbstractQueryLookupStrategy.resolveQuery(JpaQueryLookupStrategy.java:93) ~[spring-data-jpa-4.0.5.jar:4.0.5]
	at org.springframework.data.repository.core.support.QueryExecutorMethodInterceptor.lookupQuery(QueryExecutorMethodInterceptor.java:114) ~[spring-data-commons-4.0.5.jar:4.0.5]
	at org.springframework.data.repository.core.support.QueryExecutorMethodInterceptor.mapMethodsToQuery(QueryExecutorMethodInterceptor.java:102) ~[spring-data-commons-4.0.5.jar:4.0.5]
	at org.springframework.data.repository.core.support.QueryExecutorMethodInterceptor.<init>(QueryExecutorMethodInterceptor.java:90) ~[spring-data-commons-4.0.5.jar:4.0.5]
	at org.springframework.data.repository.core.support.RepositoryFactorySupport.getRepository(RepositoryFactorySupport.java:413) ~[spring-data-commons-4.0.5.jar:4.0.5]
	at org.springframework.data.repository.core.support.RepositoryFactoryBeanSupport.lambda$afterPropertiesSet$1(RepositoryFactoryBeanSupport.java:361) ~[spring-data-commons-4.0.5.jar:4.0.5]
	at org.springframework.data.util.Lazy.getNullable(Lazy.java:136) ~[spring-data-commons-4.0.5.jar:4.0.5]
	at org.springframework.data.util.Lazy.get(Lazy.java:114) ~[spring-data-commons-4.0.5.jar:4.0.5]
	at org.springframework.data.repository.core.support.RepositoryFactoryBeanSupport.afterPropertiesSet(RepositoryFactoryBeanSupport.java:370) ~[spring-data-commons-4.0.5.jar:4.0.5]
	at org.springframework.data.jpa.repository.support.JpaRepositoryFactoryBean.afterPropertiesSet(JpaRepositoryFactoryBean.java:212) ~[spring-data-jpa-4.0.5.jar:4.0.5]
	at org.springframework.beans.factory.support.AbstractAutowireCapableBeanFactory.invokeInitMethods(AbstractAutowireCapableBeanFactory.java:1864) ~[spring-beans-7.0.7.jar:7.0.7]
	at org.springframework.beans.factory.support.AbstractAutowireCapableBeanFactory.initializeBean(AbstractAutowireCapableBeanFactory.java:1813) ~[spring-beans-7.0.7.jar:7.0.7]
	... 46 common frames omitted
Caused by: org.springframework.data.core.PropertyReferenceException: No property 'usActivo' found for type 'UsuarioModelo'
	at org.springframework.data.core.SimplePropertyPath.<init>(SimplePropertyPath.java:93) ~[spring-data-commons-4.0.5.jar:4.0.5]
	at org.springframework.data.core.SimplePropertyPath.create(SimplePropertyPath.java:360) ~[spring-data-commons-4.0.5.jar:4.0.5]
	at org.springframework.data.core.SimplePropertyPath.create(SimplePropertyPath.java:335) ~[spring-data-commons-4.0.5.jar:4.0.5]
	at org.springframework.data.core.SimplePropertyPath.lambda$from$0(SimplePropertyPath.java:288) ~[spring-data-commons-4.0.5.jar:4.0.5]
	at org.springframework.util.ConcurrentReferenceHashMap$6.execute(ConcurrentReferenceHashMap.java:387) ~[spring-core-7.0.7.jar:7.0.7]
	at org.springframework.util.ConcurrentReferenceHashMap$Segment.doTask(ConcurrentReferenceHashMap.java:681) ~[spring-core-7.0.7.jar:7.0.7]
	at org.springframework.util.ConcurrentReferenceHashMap.doTask(ConcurrentReferenceHashMap.java:565) ~[spring-core-7.0.7.jar:7.0.7]
	at org.springframework.util.ConcurrentReferenceHashMap.computeIfAbsent(ConcurrentReferenceHashMap.java:381) ~[spring-core-7.0.7.jar:7.0.7]
	at org.springframework.data.core.SimplePropertyPath.from(SimplePropertyPath.java:270) ~[spring-data-commons-4.0.5.jar:4.0.5]
	at org.springframework.data.core.PropertyPath.from(PropertyPath.java:210) ~[spring-data-commons-4.0.5.jar:4.0.5]
	at org.springframework.data.core.PropertyPath.from(PropertyPath.java:193) ~[spring-data-commons-4.0.5.jar:4.0.5]
	at org.springframework.data.repository.query.parser.Part.<init>(Part.java:81) ~[spring-data-commons-4.0.5.jar:4.0.5]
	at org.springframework.data.repository.query.parser.PartTree$OrPart.lambda$new$0(PartTree.java:260) ~[spring-data-commons-4.0.5.jar:4.0.5]
	at java.base/java.util.stream.ReferencePipeline$3$1.accept(ReferencePipeline.java:215) ~[na:na]
	at java.base/java.util.stream.ReferencePipeline$2$1.accept(ReferencePipeline.java:197) ~[na:na]
	at java.base/java.util.Spliterators$ArraySpliterator.forEachRemaining(Spliterators.java:1024) ~[na:na]
	at java.base/java.util.stream.AbstractPipeline.copyInto(AbstractPipeline.java:570) ~[na:na]
	at java.base/java.util.stream.AbstractPipeline.wrapAndCopyInto(AbstractPipeline.java:560) ~[na:na]
	at java.base/java.util.stream.ReduceOps$ReduceOp.evaluateSequential(ReduceOps.java:921) ~[na:na]
	at java.base/java.util.stream.AbstractPipeline.evaluate(AbstractPipeline.java:265) ~[na:na]
	at java.base/java.util.stream.ReferencePipeline.collect(ReferencePipeline.java:727) ~[na:na]
	at org.springframework.data.repository.query.parser.PartTree$OrPart.<init>(PartTree.java:261) ~[spring-data-commons-4.0.5.jar:4.0.5]
	at org.springframework.data.repository.query.parser.PartTree$Predicate.lambda$new$0(PartTree.java:390) ~[spring-data-commons-4.0.5.jar:4.0.5]
	at java.base/java.util.stream.ReferencePipeline$3$1.accept(ReferencePipeline.java:215) ~[na:na]
	at java.base/java.util.stream.ReferencePipeline$2$1.accept(ReferencePipeline.java:197) ~[na:na]
	at java.base/java.util.Spliterators$ArraySpliterator.forEachRemaining(Spliterators.java:1024) ~[na:na]
	at java.base/java.util.stream.AbstractPipeline.copyInto(AbstractPipeline.java:570) ~[na:na]
	at java.base/java.util.stream.AbstractPipeline.wrapAndCopyInto(AbstractPipeline.java:560) ~[na:na]
	at java.base/java.util.stream.ReduceOps$ReduceOp.evaluateSequential(ReduceOps.java:921) ~[na:na]
	at java.base/java.util.stream.AbstractPipeline.evaluate(AbstractPipeline.java:265) ~[na:na]
	at java.base/java.util.stream.ReferencePipeline.collect(ReferencePipeline.java:727) ~[na:na]
	at org.springframework.data.repository.query.parser.PartTree$Predicate.<init>(PartTree.java:391) ~[spring-data-commons-4.0.5.jar:4.0.5]
	at org.springframework.data.repository.query.parser.PartTree.<init>(PartTree.java:104) ~[spring-data-commons-4.0.5.jar:4.0.5]
	at org.springframework.data.jpa.repository.query.PartTreeJpaQuery.<init>(PartTreeJpaQuery.java:108) ~[spring-data-jpa-4.0.5.jar:4.0.5]
	... 60 common frames omitted

2026-05-14T15:08:47.434-04:00  INFO 29044 --- [ms-usuarios] [main] c.d.msusuarios.MsUsuariosApplication     : Starting MsUsuariosApplication using Java 24.0.2 with PID 29044 (C:\Users\zerze\Downloads\Evaluacion-Parcial-2-Full-Stack-DSY1103-main\Evaluacion-Parcial-2-Full-Stack-DSY1103-main\ms-usuarios\target\classes started by zerze in C:\Users\zerze\Downloads\Evaluacion-Parcial-2-Full-Stack-DSY1103-main\Evaluacion-Parcial-2-Full-Stack-DSY1103-main\ms-usuarios)
2026-05-14T15:08:47.438-04:00 DEBUG 29044 --- [ms-usuarios] [main] c.d.msusuarios.MsUsuariosApplication     : Running with Spring Boot v4.0.6, Spring v7.0.7
2026-05-14T15:08:47.439-04:00  INFO 29044 --- [ms-usuarios] [main] c.d.msusuarios.MsUsuariosApplication     : No active profile set, falling back to 1 default profile: "default"
2026-05-14T15:08:49.103-04:00  INFO 29044 --- [ms-usuarios] [main] .s.d.r.c.RepositoryConfigurationDelegate : Bootstrapping Spring Data JPA repositories in DEFAULT mode.
2026-05-14T15:08:49.225-04:00  INFO 29044 --- [ms-usuarios] [main] .s.d.r.c.RepositoryConfigurationDelegate : Finished Spring Data repository scanning in 87 ms. Found 2 JPA repository interfaces.
2026-05-14T15:08:49.546-04:00  INFO 29044 --- [ms-usuarios] [main] o.s.cloud.context.scope.GenericScope     : BeanFactory id=3ddad5d1-749f-3cce-9d8f-bd0bbd01fb18
2026-05-14T15:08:50.394-04:00  INFO 29044 --- [ms-usuarios] [main] o.s.boot.tomcat.TomcatWebServer          : Tomcat initialized with port 8089 (http)
2026-05-14T15:08:50.422-04:00  INFO 29044 --- [ms-usuarios] [main] o.apache.catalina.core.StandardService   : Starting service [Tomcat]
2026-05-14T15:08:50.422-04:00  INFO 29044 --- [ms-usuarios] [main] o.apache.catalina.core.StandardEngine    : Starting Servlet engine: [Apache Tomcat/11.0.21]
2026-05-14T15:08:50.514-04:00  INFO 29044 --- [ms-usuarios] [main] b.w.c.s.WebApplicationContextInitializer : Root WebApplicationContext: initialization completed in 2960 ms
2026-05-14T15:08:50.933-04:00  INFO 29044 --- [ms-usuarios] [main] org.hibernate.orm.jpa                    : HHH008540: Processing PersistenceUnitInfo [name: default]
2026-05-14T15:08:51.027-04:00  INFO 29044 --- [ms-usuarios] [main] org.hibernate.orm.core                   : HHH000001: Hibernate ORM core version 7.2.12.Final
2026-05-14T15:08:51.773-04:00  INFO 29044 --- [ms-usuarios] [main] o.s.o.j.p.SpringPersistenceUnitInfo      : No LoadTimeWeaver setup: ignoring JPA class transformer
2026-05-14T15:08:51.812-04:00  INFO 29044 --- [ms-usuarios] [main] com.zaxxer.hikari.HikariDataSource       : HikariPool-1 - Starting...
2026-05-14T15:08:52.067-04:00  INFO 29044 --- [ms-usuarios] [main] com.zaxxer.hikari.pool.HikariPool        : HikariPool-1 - Added connection com.mysql.cj.jdbc.ConnectionImpl@556aed22
2026-05-14T15:08:52.070-04:00  INFO 29044 --- [ms-usuarios] [main] com.zaxxer.hikari.HikariDataSource       : HikariPool-1 - Start completed.
2026-05-14T15:08:52.180-04:00  INFO 29044 --- [ms-usuarios] [main] org.hibernate.orm.connections.pooling    : HHH10001005: Database info:
	Database JDBC URL [jdbc:mysql://localhost:3306/db_usuarios?useSSL=false&serverTimezone=America/Santiago&allowPublicKeyRetrieval=true]
	Database driver: MySQL Connector/J
	Database dialect: MySQLDialect
	Database version: 8.4.3
	Default catalog/schema: db_usuarios/undefined
	Autocommit mode: undefined/unknown
	Isolation level: REPEATABLE_READ [default REPEATABLE_READ]
	JDBC fetch size: none
	Pool: DataSourceConnectionProvider
	Minimum pool size: undefined/unknown
	Maximum pool size: undefined/unknown
2026-05-14T15:08:53.612-04:00  INFO 29044 --- [ms-usuarios] [main] org.hibernate.orm.core                   : HHH000489: No JTA platform available (set 'hibernate.transaction.jta.platform' to enable JTA platform integration)
2026-05-14T15:08:53.778-04:00  INFO 29044 --- [ms-usuarios] [main] j.LocalContainerEntityManagerFactoryBean : Initialized JPA EntityManagerFactory for persistence unit 'default'
2026-05-14T15:08:53.937-04:00  INFO 29044 --- [ms-usuarios] [main] o.s.d.j.r.query.QueryEnhancerFactories   : Hibernate is in classpath; If applicable, HQL parser will be used.
2026-05-14T15:08:54.986-04:00  WARN 29044 --- [ms-usuarios] [main] ConfigServletWebServerApplicationContext : Exception encountered during context initialization - cancelling refresh attempt: org.springframework.beans.factory.UnsatisfiedDependencyException: Error creating bean with name 'perfilController': Unsatisfied dependency expressed through field 'perfilService': Error creating bean with name 'perfilService': Unsatisfied dependency expressed through field 'usuarioRepo': Error creating bean with name 'usuarioRepository' defined in com.dsy1103.msusuarios.repository.UsuarioRepository defined in @EnableJpaRepositories declared on DataJpaRepositoriesRegistrar.EnableJpaRepositoriesConfiguration: No property 'usActivo' found for type 'UsuarioModelo'
2026-05-14T15:08:54.988-04:00  INFO 29044 --- [ms-usuarios] [main] j.LocalContainerEntityManagerFactoryBean : Closing JPA EntityManagerFactory for persistence unit 'default'
2026-05-14T15:08:54.992-04:00  INFO 29044 --- [ms-usuarios] [main] com.zaxxer.hikari.HikariDataSource       : HikariPool-1 - Shutdown initiated...
2026-05-14T15:08:55.003-04:00  INFO 29044 --- [ms-usuarios] [main] com.zaxxer.hikari.HikariDataSource       : HikariPool-1 - Shutdown completed.
2026-05-14T15:08:55.019-04:00  INFO 29044 --- [ms-usuarios] [main] o.apache.catalina.core.StandardService   : Stopping service [Tomcat]
2026-05-14T15:08:55.031-04:00  INFO 29044 --- [ms-usuarios] [main] .s.b.a.l.ConditionEvaluationReportLogger : 

Error starting ApplicationContext. To display the condition evaluation report re-run your application with 'debug' enabled.
2026-05-14T15:08:55.057-04:00 ERROR 29044 --- [ms-usuarios] [main] o.s.boot.SpringApplication               : Application run failed

org.springframework.beans.factory.UnsatisfiedDependencyException: Error creating bean with name 'perfilController': Unsatisfied dependency expressed through field 'perfilService': Error creating bean with name 'perfilService': Unsatisfied dependency expressed through field 'usuarioRepo': Error creating bean with name 'usuarioRepository' defined in com.dsy1103.msusuarios.repository.UsuarioRepository defined in @EnableJpaRepositories declared on DataJpaRepositoriesRegistrar.EnableJpaRepositoriesConfiguration: No property 'usActivo' found for type 'UsuarioModelo'
	at org.springframework.beans.factory.annotation.AutowiredAnnotationBeanPostProcessor$AutowiredFieldElement.resolveFieldValue(AutowiredAnnotationBeanPostProcessor.java:767) ~[spring-beans-7.0.7.jar:7.0.7]
	at org.springframework.beans.factory.annotation.AutowiredAnnotationBeanPostProcessor$AutowiredFieldElement.inject(AutowiredAnnotationBeanPostProcessor.java:748) ~[spring-beans-7.0.7.jar:7.0.7]
	at org.springframework.beans.factory.annotation.InjectionMetadata.inject(InjectionMetadata.java:146) ~[spring-beans-7.0.7.jar:7.0.7]
	at org.springframework.beans.factory.annotation.AutowiredAnnotationBeanPostProcessor.postProcessProperties(AutowiredAnnotationBeanPostProcessor.java:493) ~[spring-beans-7.0.7.jar:7.0.7]
	at org.springframework.beans.factory.support.AbstractAutowireCapableBeanFactory.populateBean(AbstractAutowireCapableBeanFactory.java:1446) ~[spring-beans-7.0.7.jar:7.0.7]
	at org.springframework.beans.factory.support.AbstractAutowireCapableBeanFactory.doCreateBean(AbstractAutowireCapableBeanFactory.java:602) ~[spring-beans-7.0.7.jar:7.0.7]
	at org.springframework.beans.factory.support.AbstractAutowireCapableBeanFactory.createBean(AbstractAutowireCapableBeanFactory.java:525) ~[spring-beans-7.0.7.jar:7.0.7]
	at org.springframework.beans.factory.support.AbstractBeanFactory.lambda$doGetBean$0(AbstractBeanFactory.java:333) ~[spring-beans-7.0.7.jar:7.0.7]
	at org.springframework.beans.factory.support.DefaultSingletonBeanRegistry.getSingleton(DefaultSingletonBeanRegistry.java:371) ~[spring-beans-7.0.7.jar:7.0.7]
	at org.springframework.beans.factory.support.AbstractBeanFactory.doGetBean(AbstractBeanFactory.java:331) ~[spring-beans-7.0.7.jar:7.0.7]
	at org.springframework.beans.factory.support.AbstractBeanFactory.getBean(AbstractBeanFactory.java:196) ~[spring-beans-7.0.7.jar:7.0.7]
	at org.springframework.beans.factory.support.DefaultListableBeanFactory.instantiateSingleton(DefaultListableBeanFactory.java:1218) ~[spring-beans-7.0.7.jar:7.0.7]
	at org.springframework.beans.factory.support.DefaultListableBeanFactory.preInstantiateSingleton(DefaultListableBeanFactory.java:1184) ~[spring-beans-7.0.7.jar:7.0.7]
	at org.springframework.beans.factory.support.DefaultListableBeanFactory.preInstantiateSingletons(DefaultListableBeanFactory.java:1121) ~[spring-beans-7.0.7.jar:7.0.7]
	at org.springframework.context.support.AbstractApplicationContext.finishBeanFactoryInitialization(AbstractApplicationContext.java:994) ~[spring-context-7.0.7.jar:7.0.7]
	at org.springframework.context.support.AbstractApplicationContext.refresh(AbstractApplicationContext.java:621) ~[spring-context-7.0.7.jar:7.0.7]
	at org.springframework.boot.web.server.servlet.context.ServletWebServerApplicationContext.refresh(ServletWebServerApplicationContext.java:143) ~[spring-boot-web-server-4.0.6.jar:4.0.6]
	at org.springframework.boot.SpringApplication.refresh(SpringApplication.java:756) ~[spring-boot-4.0.6.jar:4.0.6]
	at org.springframework.boot.SpringApplication.refreshContext(SpringApplication.java:445) ~[spring-boot-4.0.6.jar:4.0.6]
	at org.springframework.boot.SpringApplication.run(SpringApplication.java:321) ~[spring-boot-4.0.6.jar:4.0.6]
	at org.springframework.boot.SpringApplication.run(SpringApplication.java:1365) ~[spring-boot-4.0.6.jar:4.0.6]
	at org.springframework.boot.SpringApplication.run(SpringApplication.java:1354) ~[spring-boot-4.0.6.jar:4.0.6]
	at com.dsy1103.msusuarios.MsUsuariosApplication.main(MsUsuariosApplication.java:10) ~[classes/:na]
Caused by: org.springframework.beans.factory.UnsatisfiedDependencyException: Error creating bean with name 'perfilService': Unsatisfied dependency expressed through field 'usuarioRepo': Error creating bean with name 'usuarioRepository' defined in com.dsy1103.msusuarios.repository.UsuarioRepository defined in @EnableJpaRepositories declared on DataJpaRepositoriesRegistrar.EnableJpaRepositoriesConfiguration: No property 'usActivo' found for type 'UsuarioModelo'
	at org.springframework.beans.factory.annotation.AutowiredAnnotationBeanPostProcessor$AutowiredFieldElement.resolveFieldValue(AutowiredAnnotationBeanPostProcessor.java:767) ~[spring-beans-7.0.7.jar:7.0.7]
	at org.springframework.beans.factory.annotation.AutowiredAnnotationBeanPostProcessor$AutowiredFieldElement.inject(AutowiredAnnotationBeanPostProcessor.java:748) ~[spring-beans-7.0.7.jar:7.0.7]
	at org.springframework.beans.factory.annotation.InjectionMetadata.inject(InjectionMetadata.java:146) ~[spring-beans-7.0.7.jar:7.0.7]
	at org.springframework.beans.factory.annotation.AutowiredAnnotationBeanPostProcessor.postProcessProperties(AutowiredAnnotationBeanPostProcessor.java:493) ~[spring-beans-7.0.7.jar:7.0.7]
	at org.springframework.beans.factory.support.AbstractAutowireCapableBeanFactory.populateBean(AbstractAutowireCapableBeanFactory.java:1446) ~[spring-beans-7.0.7.jar:7.0.7]
	at org.springframework.beans.factory.support.AbstractAutowireCapableBeanFactory.doCreateBean(AbstractAutowireCapableBeanFactory.java:602) ~[spring-beans-7.0.7.jar:7.0.7]
	at org.springframework.beans.factory.support.AbstractAutowireCapableBeanFactory.createBean(AbstractAutowireCapableBeanFactory.java:525) ~[spring-beans-7.0.7.jar:7.0.7]
	at org.springframework.beans.factory.support.AbstractBeanFactory.lambda$doGetBean$0(AbstractBeanFactory.java:333) ~[spring-beans-7.0.7.jar:7.0.7]
	at org.springframework.beans.factory.support.DefaultSingletonBeanRegistry.getSingleton(DefaultSingletonBeanRegistry.java:371) ~[spring-beans-7.0.7.jar:7.0.7]
	at org.springframework.beans.factory.support.AbstractBeanFactory.doGetBean(AbstractBeanFactory.java:331) ~[spring-beans-7.0.7.jar:7.0.7]
	at org.springframework.beans.factory.support.AbstractBeanFactory.getBean(AbstractBeanFactory.java:201) ~[spring-beans-7.0.7.jar:7.0.7]
	at org.springframework.beans.factory.support.DefaultListableBeanFactory.resolveBean(DefaultListableBeanFactory.java:1225) ~[spring-beans-7.0.7.jar:7.0.7]
	at org.springframework.beans.factory.support.DefaultListableBeanFactory.doResolveDependency(DefaultListableBeanFactory.java:1704) ~[spring-beans-7.0.7.jar:7.0.7]
	at org.springframework.beans.factory.support.DefaultListableBeanFactory.resolveDependency(DefaultListableBeanFactory.java:1651) ~[spring-beans-7.0.7.jar:7.0.7]
	at org.springframework.beans.factory.annotation.AutowiredAnnotationBeanPostProcessor$AutowiredFieldElement.resolveFieldValue(AutowiredAnnotationBeanPostProcessor.java:764) ~[spring-beans-7.0.7.jar:7.0.7]
	... 22 common frames omitted
Caused by: org.springframework.beans.factory.BeanCreationException: Error creating bean with name 'usuarioRepository' defined in com.dsy1103.msusuarios.repository.UsuarioRepository defined in @EnableJpaRepositories declared on DataJpaRepositoriesRegistrar.EnableJpaRepositoriesConfiguration: No property 'usActivo' found for type 'UsuarioModelo'
	at org.springframework.beans.factory.support.AbstractAutowireCapableBeanFactory.initializeBean(AbstractAutowireCapableBeanFactory.java:1817) ~[spring-beans-7.0.7.jar:7.0.7]
	at org.springframework.beans.factory.support.AbstractAutowireCapableBeanFactory.doCreateBean(AbstractAutowireCapableBeanFactory.java:603) ~[spring-beans-7.0.7.jar:7.0.7]
	at org.springframework.beans.factory.support.AbstractAutowireCapableBeanFactory.createBean(AbstractAutowireCapableBeanFactory.java:525) ~[spring-beans-7.0.7.jar:7.0.7]
	at org.springframework.beans.factory.support.AbstractBeanFactory.lambda$doGetBean$0(AbstractBeanFactory.java:333) ~[spring-beans-7.0.7.jar:7.0.7]
	at org.springframework.beans.factory.support.DefaultSingletonBeanRegistry.getSingleton(DefaultSingletonBeanRegistry.java:371) ~[spring-beans-7.0.7.jar:7.0.7]
	at org.springframework.beans.factory.support.AbstractBeanFactory.doGetBean(AbstractBeanFactory.java:331) ~[spring-beans-7.0.7.jar:7.0.7]
	at org.springframework.beans.factory.support.AbstractBeanFactory.getBean(AbstractBeanFactory.java:201) ~[spring-beans-7.0.7.jar:7.0.7]
	at org.springframework.beans.factory.config.DependencyDescriptor.resolveCandidate(DependencyDescriptor.java:229) ~[spring-beans-7.0.7.jar:7.0.7]
	at org.springframework.beans.factory.support.DefaultListableBeanFactory.doResolveDependency(DefaultListableBeanFactory.java:1762) ~[spring-beans-7.0.7.jar:7.0.7]
	at org.springframework.beans.factory.support.DefaultListableBeanFactory.resolveDependency(DefaultListableBeanFactory.java:1651) ~[spring-beans-7.0.7.jar:7.0.7]
	at org.springframework.beans.factory.annotation.AutowiredAnnotationBeanPostProcessor$AutowiredFieldElement.resolveFieldValue(AutowiredAnnotationBeanPostProcessor.java:764) ~[spring-beans-7.0.7.jar:7.0.7]
	... 36 common frames omitted
Caused by: org.springframework.data.repository.query.QueryCreationException: Cannot create query for method [UsuarioRepository.findByCorreoUsuarioAndUsActivoTrue(java.lang.String)]; No property 'usActivo' found for type 'UsuarioModelo'
	at org.springframework.data.repository.query.QueryCreationException.create(QueryCreationException.java:109) ~[spring-data-commons-4.0.5.jar:4.0.5]
	at org.springframework.data.jpa.repository.query.PartTreeJpaQuery.<init>(PartTreeJpaQuery.java:114) ~[spring-data-jpa-4.0.5.jar:4.0.5]
	at org.springframework.data.jpa.repository.query.JpaQueryLookupStrategy$CreateQueryLookupStrategy.resolveQuery(JpaQueryLookupStrategy.java:118) ~[spring-data-jpa-4.0.5.jar:4.0.5]
	at org.springframework.data.jpa.repository.query.JpaQueryLookupStrategy$CreateIfNotFoundQueryLookupStrategy.resolveQuery(JpaQueryLookupStrategy.java:291) ~[spring-data-jpa-4.0.5.jar:4.0.5]
	at org.springframework.data.jpa.repository.query.JpaQueryLookupStrategy$AbstractQueryLookupStrategy.resolveQuery(JpaQueryLookupStrategy.java:93) ~[spring-data-jpa-4.0.5.jar:4.0.5]
	at org.springframework.data.repository.core.support.QueryExecutorMethodInterceptor.lookupQuery(QueryExecutorMethodInterceptor.java:114) ~[spring-data-commons-4.0.5.jar:4.0.5]
	at org.springframework.data.repository.core.support.QueryExecutorMethodInterceptor.mapMethodsToQuery(QueryExecutorMethodInterceptor.java:102) ~[spring-data-commons-4.0.5.jar:4.0.5]
	at org.springframework.data.repository.core.support.QueryExecutorMethodInterceptor.<init>(QueryExecutorMethodInterceptor.java:90) ~[spring-data-commons-4.0.5.jar:4.0.5]
	at org.springframework.data.repository.core.support.RepositoryFactorySupport.getRepository(RepositoryFactorySupport.java:413) ~[spring-data-commons-4.0.5.jar:4.0.5]
	at org.springframework.data.repository.core.support.RepositoryFactoryBeanSupport.lambda$afterPropertiesSet$1(RepositoryFactoryBeanSupport.java:361) ~[spring-data-commons-4.0.5.jar:4.0.5]
	at org.springframework.data.util.Lazy.getNullable(Lazy.java:136) ~[spring-data-commons-4.0.5.jar:4.0.5]
	at org.springframework.data.util.Lazy.get(Lazy.java:114) ~[spring-data-commons-4.0.5.jar:4.0.5]
	at org.springframework.data.repository.core.support.RepositoryFactoryBeanSupport.afterPropertiesSet(RepositoryFactoryBeanSupport.java:370) ~[spring-data-commons-4.0.5.jar:4.0.5]
	at org.springframework.data.jpa.repository.support.JpaRepositoryFactoryBean.afterPropertiesSet(JpaRepositoryFactoryBean.java:212) ~[spring-data-jpa-4.0.5.jar:4.0.5]
	at org.springframework.beans.factory.support.AbstractAutowireCapableBeanFactory.invokeInitMethods(AbstractAutowireCapableBeanFactory.java:1864) ~[spring-beans-7.0.7.jar:7.0.7]
	at org.springframework.beans.factory.support.AbstractAutowireCapableBeanFactory.initializeBean(AbstractAutowireCapableBeanFactory.java:1813) ~[spring-beans-7.0.7.jar:7.0.7]
	... 46 common frames omitted
Caused by: org.springframework.data.core.PropertyReferenceException: No property 'usActivo' found for type 'UsuarioModelo'
	at org.springframework.data.core.SimplePropertyPath.<init>(SimplePropertyPath.java:93) ~[spring-data-commons-4.0.5.jar:4.0.5]
	at org.springframework.data.core.SimplePropertyPath.create(SimplePropertyPath.java:360) ~[spring-data-commons-4.0.5.jar:4.0.5]
	at org.springframework.data.core.SimplePropertyPath.create(SimplePropertyPath.java:335) ~[spring-data-commons-4.0.5.jar:4.0.5]
	at org.springframework.data.core.SimplePropertyPath.lambda$from$0(SimplePropertyPath.java:288) ~[spring-data-commons-4.0.5.jar:4.0.5]
	at org.springframework.util.ConcurrentReferenceHashMap$6.execute(ConcurrentReferenceHashMap.java:387) ~[spring-core-7.0.7.jar:7.0.7]
	at org.springframework.util.ConcurrentReferenceHashMap$Segment.doTask(ConcurrentReferenceHashMap.java:681) ~[spring-core-7.0.7.jar:7.0.7]
	at org.springframework.util.ConcurrentReferenceHashMap.doTask(ConcurrentReferenceHashMap.java:565) ~[spring-core-7.0.7.jar:7.0.7]
	at org.springframework.util.ConcurrentReferenceHashMap.computeIfAbsent(ConcurrentReferenceHashMap.java:381) ~[spring-core-7.0.7.jar:7.0.7]
	at org.springframework.data.core.SimplePropertyPath.from(SimplePropertyPath.java:270) ~[spring-data-commons-4.0.5.jar:4.0.5]
	at org.springframework.data.core.PropertyPath.from(PropertyPath.java:210) ~[spring-data-commons-4.0.5.jar:4.0.5]
	at org.springframework.data.core.PropertyPath.from(PropertyPath.java:193) ~[spring-data-commons-4.0.5.jar:4.0.5]
	at org.springframework.data.repository.query.parser.Part.<init>(Part.java:81) ~[spring-data-commons-4.0.5.jar:4.0.5]
	at org.springframework.data.repository.query.parser.PartTree$OrPart.lambda$new$0(PartTree.java:260) ~[spring-data-commons-4.0.5.jar:4.0.5]
	at java.base/java.util.stream.ReferencePipeline$3$1.accept(ReferencePipeline.java:215) ~[na:na]
	at java.base/java.util.stream.ReferencePipeline$2$1.accept(ReferencePipeline.java:197) ~[na:na]
	at java.base/java.util.Spliterators$ArraySpliterator.forEachRemaining(Spliterators.java:1024) ~[na:na]
	at java.base/java.util.stream.AbstractPipeline.copyInto(AbstractPipeline.java:570) ~[na:na]
	at java.base/java.util.stream.AbstractPipeline.wrapAndCopyInto(AbstractPipeline.java:560) ~[na:na]
	at java.base/java.util.stream.ReduceOps$ReduceOp.evaluateSequential(ReduceOps.java:921) ~[na:na]
	at java.base/java.util.stream.AbstractPipeline.evaluate(AbstractPipeline.java:265) ~[na:na]
	at java.base/java.util.stream.ReferencePipeline.collect(ReferencePipeline.java:727) ~[na:na]
	at org.springframework.data.repository.query.parser.PartTree$OrPart.<init>(PartTree.java:261) ~[spring-data-commons-4.0.5.jar:4.0.5]
	at org.springframework.data.repository.query.parser.PartTree$Predicate.lambda$new$0(PartTree.java:390) ~[spring-data-commons-4.0.5.jar:4.0.5]
	at java.base/java.util.stream.ReferencePipeline$3$1.accept(ReferencePipeline.java:215) ~[na:na]
	at java.base/java.util.stream.ReferencePipeline$2$1.accept(ReferencePipeline.java:197) ~[na:na]
	at java.base/java.util.Spliterators$ArraySpliterator.forEachRemaining(Spliterators.java:1024) ~[na:na]
	at java.base/java.util.stream.AbstractPipeline.copyInto(AbstractPipeline.java:570) ~[na:na]
	at java.base/java.util.stream.AbstractPipeline.wrapAndCopyInto(AbstractPipeline.java:560) ~[na:na]
	at java.base/java.util.stream.ReduceOps$ReduceOp.evaluateSequential(ReduceOps.java:921) ~[na:na]
	at java.base/java.util.stream.AbstractPipeline.evaluate(AbstractPipeline.java:265) ~[na:na]
	at java.base/java.util.stream.ReferencePipeline.collect(ReferencePipeline.java:727) ~[na:na]
	at org.springframework.data.repository.query.parser.PartTree$Predicate.<init>(PartTree.java:391) ~[spring-data-commons-4.0.5.jar:4.0.5]
	at org.springframework.data.repository.query.parser.PartTree.<init>(PartTree.java:104) ~[spring-data-commons-4.0.5.jar:4.0.5]
	at org.springframework.data.jpa.repository.query.PartTreeJpaQuery.<init>(PartTreeJpaQuery.java:108) ~[spring-data-jpa-4.0.5.jar:4.0.5]
	... 60 common frames omitted

2026-05-14T15:09:19.628-04:00  INFO 10712 --- [ms-usuarios] [main] c.d.msusuarios.MsUsuariosApplication     : Starting MsUsuariosApplication using Java 24.0.2 with PID 10712 (C:\Users\zerze\Downloads\Evaluacion-Parcial-2-Full-Stack-DSY1103-main\Evaluacion-Parcial-2-Full-Stack-DSY1103-main\ms-usuarios\target\classes started by zerze in C:\Users\zerze\Downloads\Evaluacion-Parcial-2-Full-Stack-DSY1103-main\Evaluacion-Parcial-2-Full-Stack-DSY1103-main\ms-usuarios)
2026-05-14T15:09:19.634-04:00 DEBUG 10712 --- [ms-usuarios] [main] c.d.msusuarios.MsUsuariosApplication     : Running with Spring Boot v4.0.6, Spring v7.0.7
2026-05-14T15:09:19.636-04:00  INFO 10712 --- [ms-usuarios] [main] c.d.msusuarios.MsUsuariosApplication     : No active profile set, falling back to 1 default profile: "default"
2026-05-14T15:09:21.550-04:00  INFO 10712 --- [ms-usuarios] [main] .s.d.r.c.RepositoryConfigurationDelegate : Bootstrapping Spring Data JPA repositories in DEFAULT mode.
2026-05-14T15:09:21.673-04:00  INFO 10712 --- [ms-usuarios] [main] .s.d.r.c.RepositoryConfigurationDelegate : Finished Spring Data repository scanning in 104 ms. Found 2 JPA repository interfaces.
2026-05-14T15:09:22.265-04:00  INFO 10712 --- [ms-usuarios] [main] o.s.cloud.context.scope.GenericScope     : BeanFactory id=3ddad5d1-749f-3cce-9d8f-bd0bbd01fb18
2026-05-14T15:09:23.131-04:00  INFO 10712 --- [ms-usuarios] [main] o.s.boot.tomcat.TomcatWebServer          : Tomcat initialized with port 8090 (http)
2026-05-14T15:09:23.164-04:00  INFO 10712 --- [ms-usuarios] [main] o.apache.catalina.core.StandardService   : Starting service [Tomcat]
2026-05-14T15:09:23.166-04:00  INFO 10712 --- [ms-usuarios] [main] o.apache.catalina.core.StandardEngine    : Starting Servlet engine: [Apache Tomcat/11.0.21]
2026-05-14T15:09:23.281-04:00  INFO 10712 --- [ms-usuarios] [main] b.w.c.s.WebApplicationContextInitializer : Root WebApplicationContext: initialization completed in 3532 ms
2026-05-14T15:09:23.673-04:00  INFO 10712 --- [ms-usuarios] [main] org.hibernate.orm.jpa                    : HHH008540: Processing PersistenceUnitInfo [name: default]
2026-05-14T15:09:23.864-04:00  INFO 10712 --- [ms-usuarios] [main] org.hibernate.orm.core                   : HHH000001: Hibernate ORM core version 7.2.12.Final
2026-05-14T15:09:24.908-04:00  INFO 10712 --- [ms-usuarios] [main] o.s.o.j.p.SpringPersistenceUnitInfo      : No LoadTimeWeaver setup: ignoring JPA class transformer
2026-05-14T15:09:24.959-04:00  INFO 10712 --- [ms-usuarios] [main] com.zaxxer.hikari.HikariDataSource       : HikariPool-1 - Starting...
2026-05-14T15:09:25.259-04:00  INFO 10712 --- [ms-usuarios] [main] com.zaxxer.hikari.pool.HikariPool        : HikariPool-1 - Added connection com.mysql.cj.jdbc.ConnectionImpl@13f36d75
2026-05-14T15:09:25.263-04:00  INFO 10712 --- [ms-usuarios] [main] com.zaxxer.hikari.HikariDataSource       : HikariPool-1 - Start completed.
2026-05-14T15:09:25.396-04:00  INFO 10712 --- [ms-usuarios] [main] org.hibernate.orm.connections.pooling    : HHH10001005: Database info:
	Database JDBC URL [jdbc:mysql://localhost:3306/db_usuarios?useSSL=false&serverTimezone=America/Santiago&allowPublicKeyRetrieval=true]
	Database driver: MySQL Connector/J
	Database dialect: MySQLDialect
	Database version: 8.4.3
	Default catalog/schema: db_usuarios/undefined
	Autocommit mode: undefined/unknown
	Isolation level: REPEATABLE_READ [default REPEATABLE_READ]
	JDBC fetch size: none
	Pool: DataSourceConnectionProvider
	Minimum pool size: undefined/unknown
	Maximum pool size: undefined/unknown
2026-05-14T15:09:26.952-04:00  INFO 10712 --- [ms-usuarios] [main] org.hibernate.orm.core                   : HHH000489: No JTA platform available (set 'hibernate.transaction.jta.platform' to enable JTA platform integration)
2026-05-14T15:09:27.124-04:00  INFO 10712 --- [ms-usuarios] [main] j.LocalContainerEntityManagerFactoryBean : Initialized JPA EntityManagerFactory for persistence unit 'default'
2026-05-14T15:09:27.324-04:00  INFO 10712 --- [ms-usuarios] [main] o.s.d.j.r.query.QueryEnhancerFactories   : Hibernate is in classpath; If applicable, HQL parser will be used.
2026-05-14T15:09:28.529-04:00  WARN 10712 --- [ms-usuarios] [main] ConfigServletWebServerApplicationContext : Exception encountered during context initialization - cancelling refresh attempt: org.springframework.beans.factory.UnsatisfiedDependencyException: Error creating bean with name 'perfilController': Unsatisfied dependency expressed through field 'perfilService': Error creating bean with name 'perfilService': Unsatisfied dependency expressed through field 'usuarioRepo': Error creating bean with name 'usuarioRepository' defined in com.dsy1103.msusuarios.repository.UsuarioRepository defined in @EnableJpaRepositories declared on DataJpaRepositoriesRegistrar.EnableJpaRepositoriesConfiguration: No property 'usActivo' found for type 'UsuarioModelo'
2026-05-14T15:09:28.529-04:00  INFO 10712 --- [ms-usuarios] [main] j.LocalContainerEntityManagerFactoryBean : Closing JPA EntityManagerFactory for persistence unit 'default'
2026-05-14T15:09:28.536-04:00  INFO 10712 --- [ms-usuarios] [main] com.zaxxer.hikari.HikariDataSource       : HikariPool-1 - Shutdown initiated...
2026-05-14T15:09:28.548-04:00  INFO 10712 --- [ms-usuarios] [main] com.zaxxer.hikari.HikariDataSource       : HikariPool-1 - Shutdown completed.
2026-05-14T15:09:28.554-04:00  INFO 10712 --- [ms-usuarios] [main] o.apache.catalina.core.StandardService   : Stopping service [Tomcat]
2026-05-14T15:09:28.571-04:00  INFO 10712 --- [ms-usuarios] [main] .s.b.a.l.ConditionEvaluationReportLogger : 

Error starting ApplicationContext. To display the condition evaluation report re-run your application with 'debug' enabled.
2026-05-14T15:09:28.596-04:00 ERROR 10712 --- [ms-usuarios] [main] o.s.boot.SpringApplication               : Application run failed

org.springframework.beans.factory.UnsatisfiedDependencyException: Error creating bean with name 'perfilController': Unsatisfied dependency expressed through field 'perfilService': Error creating bean with name 'perfilService': Unsatisfied dependency expressed through field 'usuarioRepo': Error creating bean with name 'usuarioRepository' defined in com.dsy1103.msusuarios.repository.UsuarioRepository defined in @EnableJpaRepositories declared on DataJpaRepositoriesRegistrar.EnableJpaRepositoriesConfiguration: No property 'usActivo' found for type 'UsuarioModelo'
	at org.springframework.beans.factory.annotation.AutowiredAnnotationBeanPostProcessor$AutowiredFieldElement.resolveFieldValue(AutowiredAnnotationBeanPostProcessor.java:767) ~[spring-beans-7.0.7.jar:7.0.7]
	at org.springframework.beans.factory.annotation.AutowiredAnnotationBeanPostProcessor$AutowiredFieldElement.inject(AutowiredAnnotationBeanPostProcessor.java:748) ~[spring-beans-7.0.7.jar:7.0.7]
	at org.springframework.beans.factory.annotation.InjectionMetadata.inject(InjectionMetadata.java:146) ~[spring-beans-7.0.7.jar:7.0.7]
	at org.springframework.beans.factory.annotation.AutowiredAnnotationBeanPostProcessor.postProcessProperties(AutowiredAnnotationBeanPostProcessor.java:493) ~[spring-beans-7.0.7.jar:7.0.7]
	at org.springframework.beans.factory.support.AbstractAutowireCapableBeanFactory.populateBean(AbstractAutowireCapableBeanFactory.java:1446) ~[spring-beans-7.0.7.jar:7.0.7]
	at org.springframework.beans.factory.support.AbstractAutowireCapableBeanFactory.doCreateBean(AbstractAutowireCapableBeanFactory.java:602) ~[spring-beans-7.0.7.jar:7.0.7]
	at org.springframework.beans.factory.support.AbstractAutowireCapableBeanFactory.createBean(AbstractAutowireCapableBeanFactory.java:525) ~[spring-beans-7.0.7.jar:7.0.7]
	at org.springframework.beans.factory.support.AbstractBeanFactory.lambda$doGetBean$0(AbstractBeanFactory.java:333) ~[spring-beans-7.0.7.jar:7.0.7]
	at org.springframework.beans.factory.support.DefaultSingletonBeanRegistry.getSingleton(DefaultSingletonBeanRegistry.java:371) ~[spring-beans-7.0.7.jar:7.0.7]
	at org.springframework.beans.factory.support.AbstractBeanFactory.doGetBean(AbstractBeanFactory.java:331) ~[spring-beans-7.0.7.jar:7.0.7]
	at org.springframework.beans.factory.support.AbstractBeanFactory.getBean(AbstractBeanFactory.java:196) ~[spring-beans-7.0.7.jar:7.0.7]
	at org.springframework.beans.factory.support.DefaultListableBeanFactory.instantiateSingleton(DefaultListableBeanFactory.java:1218) ~[spring-beans-7.0.7.jar:7.0.7]
	at org.springframework.beans.factory.support.DefaultListableBeanFactory.preInstantiateSingleton(DefaultListableBeanFactory.java:1184) ~[spring-beans-7.0.7.jar:7.0.7]
	at org.springframework.beans.factory.support.DefaultListableBeanFactory.preInstantiateSingletons(DefaultListableBeanFactory.java:1121) ~[spring-beans-7.0.7.jar:7.0.7]
	at org.springframework.context.support.AbstractApplicationContext.finishBeanFactoryInitialization(AbstractApplicationContext.java:994) ~[spring-context-7.0.7.jar:7.0.7]
	at org.springframework.context.support.AbstractApplicationContext.refresh(AbstractApplicationContext.java:621) ~[spring-context-7.0.7.jar:7.0.7]
	at org.springframework.boot.web.server.servlet.context.ServletWebServerApplicationContext.refresh(ServletWebServerApplicationContext.java:143) ~[spring-boot-web-server-4.0.6.jar:4.0.6]
	at org.springframework.boot.SpringApplication.refresh(SpringApplication.java:756) ~[spring-boot-4.0.6.jar:4.0.6]
	at org.springframework.boot.SpringApplication.refreshContext(SpringApplication.java:445) ~[spring-boot-4.0.6.jar:4.0.6]
	at org.springframework.boot.SpringApplication.run(SpringApplication.java:321) ~[spring-boot-4.0.6.jar:4.0.6]
	at org.springframework.boot.SpringApplication.run(SpringApplication.java:1365) ~[spring-boot-4.0.6.jar:4.0.6]
	at org.springframework.boot.SpringApplication.run(SpringApplication.java:1354) ~[spring-boot-4.0.6.jar:4.0.6]
	at com.dsy1103.msusuarios.MsUsuariosApplication.main(MsUsuariosApplication.java:10) ~[classes/:na]
Caused by: org.springframework.beans.factory.UnsatisfiedDependencyException: Error creating bean with name 'perfilService': Unsatisfied dependency expressed through field 'usuarioRepo': Error creating bean with name 'usuarioRepository' defined in com.dsy1103.msusuarios.repository.UsuarioRepository defined in @EnableJpaRepositories declared on DataJpaRepositoriesRegistrar.EnableJpaRepositoriesConfiguration: No property 'usActivo' found for type 'UsuarioModelo'
	at org.springframework.beans.factory.annotation.AutowiredAnnotationBeanPostProcessor$AutowiredFieldElement.resolveFieldValue(AutowiredAnnotationBeanPostProcessor.java:767) ~[spring-beans-7.0.7.jar:7.0.7]
	at org.springframework.beans.factory.annotation.AutowiredAnnotationBeanPostProcessor$AutowiredFieldElement.inject(AutowiredAnnotationBeanPostProcessor.java:748) ~[spring-beans-7.0.7.jar:7.0.7]
	at org.springframework.beans.factory.annotation.InjectionMetadata.inject(InjectionMetadata.java:146) ~[spring-beans-7.0.7.jar:7.0.7]
	at org.springframework.beans.factory.annotation.AutowiredAnnotationBeanPostProcessor.postProcessProperties(AutowiredAnnotationBeanPostProcessor.java:493) ~[spring-beans-7.0.7.jar:7.0.7]
	at org.springframework.beans.factory.support.AbstractAutowireCapableBeanFactory.populateBean(AbstractAutowireCapableBeanFactory.java:1446) ~[spring-beans-7.0.7.jar:7.0.7]
	at org.springframework.beans.factory.support.AbstractAutowireCapableBeanFactory.doCreateBean(AbstractAutowireCapableBeanFactory.java:602) ~[spring-beans-7.0.7.jar:7.0.7]
	at org.springframework.beans.factory.support.AbstractAutowireCapableBeanFactory.createBean(AbstractAutowireCapableBeanFactory.java:525) ~[spring-beans-7.0.7.jar:7.0.7]
	at org.springframework.beans.factory.support.AbstractBeanFactory.lambda$doGetBean$0(AbstractBeanFactory.java:333) ~[spring-beans-7.0.7.jar:7.0.7]
	at org.springframework.beans.factory.support.DefaultSingletonBeanRegistry.getSingleton(DefaultSingletonBeanRegistry.java:371) ~[spring-beans-7.0.7.jar:7.0.7]
	at org.springframework.beans.factory.support.AbstractBeanFactory.doGetBean(AbstractBeanFactory.java:331) ~[spring-beans-7.0.7.jar:7.0.7]
	at org.springframework.beans.factory.support.AbstractBeanFactory.getBean(AbstractBeanFactory.java:201) ~[spring-beans-7.0.7.jar:7.0.7]
	at org.springframework.beans.factory.support.DefaultListableBeanFactory.resolveBean(DefaultListableBeanFactory.java:1225) ~[spring-beans-7.0.7.jar:7.0.7]
	at org.springframework.beans.factory.support.DefaultListableBeanFactory.doResolveDependency(DefaultListableBeanFactory.java:1704) ~[spring-beans-7.0.7.jar:7.0.7]
	at org.springframework.beans.factory.support.DefaultListableBeanFactory.resolveDependency(DefaultListableBeanFactory.java:1651) ~[spring-beans-7.0.7.jar:7.0.7]
	at org.springframework.beans.factory.annotation.AutowiredAnnotationBeanPostProcessor$AutowiredFieldElement.resolveFieldValue(AutowiredAnnotationBeanPostProcessor.java:764) ~[spring-beans-7.0.7.jar:7.0.7]
	... 22 common frames omitted
Caused by: org.springframework.beans.factory.BeanCreationException: Error creating bean with name 'usuarioRepository' defined in com.dsy1103.msusuarios.repository.UsuarioRepository defined in @EnableJpaRepositories declared on DataJpaRepositoriesRegistrar.EnableJpaRepositoriesConfiguration: No property 'usActivo' found for type 'UsuarioModelo'
	at org.springframework.beans.factory.support.AbstractAutowireCapableBeanFactory.initializeBean(AbstractAutowireCapableBeanFactory.java:1817) ~[spring-beans-7.0.7.jar:7.0.7]
	at org.springframework.beans.factory.support.AbstractAutowireCapableBeanFactory.doCreateBean(AbstractAutowireCapableBeanFactory.java:603) ~[spring-beans-7.0.7.jar:7.0.7]
	at org.springframework.beans.factory.support.AbstractAutowireCapableBeanFactory.createBean(AbstractAutowireCapableBeanFactory.java:525) ~[spring-beans-7.0.7.jar:7.0.7]
	at org.springframework.beans.factory.support.AbstractBeanFactory.lambda$doGetBean$0(AbstractBeanFactory.java:333) ~[spring-beans-7.0.7.jar:7.0.7]
	at org.springframework.beans.factory.support.DefaultSingletonBeanRegistry.getSingleton(DefaultSingletonBeanRegistry.java:371) ~[spring-beans-7.0.7.jar:7.0.7]
	at org.springframework.beans.factory.support.AbstractBeanFactory.doGetBean(AbstractBeanFactory.java:331) ~[spring-beans-7.0.7.jar:7.0.7]
	at org.springframework.beans.factory.support.AbstractBeanFactory.getBean(AbstractBeanFactory.java:201) ~[spring-beans-7.0.7.jar:7.0.7]
	at org.springframework.beans.factory.config.DependencyDescriptor.resolveCandidate(DependencyDescriptor.java:229) ~[spring-beans-7.0.7.jar:7.0.7]
	at org.springframework.beans.factory.support.DefaultListableBeanFactory.doResolveDependency(DefaultListableBeanFactory.java:1762) ~[spring-beans-7.0.7.jar:7.0.7]
	at org.springframework.beans.factory.support.DefaultListableBeanFactory.resolveDependency(DefaultListableBeanFactory.java:1651) ~[spring-beans-7.0.7.jar:7.0.7]
	at org.springframework.beans.factory.annotation.AutowiredAnnotationBeanPostProcessor$AutowiredFieldElement.resolveFieldValue(AutowiredAnnotationBeanPostProcessor.java:764) ~[spring-beans-7.0.7.jar:7.0.7]
	... 36 common frames omitted
Caused by: org.springframework.data.repository.query.QueryCreationException: Cannot create query for method [UsuarioRepository.findByCorreoUsuarioAndUsActivoTrue(java.lang.String)]; No property 'usActivo' found for type 'UsuarioModelo'
	at org.springframework.data.repository.query.QueryCreationException.create(QueryCreationException.java:109) ~[spring-data-commons-4.0.5.jar:4.0.5]
	at org.springframework.data.jpa.repository.query.PartTreeJpaQuery.<init>(PartTreeJpaQuery.java:114) ~[spring-data-jpa-4.0.5.jar:4.0.5]
	at org.springframework.data.jpa.repository.query.JpaQueryLookupStrategy$CreateQueryLookupStrategy.resolveQuery(JpaQueryLookupStrategy.java:118) ~[spring-data-jpa-4.0.5.jar:4.0.5]
	at org.springframework.data.jpa.repository.query.JpaQueryLookupStrategy$CreateIfNotFoundQueryLookupStrategy.resolveQuery(JpaQueryLookupStrategy.java:291) ~[spring-data-jpa-4.0.5.jar:4.0.5]
	at org.springframework.data.jpa.repository.query.JpaQueryLookupStrategy$AbstractQueryLookupStrategy.resolveQuery(JpaQueryLookupStrategy.java:93) ~[spring-data-jpa-4.0.5.jar:4.0.5]
	at org.springframework.data.repository.core.support.QueryExecutorMethodInterceptor.lookupQuery(QueryExecutorMethodInterceptor.java:114) ~[spring-data-commons-4.0.5.jar:4.0.5]
	at org.springframework.data.repository.core.support.QueryExecutorMethodInterceptor.mapMethodsToQuery(QueryExecutorMethodInterceptor.java:102) ~[spring-data-commons-4.0.5.jar:4.0.5]
	at org.springframework.data.repository.core.support.QueryExecutorMethodInterceptor.<init>(QueryExecutorMethodInterceptor.java:90) ~[spring-data-commons-4.0.5.jar:4.0.5]
	at org.springframework.data.repository.core.support.RepositoryFactorySupport.getRepository(RepositoryFactorySupport.java:413) ~[spring-data-commons-4.0.5.jar:4.0.5]
	at org.springframework.data.repository.core.support.RepositoryFactoryBeanSupport.lambda$afterPropertiesSet$1(RepositoryFactoryBeanSupport.java:361) ~[spring-data-commons-4.0.5.jar:4.0.5]
	at org.springframework.data.util.Lazy.getNullable(Lazy.java:136) ~[spring-data-commons-4.0.5.jar:4.0.5]
	at org.springframework.data.util.Lazy.get(Lazy.java:114) ~[spring-data-commons-4.0.5.jar:4.0.5]
	at org.springframework.data.repository.core.support.RepositoryFactoryBeanSupport.afterPropertiesSet(RepositoryFactoryBeanSupport.java:370) ~[spring-data-commons-4.0.5.jar:4.0.5]
	at org.springframework.data.jpa.repository.support.JpaRepositoryFactoryBean.afterPropertiesSet(JpaRepositoryFactoryBean.java:212) ~[spring-data-jpa-4.0.5.jar:4.0.5]
	at org.springframework.beans.factory.support.AbstractAutowireCapableBeanFactory.invokeInitMethods(AbstractAutowireCapableBeanFactory.java:1864) ~[spring-beans-7.0.7.jar:7.0.7]
	at org.springframework.beans.factory.support.AbstractAutowireCapableBeanFactory.initializeBean(AbstractAutowireCapableBeanFactory.java:1813) ~[spring-beans-7.0.7.jar:7.0.7]
	... 46 common frames omitted
Caused by: org.springframework.data.core.PropertyReferenceException: No property 'usActivo' found for type 'UsuarioModelo'
	at org.springframework.data.core.SimplePropertyPath.<init>(SimplePropertyPath.java:93) ~[spring-data-commons-4.0.5.jar:4.0.5]
	at org.springframework.data.core.SimplePropertyPath.create(SimplePropertyPath.java:360) ~[spring-data-commons-4.0.5.jar:4.0.5]
	at org.springframework.data.core.SimplePropertyPath.create(SimplePropertyPath.java:335) ~[spring-data-commons-4.0.5.jar:4.0.5]
	at org.springframework.data.core.SimplePropertyPath.lambda$from$0(SimplePropertyPath.java:288) ~[spring-data-commons-4.0.5.jar:4.0.5]
	at org.springframework.util.ConcurrentReferenceHashMap$6.execute(ConcurrentReferenceHashMap.java:387) ~[spring-core-7.0.7.jar:7.0.7]
	at org.springframework.util.ConcurrentReferenceHashMap$Segment.doTask(ConcurrentReferenceHashMap.java:681) ~[spring-core-7.0.7.jar:7.0.7]
	at org.springframework.util.ConcurrentReferenceHashMap.doTask(ConcurrentReferenceHashMap.java:565) ~[spring-core-7.0.7.jar:7.0.7]
	at org.springframework.util.ConcurrentReferenceHashMap.computeIfAbsent(ConcurrentReferenceHashMap.java:381) ~[spring-core-7.0.7.jar:7.0.7]
	at org.springframework.data.core.SimplePropertyPath.from(SimplePropertyPath.java:270) ~[spring-data-commons-4.0.5.jar:4.0.5]
	at org.springframework.data.core.PropertyPath.from(PropertyPath.java:210) ~[spring-data-commons-4.0.5.jar:4.0.5]
	at org.springframework.data.core.PropertyPath.from(PropertyPath.java:193) ~[spring-data-commons-4.0.5.jar:4.0.5]
	at org.springframework.data.repository.query.parser.Part.<init>(Part.java:81) ~[spring-data-commons-4.0.5.jar:4.0.5]
	at org.springframework.data.repository.query.parser.PartTree$OrPart.lambda$new$0(PartTree.java:260) ~[spring-data-commons-4.0.5.jar:4.0.5]
	at java.base/java.util.stream.ReferencePipeline$3$1.accept(ReferencePipeline.java:215) ~[na:na]
	at java.base/java.util.stream.ReferencePipeline$2$1.accept(ReferencePipeline.java:197) ~[na:na]
	at java.base/java.util.Spliterators$ArraySpliterator.forEachRemaining(Spliterators.java:1024) ~[na:na]
	at java.base/java.util.stream.AbstractPipeline.copyInto(AbstractPipeline.java:570) ~[na:na]
	at java.base/java.util.stream.AbstractPipeline.wrapAndCopyInto(AbstractPipeline.java:560) ~[na:na]
	at java.base/java.util.stream.ReduceOps$ReduceOp.evaluateSequential(ReduceOps.java:921) ~[na:na]
	at java.base/java.util.stream.AbstractPipeline.evaluate(AbstractPipeline.java:265) ~[na:na]
	at java.base/java.util.stream.ReferencePipeline.collect(ReferencePipeline.java:727) ~[na:na]
	at org.springframework.data.repository.query.parser.PartTree$OrPart.<init>(PartTree.java:261) ~[spring-data-commons-4.0.5.jar:4.0.5]
	at org.springframework.data.repository.query.parser.PartTree$Predicate.lambda$new$0(PartTree.java:390) ~[spring-data-commons-4.0.5.jar:4.0.5]
	at java.base/java.util.stream.ReferencePipeline$3$1.accept(ReferencePipeline.java:215) ~[na:na]
	at java.base/java.util.stream.ReferencePipeline$2$1.accept(ReferencePipeline.java:197) ~[na:na]
	at java.base/java.util.Spliterators$ArraySpliterator.forEachRemaining(Spliterators.java:1024) ~[na:na]
	at java.base/java.util.stream.AbstractPipeline.copyInto(AbstractPipeline.java:570) ~[na:na]
	at java.base/java.util.stream.AbstractPipeline.wrapAndCopyInto(AbstractPipeline.java:560) ~[na:na]
	at java.base/java.util.stream.ReduceOps$ReduceOp.evaluateSequential(ReduceOps.java:921) ~[na:na]
	at java.base/java.util.stream.AbstractPipeline.evaluate(AbstractPipeline.java:265) ~[na:na]
	at java.base/java.util.stream.ReferencePipeline.collect(ReferencePipeline.java:727) ~[na:na]
	at org.springframework.data.repository.query.parser.PartTree$Predicate.<init>(PartTree.java:391) ~[spring-data-commons-4.0.5.jar:4.0.5]
	at org.springframework.data.repository.query.parser.PartTree.<init>(PartTree.java:104) ~[spring-data-commons-4.0.5.jar:4.0.5]
	at org.springframework.data.jpa.repository.query.PartTreeJpaQuery.<init>(PartTreeJpaQuery.java:108) ~[spring-data-jpa-4.0.5.jar:4.0.5]
	... 60 common frames omitted

2026-05-14T15:14:27.715-04:00  INFO 29420 --- [ms-usuarios] [main] c.d.msusuarios.MsUsuariosApplication     : Starting MsUsuariosApplication using Java 24.0.2 with PID 29420 (C:\Users\zerze\Downloads\Evaluacion-Parcial-2-Full-Stack-DSY1103-main\Evaluacion-Parcial-2-Full-Stack-DSY1103-main\ms-usuarios\target\classes started by zerze in C:\Users\zerze\Downloads\Evaluacion-Parcial-2-Full-Stack-DSY1103-main\Evaluacion-Parcial-2-Full-Stack-DSY1103-main\ms-usuarios)
2026-05-14T15:14:27.720-04:00 DEBUG 29420 --- [ms-usuarios] [main] c.d.msusuarios.MsUsuariosApplication     : Running with Spring Boot v4.0.6, Spring v7.0.7
2026-05-14T15:14:27.721-04:00  INFO 29420 --- [ms-usuarios] [main] c.d.msusuarios.MsUsuariosApplication     : No active profile set, falling back to 1 default profile: "default"
2026-05-14T15:14:29.376-04:00  INFO 29420 --- [ms-usuarios] [main] .s.d.r.c.RepositoryConfigurationDelegate : Bootstrapping Spring Data JPA repositories in DEFAULT mode.
2026-05-14T15:14:29.475-04:00  INFO 29420 --- [ms-usuarios] [main] .s.d.r.c.RepositoryConfigurationDelegate : Finished Spring Data repository scanning in 77 ms. Found 2 JPA repository interfaces.
2026-05-14T15:14:29.882-04:00  INFO 29420 --- [ms-usuarios] [main] o.s.cloud.context.scope.GenericScope     : BeanFactory id=3ddad5d1-749f-3cce-9d8f-bd0bbd01fb18
2026-05-14T15:14:30.643-04:00  INFO 29420 --- [ms-usuarios] [main] o.s.boot.tomcat.TomcatWebServer          : Tomcat initialized with port 8090 (http)
2026-05-14T15:14:30.668-04:00  INFO 29420 --- [ms-usuarios] [main] o.apache.catalina.core.StandardService   : Starting service [Tomcat]
2026-05-14T15:14:30.669-04:00  INFO 29420 --- [ms-usuarios] [main] o.apache.catalina.core.StandardEngine    : Starting Servlet engine: [Apache Tomcat/11.0.21]
2026-05-14T15:14:30.749-04:00  INFO 29420 --- [ms-usuarios] [main] b.w.c.s.WebApplicationContextInitializer : Root WebApplicationContext: initialization completed in 2928 ms
2026-05-14T15:14:31.187-04:00  INFO 29420 --- [ms-usuarios] [main] org.hibernate.orm.jpa                    : HHH008540: Processing PersistenceUnitInfo [name: default]
2026-05-14T15:14:31.340-04:00  INFO 29420 --- [ms-usuarios] [main] org.hibernate.orm.core                   : HHH000001: Hibernate ORM core version 7.2.12.Final
2026-05-14T15:14:32.154-04:00  INFO 29420 --- [ms-usuarios] [main] o.s.o.j.p.SpringPersistenceUnitInfo      : No LoadTimeWeaver setup: ignoring JPA class transformer
2026-05-14T15:14:32.206-04:00  INFO 29420 --- [ms-usuarios] [main] com.zaxxer.hikari.HikariDataSource       : HikariPool-1 - Starting...
2026-05-14T15:14:32.495-04:00  INFO 29420 --- [ms-usuarios] [main] com.zaxxer.hikari.pool.HikariPool        : HikariPool-1 - Added connection com.mysql.cj.jdbc.ConnectionImpl@3d3b272a
2026-05-14T15:14:32.498-04:00  INFO 29420 --- [ms-usuarios] [main] com.zaxxer.hikari.HikariDataSource       : HikariPool-1 - Start completed.
2026-05-14T15:14:32.624-04:00  INFO 29420 --- [ms-usuarios] [main] org.hibernate.orm.connections.pooling    : HHH10001005: Database info:
	Database JDBC URL [jdbc:mysql://localhost:3306/db_usuarios?useSSL=false&serverTimezone=America/Santiago&allowPublicKeyRetrieval=true]
	Database driver: MySQL Connector/J
	Database dialect: MySQLDialect
	Database version: 8.4.3
	Default catalog/schema: db_usuarios/undefined
	Autocommit mode: undefined/unknown
	Isolation level: REPEATABLE_READ [default REPEATABLE_READ]
	JDBC fetch size: none
	Pool: DataSourceConnectionProvider
	Minimum pool size: undefined/unknown
	Maximum pool size: undefined/unknown
2026-05-14T15:14:33.959-04:00  INFO 29420 --- [ms-usuarios] [main] org.hibernate.orm.core                   : HHH000489: No JTA platform available (set 'hibernate.transaction.jta.platform' to enable JTA platform integration)
2026-05-14T15:14:34.083-04:00  INFO 29420 --- [ms-usuarios] [main] j.LocalContainerEntityManagerFactoryBean : Initialized JPA EntityManagerFactory for persistence unit 'default'
2026-05-14T15:14:34.238-04:00  INFO 29420 --- [ms-usuarios] [main] o.s.d.j.r.query.QueryEnhancerFactories   : Hibernate is in classpath; If applicable, HQL parser will be used.
2026-05-14T15:14:34.529-04:00  WARN 29420 --- [ms-usuarios] [main] ConfigServletWebServerApplicationContext : Exception encountered during context initialization - cancelling refresh attempt: org.springframework.beans.factory.UnsatisfiedDependencyException: Error creating bean with name 'perfilController': Unsatisfied dependency expressed through field 'perfilService': Error creating bean with name 'perfilService': Unsatisfied dependency expressed through field 'usuarioRepo': Error creating bean with name 'usuarioRepository' defined in com.dsy1103.msusuarios.repository.UsuarioRepository defined in @EnableJpaRepositories declared on DataJpaRepositoriesRegistrar.EnableJpaRepositoriesConfiguration: No property 'andactivo' found for type 'String'; Traversed path: UsuarioModelo.correoUsuario
2026-05-14T15:14:34.530-04:00  INFO 29420 --- [ms-usuarios] [main] j.LocalContainerEntityManagerFactoryBean : Closing JPA EntityManagerFactory for persistence unit 'default'
2026-05-14T15:14:34.534-04:00  INFO 29420 --- [ms-usuarios] [main] com.zaxxer.hikari.HikariDataSource       : HikariPool-1 - Shutdown initiated...
2026-05-14T15:14:34.556-04:00  INFO 29420 --- [ms-usuarios] [main] com.zaxxer.hikari.HikariDataSource       : HikariPool-1 - Shutdown completed.
2026-05-14T15:14:34.565-04:00  INFO 29420 --- [ms-usuarios] [main] o.apache.catalina.core.StandardService   : Stopping service [Tomcat]
2026-05-14T15:14:34.579-04:00  INFO 29420 --- [ms-usuarios] [main] .s.b.a.l.ConditionEvaluationReportLogger : 

Error starting ApplicationContext. To display the condition evaluation report re-run your application with 'debug' enabled.
2026-05-14T15:14:34.640-04:00 ERROR 29420 --- [ms-usuarios] [main] o.s.boot.SpringApplication               : Application run failed

org.springframework.beans.factory.UnsatisfiedDependencyException: Error creating bean with name 'perfilController': Unsatisfied dependency expressed through field 'perfilService': Error creating bean with name 'perfilService': Unsatisfied dependency expressed through field 'usuarioRepo': Error creating bean with name 'usuarioRepository' defined in com.dsy1103.msusuarios.repository.UsuarioRepository defined in @EnableJpaRepositories declared on DataJpaRepositoriesRegistrar.EnableJpaRepositoriesConfiguration: No property 'andactivo' found for type 'String'; Traversed path: UsuarioModelo.correoUsuario
	at org.springframework.beans.factory.annotation.AutowiredAnnotationBeanPostProcessor$AutowiredFieldElement.resolveFieldValue(AutowiredAnnotationBeanPostProcessor.java:767) ~[spring-beans-7.0.7.jar:7.0.7]
	at org.springframework.beans.factory.annotation.AutowiredAnnotationBeanPostProcessor$AutowiredFieldElement.inject(AutowiredAnnotationBeanPostProcessor.java:748) ~[spring-beans-7.0.7.jar:7.0.7]
	at org.springframework.beans.factory.annotation.InjectionMetadata.inject(InjectionMetadata.java:146) ~[spring-beans-7.0.7.jar:7.0.7]
	at org.springframework.beans.factory.annotation.AutowiredAnnotationBeanPostProcessor.postProcessProperties(AutowiredAnnotationBeanPostProcessor.java:493) ~[spring-beans-7.0.7.jar:7.0.7]
	at org.springframework.beans.factory.support.AbstractAutowireCapableBeanFactory.populateBean(AbstractAutowireCapableBeanFactory.java:1446) ~[spring-beans-7.0.7.jar:7.0.7]
	at org.springframework.beans.factory.support.AbstractAutowireCapableBeanFactory.doCreateBean(AbstractAutowireCapableBeanFactory.java:602) ~[spring-beans-7.0.7.jar:7.0.7]
	at org.springframework.beans.factory.support.AbstractAutowireCapableBeanFactory.createBean(AbstractAutowireCapableBeanFactory.java:525) ~[spring-beans-7.0.7.jar:7.0.7]
	at org.springframework.beans.factory.support.AbstractBeanFactory.lambda$doGetBean$0(AbstractBeanFactory.java:333) ~[spring-beans-7.0.7.jar:7.0.7]
	at org.springframework.beans.factory.support.DefaultSingletonBeanRegistry.getSingleton(DefaultSingletonBeanRegistry.java:371) ~[spring-beans-7.0.7.jar:7.0.7]
	at org.springframework.beans.factory.support.AbstractBeanFactory.doGetBean(AbstractBeanFactory.java:331) ~[spring-beans-7.0.7.jar:7.0.7]
	at org.springframework.beans.factory.support.AbstractBeanFactory.getBean(AbstractBeanFactory.java:196) ~[spring-beans-7.0.7.jar:7.0.7]
	at org.springframework.beans.factory.support.DefaultListableBeanFactory.instantiateSingleton(DefaultListableBeanFactory.java:1218) ~[spring-beans-7.0.7.jar:7.0.7]
	at org.springframework.beans.factory.support.DefaultListableBeanFactory.preInstantiateSingleton(DefaultListableBeanFactory.java:1184) ~[spring-beans-7.0.7.jar:7.0.7]
	at org.springframework.beans.factory.support.DefaultListableBeanFactory.preInstantiateSingletons(DefaultListableBeanFactory.java:1121) ~[spring-beans-7.0.7.jar:7.0.7]
	at org.springframework.context.support.AbstractApplicationContext.finishBeanFactoryInitialization(AbstractApplicationContext.java:994) ~[spring-context-7.0.7.jar:7.0.7]
	at org.springframework.context.support.AbstractApplicationContext.refresh(AbstractApplicationContext.java:621) ~[spring-context-7.0.7.jar:7.0.7]
	at org.springframework.boot.web.server.servlet.context.ServletWebServerApplicationContext.refresh(ServletWebServerApplicationContext.java:143) ~[spring-boot-web-server-4.0.6.jar:4.0.6]
	at org.springframework.boot.SpringApplication.refresh(SpringApplication.java:756) ~[spring-boot-4.0.6.jar:4.0.6]
	at org.springframework.boot.SpringApplication.refreshContext(SpringApplication.java:445) ~[spring-boot-4.0.6.jar:4.0.6]
	at org.springframework.boot.SpringApplication.run(SpringApplication.java:321) ~[spring-boot-4.0.6.jar:4.0.6]
	at org.springframework.boot.SpringApplication.run(SpringApplication.java:1365) ~[spring-boot-4.0.6.jar:4.0.6]
	at org.springframework.boot.SpringApplication.run(SpringApplication.java:1354) ~[spring-boot-4.0.6.jar:4.0.6]
	at com.dsy1103.msusuarios.MsUsuariosApplication.main(MsUsuariosApplication.java:10) ~[classes/:na]
Caused by: org.springframework.beans.factory.UnsatisfiedDependencyException: Error creating bean with name 'perfilService': Unsatisfied dependency expressed through field 'usuarioRepo': Error creating bean with name 'usuarioRepository' defined in com.dsy1103.msusuarios.repository.UsuarioRepository defined in @EnableJpaRepositories declared on DataJpaRepositoriesRegistrar.EnableJpaRepositoriesConfiguration: No property 'andactivo' found for type 'String'; Traversed path: UsuarioModelo.correoUsuario
	at org.springframework.beans.factory.annotation.AutowiredAnnotationBeanPostProcessor$AutowiredFieldElement.resolveFieldValue(AutowiredAnnotationBeanPostProcessor.java:767) ~[spring-beans-7.0.7.jar:7.0.7]
	at org.springframework.beans.factory.annotation.AutowiredAnnotationBeanPostProcessor$AutowiredFieldElement.inject(AutowiredAnnotationBeanPostProcessor.java:748) ~[spring-beans-7.0.7.jar:7.0.7]
	at org.springframework.beans.factory.annotation.InjectionMetadata.inject(InjectionMetadata.java:146) ~[spring-beans-7.0.7.jar:7.0.7]
	at org.springframework.beans.factory.annotation.AutowiredAnnotationBeanPostProcessor.postProcessProperties(AutowiredAnnotationBeanPostProcessor.java:493) ~[spring-beans-7.0.7.jar:7.0.7]
	at org.springframework.beans.factory.support.AbstractAutowireCapableBeanFactory.populateBean(AbstractAutowireCapableBeanFactory.java:1446) ~[spring-beans-7.0.7.jar:7.0.7]
	at org.springframework.beans.factory.support.AbstractAutowireCapableBeanFactory.doCreateBean(AbstractAutowireCapableBeanFactory.java:602) ~[spring-beans-7.0.7.jar:7.0.7]
	at org.springframework.beans.factory.support.AbstractAutowireCapableBeanFactory.createBean(AbstractAutowireCapableBeanFactory.java:525) ~[spring-beans-7.0.7.jar:7.0.7]
	at org.springframework.beans.factory.support.AbstractBeanFactory.lambda$doGetBean$0(AbstractBeanFactory.java:333) ~[spring-beans-7.0.7.jar:7.0.7]
	at org.springframework.beans.factory.support.DefaultSingletonBeanRegistry.getSingleton(DefaultSingletonBeanRegistry.java:371) ~[spring-beans-7.0.7.jar:7.0.7]
	at org.springframework.beans.factory.support.AbstractBeanFactory.doGetBean(AbstractBeanFactory.java:331) ~[spring-beans-7.0.7.jar:7.0.7]
	at org.springframework.beans.factory.support.AbstractBeanFactory.getBean(AbstractBeanFactory.java:201) ~[spring-beans-7.0.7.jar:7.0.7]
	at org.springframework.beans.factory.support.DefaultListableBeanFactory.resolveBean(DefaultListableBeanFactory.java:1225) ~[spring-beans-7.0.7.jar:7.0.7]
	at org.springframework.beans.factory.support.DefaultListableBeanFactory.doResolveDependency(DefaultListableBeanFactory.java:1704) ~[spring-beans-7.0.7.jar:7.0.7]
	at org.springframework.beans.factory.support.DefaultListableBeanFactory.resolveDependency(DefaultListableBeanFactory.java:1651) ~[spring-beans-7.0.7.jar:7.0.7]
	at org.springframework.beans.factory.annotation.AutowiredAnnotationBeanPostProcessor$AutowiredFieldElement.resolveFieldValue(AutowiredAnnotationBeanPostProcessor.java:764) ~[spring-beans-7.0.7.jar:7.0.7]
	... 22 common frames omitted
Caused by: org.springframework.beans.factory.BeanCreationException: Error creating bean with name 'usuarioRepository' defined in com.dsy1103.msusuarios.repository.UsuarioRepository defined in @EnableJpaRepositories declared on DataJpaRepositoriesRegistrar.EnableJpaRepositoriesConfiguration: No property 'andactivo' found for type 'String'; Traversed path: UsuarioModelo.correoUsuario
	at org.springframework.beans.factory.support.AbstractAutowireCapableBeanFactory.initializeBean(AbstractAutowireCapableBeanFactory.java:1817) ~[spring-beans-7.0.7.jar:7.0.7]
	at org.springframework.beans.factory.support.AbstractAutowireCapableBeanFactory.doCreateBean(AbstractAutowireCapableBeanFactory.java:603) ~[spring-beans-7.0.7.jar:7.0.7]
	at org.springframework.beans.factory.support.AbstractAutowireCapableBeanFactory.createBean(AbstractAutowireCapableBeanFactory.java:525) ~[spring-beans-7.0.7.jar:7.0.7]
	at org.springframework.beans.factory.support.AbstractBeanFactory.lambda$doGetBean$0(AbstractBeanFactory.java:333) ~[spring-beans-7.0.7.jar:7.0.7]
	at org.springframework.beans.factory.support.DefaultSingletonBeanRegistry.getSingleton(DefaultSingletonBeanRegistry.java:371) ~[spring-beans-7.0.7.jar:7.0.7]
	at org.springframework.beans.factory.support.AbstractBeanFactory.doGetBean(AbstractBeanFactory.java:331) ~[spring-beans-7.0.7.jar:7.0.7]
	at org.springframework.beans.factory.support.AbstractBeanFactory.getBean(AbstractBeanFactory.java:201) ~[spring-beans-7.0.7.jar:7.0.7]
	at org.springframework.beans.factory.config.DependencyDescriptor.resolveCandidate(DependencyDescriptor.java:229) ~[spring-beans-7.0.7.jar:7.0.7]
	at org.springframework.beans.factory.support.DefaultListableBeanFactory.doResolveDependency(DefaultListableBeanFactory.java:1762) ~[spring-beans-7.0.7.jar:7.0.7]
	at org.springframework.beans.factory.support.DefaultListableBeanFactory.resolveDependency(DefaultListableBeanFactory.java:1651) ~[spring-beans-7.0.7.jar:7.0.7]
	at org.springframework.beans.factory.annotation.AutowiredAnnotationBeanPostProcessor$AutowiredFieldElement.resolveFieldValue(AutowiredAnnotationBeanPostProcessor.java:764) ~[spring-beans-7.0.7.jar:7.0.7]
	... 36 common frames omitted
Caused by: org.springframework.data.repository.query.QueryCreationException: Cannot create query for method [UsuarioRepository.findByCorreoUsuarioAndactivoTrue(java.lang.String)]; No property 'andactivo' found for type 'String'; Traversed path: UsuarioModelo.correoUsuario
	at org.springframework.data.repository.query.QueryCreationException.create(QueryCreationException.java:109) ~[spring-data-commons-4.0.5.jar:4.0.5]
	at org.springframework.data.jpa.repository.query.PartTreeJpaQuery.<init>(PartTreeJpaQuery.java:114) ~[spring-data-jpa-4.0.5.jar:4.0.5]
	at org.springframework.data.jpa.repository.query.JpaQueryLookupStrategy$CreateQueryLookupStrategy.resolveQuery(JpaQueryLookupStrategy.java:118) ~[spring-data-jpa-4.0.5.jar:4.0.5]
	at org.springframework.data.jpa.repository.query.JpaQueryLookupStrategy$CreateIfNotFoundQueryLookupStrategy.resolveQuery(JpaQueryLookupStrategy.java:291) ~[spring-data-jpa-4.0.5.jar:4.0.5]
	at org.springframework.data.jpa.repository.query.JpaQueryLookupStrategy$AbstractQueryLookupStrategy.resolveQuery(JpaQueryLookupStrategy.java:93) ~[spring-data-jpa-4.0.5.jar:4.0.5]
	at org.springframework.data.repository.core.support.QueryExecutorMethodInterceptor.lookupQuery(QueryExecutorMethodInterceptor.java:114) ~[spring-data-commons-4.0.5.jar:4.0.5]
	at org.springframework.data.repository.core.support.QueryExecutorMethodInterceptor.mapMethodsToQuery(QueryExecutorMethodInterceptor.java:102) ~[spring-data-commons-4.0.5.jar:4.0.5]
	at org.springframework.data.repository.core.support.QueryExecutorMethodInterceptor.<init>(QueryExecutorMethodInterceptor.java:90) ~[spring-data-commons-4.0.5.jar:4.0.5]
	at org.springframework.data.repository.core.support.RepositoryFactorySupport.getRepository(RepositoryFactorySupport.java:413) ~[spring-data-commons-4.0.5.jar:4.0.5]
	at org.springframework.data.repository.core.support.RepositoryFactoryBeanSupport.lambda$afterPropertiesSet$1(RepositoryFactoryBeanSupport.java:361) ~[spring-data-commons-4.0.5.jar:4.0.5]
	at org.springframework.data.util.Lazy.getNullable(Lazy.java:136) ~[spring-data-commons-4.0.5.jar:4.0.5]
	at org.springframework.data.util.Lazy.get(Lazy.java:114) ~[spring-data-commons-4.0.5.jar:4.0.5]
	at org.springframework.data.repository.core.support.RepositoryFactoryBeanSupport.afterPropertiesSet(RepositoryFactoryBeanSupport.java:370) ~[spring-data-commons-4.0.5.jar:4.0.5]
	at org.springframework.data.jpa.repository.support.JpaRepositoryFactoryBean.afterPropertiesSet(JpaRepositoryFactoryBean.java:212) ~[spring-data-jpa-4.0.5.jar:4.0.5]
	at org.springframework.beans.factory.support.AbstractAutowireCapableBeanFactory.invokeInitMethods(AbstractAutowireCapableBeanFactory.java:1864) ~[spring-beans-7.0.7.jar:7.0.7]
	at org.springframework.beans.factory.support.AbstractAutowireCapableBeanFactory.initializeBean(AbstractAutowireCapableBeanFactory.java:1813) ~[spring-beans-7.0.7.jar:7.0.7]
	... 46 common frames omitted
Caused by: org.springframework.data.core.PropertyReferenceException: No property 'andactivo' found for type 'String'; Traversed path: UsuarioModelo.correoUsuario
	at org.springframework.data.core.SimplePropertyPath.<init>(SimplePropertyPath.java:93) ~[spring-data-commons-4.0.5.jar:4.0.5]
	at org.springframework.data.core.SimplePropertyPath.create(SimplePropertyPath.java:360) ~[spring-data-commons-4.0.5.jar:4.0.5]
	at org.springframework.data.core.SimplePropertyPath.create(SimplePropertyPath.java:335) ~[spring-data-commons-4.0.5.jar:4.0.5]
	at org.springframework.data.core.SimplePropertyPath.create(SimplePropertyPath.java:370) ~[spring-data-commons-4.0.5.jar:4.0.5]
	at org.springframework.data.core.SimplePropertyPath.create(SimplePropertyPath.java:393) ~[spring-data-commons-4.0.5.jar:4.0.5]
	at org.springframework.data.core.SimplePropertyPath.create(SimplePropertyPath.java:335) ~[spring-data-commons-4.0.5.jar:4.0.5]
	at org.springframework.data.core.SimplePropertyPath.lambda$from$0(SimplePropertyPath.java:288) ~[spring-data-commons-4.0.5.jar:4.0.5]
	at org.springframework.util.ConcurrentReferenceHashMap$6.execute(ConcurrentReferenceHashMap.java:387) ~[spring-core-7.0.7.jar:7.0.7]
	at org.springframework.util.ConcurrentReferenceHashMap$Segment.doTask(ConcurrentReferenceHashMap.java:681) ~[spring-core-7.0.7.jar:7.0.7]
	at org.springframework.util.ConcurrentReferenceHashMap.doTask(ConcurrentReferenceHashMap.java:565) ~[spring-core-7.0.7.jar:7.0.7]
	at org.springframework.util.ConcurrentReferenceHashMap.computeIfAbsent(ConcurrentReferenceHashMap.java:381) ~[spring-core-7.0.7.jar:7.0.7]
	at org.springframework.data.core.SimplePropertyPath.from(SimplePropertyPath.java:270) ~[spring-data-commons-4.0.5.jar:4.0.5]
	at org.springframework.data.core.PropertyPath.from(PropertyPath.java:210) ~[spring-data-commons-4.0.5.jar:4.0.5]
	at org.springframework.data.core.PropertyPath.from(PropertyPath.java:193) ~[spring-data-commons-4.0.5.jar:4.0.5]
	at org.springframework.data.repository.query.parser.Part.<init>(Part.java:81) ~[spring-data-commons-4.0.5.jar:4.0.5]
	at org.springframework.data.repository.query.parser.PartTree$OrPart.lambda$new$0(PartTree.java:260) ~[spring-data-commons-4.0.5.jar:4.0.5]
	at java.base/java.util.stream.ReferencePipeline$3$1.accept(ReferencePipeline.java:215) ~[na:na]
	at java.base/java.util.stream.ReferencePipeline$2$1.accept(ReferencePipeline.java:197) ~[na:na]
	at java.base/java.util.Spliterators$ArraySpliterator.forEachRemaining(Spliterators.java:1024) ~[na:na]
	at java.base/java.util.stream.AbstractPipeline.copyInto(AbstractPipeline.java:570) ~[na:na]
	at java.base/java.util.stream.AbstractPipeline.wrapAndCopyInto(AbstractPipeline.java:560) ~[na:na]
	at java.base/java.util.stream.ReduceOps$ReduceOp.evaluateSequential(ReduceOps.java:921) ~[na:na]
	at java.base/java.util.stream.AbstractPipeline.evaluate(AbstractPipeline.java:265) ~[na:na]
	at java.base/java.util.stream.ReferencePipeline.collect(ReferencePipeline.java:727) ~[na:na]
	at org.springframework.data.repository.query.parser.PartTree$OrPart.<init>(PartTree.java:261) ~[spring-data-commons-4.0.5.jar:4.0.5]
	at org.springframework.data.repository.query.parser.PartTree$Predicate.lambda$new$0(PartTree.java:390) ~[spring-data-commons-4.0.5.jar:4.0.5]
	at java.base/java.util.stream.ReferencePipeline$3$1.accept(ReferencePipeline.java:215) ~[na:na]
	at java.base/java.util.stream.ReferencePipeline$2$1.accept(ReferencePipeline.java:197) ~[na:na]
	at java.base/java.util.Spliterators$ArraySpliterator.forEachRemaining(Spliterators.java:1024) ~[na:na]
	at java.base/java.util.stream.AbstractPipeline.copyInto(AbstractPipeline.java:570) ~[na:na]
	at java.base/java.util.stream.AbstractPipeline.wrapAndCopyInto(AbstractPipeline.java:560) ~[na:na]
	at java.base/java.util.stream.ReduceOps$ReduceOp.evaluateSequential(ReduceOps.java:921) ~[na:na]
	at java.base/java.util.stream.AbstractPipeline.evaluate(AbstractPipeline.java:265) ~[na:na]
	at java.base/java.util.stream.ReferencePipeline.collect(ReferencePipeline.java:727) ~[na:na]
	at org.springframework.data.repository.query.parser.PartTree$Predicate.<init>(PartTree.java:391) ~[spring-data-commons-4.0.5.jar:4.0.5]
	at org.springframework.data.repository.query.parser.PartTree.<init>(PartTree.java:104) ~[spring-data-commons-4.0.5.jar:4.0.5]
	at org.springframework.data.jpa.repository.query.PartTreeJpaQuery.<init>(PartTreeJpaQuery.java:108) ~[spring-data-jpa-4.0.5.jar:4.0.5]
	... 60 common frames omitted

2026-05-14T15:15:05.495-04:00  INFO 27100 --- [ms-usuarios] [main] c.d.msusuarios.MsUsuariosApplication     : Starting MsUsuariosApplication using Java 24.0.2 with PID 27100 (C:\Users\zerze\Downloads\Evaluacion-Parcial-2-Full-Stack-DSY1103-main\Evaluacion-Parcial-2-Full-Stack-DSY1103-main\ms-usuarios\target\classes started by zerze in C:\Users\zerze\Downloads\Evaluacion-Parcial-2-Full-Stack-DSY1103-main\Evaluacion-Parcial-2-Full-Stack-DSY1103-main\ms-usuarios)
2026-05-14T15:15:05.502-04:00 DEBUG 27100 --- [ms-usuarios] [main] c.d.msusuarios.MsUsuariosApplication     : Running with Spring Boot v4.0.6, Spring v7.0.7
2026-05-14T15:15:05.504-04:00  INFO 27100 --- [ms-usuarios] [main] c.d.msusuarios.MsUsuariosApplication     : No active profile set, falling back to 1 default profile: "default"
2026-05-14T15:15:07.448-04:00  INFO 27100 --- [ms-usuarios] [main] .s.d.r.c.RepositoryConfigurationDelegate : Bootstrapping Spring Data JPA repositories in DEFAULT mode.
2026-05-14T15:15:07.625-04:00  INFO 27100 --- [ms-usuarios] [main] .s.d.r.c.RepositoryConfigurationDelegate : Finished Spring Data repository scanning in 148 ms. Found 2 JPA repository interfaces.
2026-05-14T15:15:08.179-04:00  INFO 27100 --- [ms-usuarios] [main] o.s.cloud.context.scope.GenericScope     : BeanFactory id=3ddad5d1-749f-3cce-9d8f-bd0bbd01fb18
2026-05-14T15:15:08.706-04:00  INFO 28744 --- [ms-usuarios] [main] c.d.msusuarios.MsUsuariosApplication     : Starting MsUsuariosApplication using Java 24.0.2 with PID 28744 (C:\Users\zerze\Downloads\Evaluacion-Parcial-2-Full-Stack-DSY1103-main\Evaluacion-Parcial-2-Full-Stack-DSY1103-main\ms-usuarios\target\classes started by zerze in C:\Users\zerze\Downloads\Evaluacion-Parcial-2-Full-Stack-DSY1103-main\Evaluacion-Parcial-2-Full-Stack-DSY1103-main\ms-usuarios)
2026-05-14T15:15:08.715-04:00 DEBUG 28744 --- [ms-usuarios] [main] c.d.msusuarios.MsUsuariosApplication     : Running with Spring Boot v4.0.6, Spring v7.0.7
2026-05-14T15:15:08.717-04:00  INFO 28744 --- [ms-usuarios] [main] c.d.msusuarios.MsUsuariosApplication     : No active profile set, falling back to 1 default profile: "default"
2026-05-14T15:15:09.322-04:00  INFO 27100 --- [ms-usuarios] [main] o.s.boot.tomcat.TomcatWebServer          : Tomcat initialized with port 8090 (http)
2026-05-14T15:15:09.365-04:00  INFO 27100 --- [ms-usuarios] [main] o.apache.catalina.core.StandardService   : Starting service [Tomcat]
2026-05-14T15:15:09.366-04:00  INFO 27100 --- [ms-usuarios] [main] o.apache.catalina.core.StandardEngine    : Starting Servlet engine: [Apache Tomcat/11.0.21]
2026-05-14T15:15:09.547-04:00  INFO 27100 --- [ms-usuarios] [main] b.w.c.s.WebApplicationContextInitializer : Root WebApplicationContext: initialization completed in 3917 ms
2026-05-14T15:15:10.070-04:00  INFO 27100 --- [ms-usuarios] [main] org.hibernate.orm.jpa                    : HHH008540: Processing PersistenceUnitInfo [name: default]
2026-05-14T15:15:10.218-04:00  INFO 27100 --- [ms-usuarios] [main] org.hibernate.orm.core                   : HHH000001: Hibernate ORM core version 7.2.12.Final
2026-05-14T15:15:10.866-04:00  INFO 28744 --- [ms-usuarios] [main] .s.d.r.c.RepositoryConfigurationDelegate : Bootstrapping Spring Data JPA repositories in DEFAULT mode.
2026-05-14T15:15:11.027-04:00  INFO 28744 --- [ms-usuarios] [main] .s.d.r.c.RepositoryConfigurationDelegate : Finished Spring Data repository scanning in 133 ms. Found 2 JPA repository interfaces.
2026-05-14T15:15:11.567-04:00  INFO 28744 --- [ms-usuarios] [main] o.s.cloud.context.scope.GenericScope     : BeanFactory id=3ddad5d1-749f-3cce-9d8f-bd0bbd01fb18
2026-05-14T15:15:11.596-04:00  INFO 27100 --- [ms-usuarios] [main] o.s.o.j.p.SpringPersistenceUnitInfo      : No LoadTimeWeaver setup: ignoring JPA class transformer
2026-05-14T15:15:11.686-04:00  INFO 27100 --- [ms-usuarios] [main] com.zaxxer.hikari.HikariDataSource       : HikariPool-1 - Starting...
2026-05-14T15:15:12.085-04:00  INFO 27100 --- [ms-usuarios] [main] com.zaxxer.hikari.pool.HikariPool        : HikariPool-1 - Added connection com.mysql.cj.jdbc.ConnectionImpl@13f36d75
2026-05-14T15:15:12.089-04:00  INFO 27100 --- [ms-usuarios] [main] com.zaxxer.hikari.HikariDataSource       : HikariPool-1 - Start completed.
2026-05-14T15:15:12.249-04:00  INFO 27100 --- [ms-usuarios] [main] org.hibernate.orm.connections.pooling    : HHH10001005: Database info:
	Database JDBC URL [jdbc:mysql://localhost:3306/db_usuarios?useSSL=false&serverTimezone=America/Santiago&allowPublicKeyRetrieval=true]
	Database driver: MySQL Connector/J
	Database dialect: MySQLDialect
	Database version: 8.4.3
	Default catalog/schema: db_usuarios/undefined
	Autocommit mode: undefined/unknown
	Isolation level: REPEATABLE_READ [default REPEATABLE_READ]
	JDBC fetch size: none
	Pool: DataSourceConnectionProvider
	Minimum pool size: undefined/unknown
	Maximum pool size: undefined/unknown
2026-05-14T15:15:12.532-04:00  INFO 28744 --- [ms-usuarios] [main] o.s.boot.tomcat.TomcatWebServer          : Tomcat initialized with port 8090 (http)
2026-05-14T15:15:12.570-04:00  INFO 28744 --- [ms-usuarios] [main] o.apache.catalina.core.StandardService   : Starting service [Tomcat]
2026-05-14T15:15:12.571-04:00  INFO 28744 --- [ms-usuarios] [main] o.apache.catalina.core.StandardEngine    : Starting Servlet engine: [Apache Tomcat/11.0.21]
2026-05-14T15:15:12.770-04:00  INFO 28744 --- [ms-usuarios] [main] b.w.c.s.WebApplicationContextInitializer : Root WebApplicationContext: initialization completed in 3888 ms
2026-05-14T15:15:13.285-04:00  INFO 28744 --- [ms-usuarios] [main] org.hibernate.orm.jpa                    : HHH008540: Processing PersistenceUnitInfo [name: default]
2026-05-14T15:15:13.394-04:00  INFO 28744 --- [ms-usuarios] [main] org.hibernate.orm.core                   : HHH000001: Hibernate ORM core version 7.2.12.Final
2026-05-14T15:15:14.468-04:00  INFO 28744 --- [ms-usuarios] [main] o.s.o.j.p.SpringPersistenceUnitInfo      : No LoadTimeWeaver setup: ignoring JPA class transformer
2026-05-14T15:15:14.512-04:00  INFO 27100 --- [ms-usuarios] [main] org.hibernate.orm.core                   : HHH000489: No JTA platform available (set 'hibernate.transaction.jta.platform' to enable JTA platform integration)
2026-05-14T15:15:14.517-04:00  INFO 28744 --- [ms-usuarios] [main] com.zaxxer.hikari.HikariDataSource       : HikariPool-1 - Starting...
2026-05-14T15:15:14.664-04:00  INFO 27100 --- [ms-usuarios] [main] j.LocalContainerEntityManagerFactoryBean : Initialized JPA EntityManagerFactory for persistence unit 'default'
2026-05-14T15:15:14.823-04:00  INFO 28744 --- [ms-usuarios] [main] com.zaxxer.hikari.pool.HikariPool        : HikariPool-1 - Added connection com.mysql.cj.jdbc.ConnectionImpl@556aed22
2026-05-14T15:15:14.828-04:00  INFO 28744 --- [ms-usuarios] [main] com.zaxxer.hikari.HikariDataSource       : HikariPool-1 - Start completed.
2026-05-14T15:15:14.865-04:00  INFO 27100 --- [ms-usuarios] [main] o.s.d.j.r.query.QueryEnhancerFactories   : Hibernate is in classpath; If applicable, HQL parser will be used.
2026-05-14T15:15:14.991-04:00  INFO 28744 --- [ms-usuarios] [main] org.hibernate.orm.connections.pooling    : HHH10001005: Database info:
	Database JDBC URL [jdbc:mysql://localhost:3306/db_usuarios?useSSL=false&serverTimezone=America/Santiago&allowPublicKeyRetrieval=true]
	Database driver: MySQL Connector/J
	Database dialect: MySQLDialect
	Database version: 8.4.3
	Default catalog/schema: db_usuarios/undefined
	Autocommit mode: undefined/unknown
	Isolation level: REPEATABLE_READ [default REPEATABLE_READ]
	JDBC fetch size: none
	Pool: DataSourceConnectionProvider
	Minimum pool size: undefined/unknown
	Maximum pool size: undefined/unknown
2026-05-14T15:15:16.437-04:00  WARN 27100 --- [ms-usuarios] [main] JpaBaseConfiguration$JpaWebConfiguration : spring.jpa.open-in-view is enabled by default. Therefore, database queries may be performed during view rendering. Explicitly configure spring.jpa.open-in-view to disable this warning
2026-05-14T15:15:16.757-04:00  INFO 28744 --- [ms-usuarios] [main] org.hibernate.orm.core                   : HHH000489: No JTA platform available (set 'hibernate.transaction.jta.platform' to enable JTA platform integration)
2026-05-14T15:15:16.935-04:00  INFO 28744 --- [ms-usuarios] [main] j.LocalContainerEntityManagerFactoryBean : Initialized JPA EntityManagerFactory for persistence unit 'default'
2026-05-14T15:15:17.160-04:00  INFO 28744 --- [ms-usuarios] [main] o.s.d.j.r.query.QueryEnhancerFactories   : Hibernate is in classpath; If applicable, HQL parser will be used.
2026-05-14T15:15:17.634-04:00  INFO 27100 --- [ms-usuarios] [main] o.s.boot.tomcat.TomcatWebServer          : Tomcat started on port 8090 (http) with context path '/'
2026-05-14T15:15:17.675-04:00  INFO 27100 --- [ms-usuarios] [main] c.d.msusuarios.MsUsuariosApplication     : Started MsUsuariosApplication in 13.434 seconds (process running for 14.979)
2026-05-14T15:15:17.923-04:00  INFO 27100 --- [ms-usuarios] [main] c.d.msusuarios.config.DataInitializer    : Poblando datos de prueba para ms-usuarios...
2026-05-14T15:15:18.081-04:00  INFO 27100 --- [ms-usuarios] [main] c.d.msusuarios.config.DataInitializer    : ¡Datos cargados con éxito! 3 usuarios creados.
2026-05-14T15:15:18.764-04:00  WARN 28744 --- [ms-usuarios] [main] JpaBaseConfiguration$JpaWebConfiguration : spring.jpa.open-in-view is enabled by default. Therefore, database queries may be performed during view rendering. Explicitly configure spring.jpa.open-in-view to disable this warning
2026-05-14T15:15:19.524-04:00  WARN 28744 --- [ms-usuarios] [main] ConfigServletWebServerApplicationContext : Exception encountered during context initialization - cancelling refresh attempt: org.springframework.context.ApplicationContextException: Failed to start bean 'webServerStartStop'
2026-05-14T15:15:19.526-04:00  INFO 28744 --- [ms-usuarios] [main] j.LocalContainerEntityManagerFactoryBean : Closing JPA EntityManagerFactory for persistence unit 'default'
2026-05-14T15:15:19.541-04:00  INFO 28744 --- [ms-usuarios] [main] com.zaxxer.hikari.HikariDataSource       : HikariPool-1 - Shutdown initiated...
2026-05-14T15:15:19.550-04:00  INFO 28744 --- [ms-usuarios] [main] com.zaxxer.hikari.HikariDataSource       : HikariPool-1 - Shutdown completed.
2026-05-14T15:15:19.575-04:00  INFO 28744 --- [ms-usuarios] [main] .s.b.a.l.ConditionEvaluationReportLogger : 

Error starting ApplicationContext. To display the condition evaluation report re-run your application with 'debug' enabled.
2026-05-14T15:15:19.599-04:00 ERROR 28744 --- [ms-usuarios] [main] o.s.b.d.LoggingFailureAnalysisReporter   : 

***************************
APPLICATION FAILED TO START
***************************

Description:

Web server failed to start. Port 8090 was already in use.

Action:

Identify and stop the process that's listening on port 8090 or configure this application to listen on another port.

2026-05-14T15:25:13.707-04:00  WARN 27100 --- [ms-usuarios] [HikariPool-1:housekeeper] com.zaxxer.hikari.pool.HikariPool        : HikariPool-1 - Thread starvation or clock leap detected (housekeeper delta=7m1s505ms663µs700ns).
2026-05-14T15:28:02.049-04:00  INFO 27100 --- [ms-usuarios] [SpringApplicationShutdownHook] o.s.boot.tomcat.GracefulShutdown         : Commencing graceful shutdown. Waiting for active requests to complete
2026-05-14T15:28:02.068-04:00  INFO 27100 --- [ms-usuarios] [tomcat-shutdown] o.s.boot.tomcat.GracefulShutdown         : Graceful shutdown complete
2026-05-14T15:28:02.072-04:00  INFO 27100 --- [ms-usuarios] [SpringApplicationShutdownHook] j.LocalContainerEntityManagerFactoryBean : Closing JPA EntityManagerFactory for persistence unit 'default'
2026-05-14T15:28:02.077-04:00  INFO 27100 --- [ms-usuarios] [SpringApplicationShutdownHook] com.zaxxer.hikari.HikariDataSource       : HikariPool-1 - Shutdown initiated...
2026-05-14T15:28:02.097-04:00  INFO 27100 --- [ms-usuarios] [SpringApplicationShutdownHook] com.zaxxer.hikari.HikariDataSource       : HikariPool-1 - Shutdown completed.
2026-05-14T15:29:08.288-04:00  INFO 26580 --- [ms-usuarios] [main] c.d.msusuarios.MsUsuariosApplication     : Starting MsUsuariosApplication using Java 24.0.2 with PID 26580 (C:\Users\zerze\Downloads\Evaluacion-Parcial-2-Full-Stack-DSY1103-main\Evaluacion-Parcial-2-Full-Stack-DSY1103-main\ms-usuarios\target\classes started by zerze in C:\Users\zerze\Downloads\Evaluacion-Parcial-2-Full-Stack-DSY1103-main\Evaluacion-Parcial-2-Full-Stack-DSY1103-main\ms-usuarios)
2026-05-14T15:29:08.294-04:00 DEBUG 26580 --- [ms-usuarios] [main] c.d.msusuarios.MsUsuariosApplication     : Running with Spring Boot v4.0.6, Spring v7.0.7
2026-05-14T15:29:08.296-04:00  INFO 26580 --- [ms-usuarios] [main] c.d.msusuarios.MsUsuariosApplication     : No active profile set, falling back to 1 default profile: "default"
2026-05-14T15:29:10.049-04:00  INFO 26580 --- [ms-usuarios] [main] .s.d.r.c.RepositoryConfigurationDelegate : Bootstrapping Spring Data JPA repositories in DEFAULT mode.
2026-05-14T15:29:10.198-04:00  INFO 26580 --- [ms-usuarios] [main] .s.d.r.c.RepositoryConfigurationDelegate : Finished Spring Data repository scanning in 122 ms. Found 2 JPA repository interfaces.
2026-05-14T15:29:10.683-04:00  INFO 26580 --- [ms-usuarios] [main] o.s.cloud.context.scope.GenericScope     : BeanFactory id=3ddad5d1-749f-3cce-9d8f-bd0bbd01fb18
2026-05-14T15:29:11.669-04:00  INFO 26580 --- [ms-usuarios] [main] o.s.boot.tomcat.TomcatWebServer          : Tomcat initialized with port 8081 (http)
2026-05-14T15:29:11.694-04:00  INFO 26580 --- [ms-usuarios] [main] o.apache.catalina.core.StandardService   : Starting service [Tomcat]
2026-05-14T15:29:11.695-04:00  INFO 26580 --- [ms-usuarios] [main] o.apache.catalina.core.StandardEngine    : Starting Servlet engine: [Apache Tomcat/11.0.21]
2026-05-14T15:29:11.804-04:00  INFO 26580 --- [ms-usuarios] [main] b.w.c.s.WebApplicationContextInitializer : Root WebApplicationContext: initialization completed in 3411 ms
2026-05-14T15:29:12.250-04:00  INFO 26580 --- [ms-usuarios] [main] org.hibernate.orm.jpa                    : HHH008540: Processing PersistenceUnitInfo [name: default]
2026-05-14T15:29:12.382-04:00  INFO 26580 --- [ms-usuarios] [main] org.hibernate.orm.core                   : HHH000001: Hibernate ORM core version 7.2.12.Final
2026-05-14T15:29:13.456-04:00  INFO 26580 --- [ms-usuarios] [main] o.s.o.j.p.SpringPersistenceUnitInfo      : No LoadTimeWeaver setup: ignoring JPA class transformer
2026-05-14T15:29:13.542-04:00  INFO 26580 --- [ms-usuarios] [main] com.zaxxer.hikari.HikariDataSource       : HikariPool-1 - Starting...
2026-05-14T15:29:13.854-04:00  INFO 26580 --- [ms-usuarios] [main] com.zaxxer.hikari.pool.HikariPool        : HikariPool-1 - Added connection com.mysql.cj.jdbc.ConnectionImpl@1791e231
2026-05-14T15:29:13.857-04:00  INFO 26580 --- [ms-usuarios] [main] com.zaxxer.hikari.HikariDataSource       : HikariPool-1 - Start completed.
2026-05-14T15:29:13.980-04:00  INFO 26580 --- [ms-usuarios] [main] org.hibernate.orm.connections.pooling    : HHH10001005: Database info:
	Database JDBC URL [jdbc:mysql://localhost:3306/db_usuarios?useSSL=false&serverTimezone=America/Santiago&allowPublicKeyRetrieval=true]
	Database driver: MySQL Connector/J
	Database dialect: MySQLDialect
	Database version: 8.4.3
	Default catalog/schema: db_usuarios/undefined
	Autocommit mode: undefined/unknown
	Isolation level: REPEATABLE_READ [default REPEATABLE_READ]
	JDBC fetch size: none
	Pool: DataSourceConnectionProvider
	Minimum pool size: undefined/unknown
	Maximum pool size: undefined/unknown
2026-05-14T15:29:15.576-04:00  INFO 26580 --- [ms-usuarios] [main] org.hibernate.orm.core                   : HHH000489: No JTA platform available (set 'hibernate.transaction.jta.platform' to enable JTA platform integration)
2026-05-14T15:29:15.707-04:00  INFO 26580 --- [ms-usuarios] [main] j.LocalContainerEntityManagerFactoryBean : Initialized JPA EntityManagerFactory for persistence unit 'default'
2026-05-14T15:29:15.878-04:00  INFO 26580 --- [ms-usuarios] [main] o.s.d.j.r.query.QueryEnhancerFactories   : Hibernate is in classpath; If applicable, HQL parser will be used.
2026-05-14T15:29:17.334-04:00  WARN 26580 --- [ms-usuarios] [main] JpaBaseConfiguration$JpaWebConfiguration : spring.jpa.open-in-view is enabled by default. Therefore, database queries may be performed during view rendering. Explicitly configure spring.jpa.open-in-view to disable this warning
2026-05-14T15:29:18.361-04:00  INFO 26580 --- [ms-usuarios] [main] o.s.boot.tomcat.TomcatWebServer          : Tomcat started on port 8081 (http) with context path '/'
2026-05-14T15:29:18.389-04:00  INFO 26580 --- [ms-usuarios] [main] c.d.msusuarios.MsUsuariosApplication     : Started MsUsuariosApplication in 11.359 seconds (process running for 12.908)
2026-05-14T15:31:44.252-04:00  INFO 26580 --- [ms-usuarios] [SpringApplicationShutdownHook] o.s.boot.tomcat.GracefulShutdown         : Commencing graceful shutdown. Waiting for active requests to complete
2026-05-14T15:31:44.265-04:00  INFO 26580 --- [ms-usuarios] [tomcat-shutdown] o.s.boot.tomcat.GracefulShutdown         : Graceful shutdown complete
2026-05-14T15:31:44.271-04:00  INFO 26580 --- [ms-usuarios] [SpringApplicationShutdownHook] j.LocalContainerEntityManagerFactoryBean : Closing JPA EntityManagerFactory for persistence unit 'default'
2026-05-14T15:31:44.275-04:00  INFO 26580 --- [ms-usuarios] [SpringApplicationShutdownHook] com.zaxxer.hikari.HikariDataSource       : HikariPool-1 - Shutdown initiated...
2026-05-14T15:31:44.286-04:00  INFO 26580 --- [ms-usuarios] [SpringApplicationShutdownHook] com.zaxxer.hikari.HikariDataSource       : HikariPool-1 - Shutdown completed.
2026-05-14T15:42:09.629-04:00  INFO 2020 --- [ms-usuarios] [main] c.d.msusuarios.MsUsuariosApplication     : Starting MsUsuariosApplication using Java 24.0.2 with PID 2020 (C:\Users\zerze\Downloads\Evaluacion-Parcial-2-Full-Stack-DSY1103-main\Evaluacion-Parcial-2-Full-Stack-DSY1103-main\ms-usuarios\target\classes started by zerze in C:\Users\zerze\Downloads\Evaluacion-Parcial-2-Full-Stack-DSY1103-main\Evaluacion-Parcial-2-Full-Stack-DSY1103-main\ms-usuarios)
2026-05-14T15:42:09.650-04:00 DEBUG 2020 --- [ms-usuarios] [main] c.d.msusuarios.MsUsuariosApplication     : Running with Spring Boot v4.0.6, Spring v7.0.7
2026-05-14T15:42:09.657-04:00  INFO 2020 --- [ms-usuarios] [main] c.d.msusuarios.MsUsuariosApplication     : No active profile set, falling back to 1 default profile: "default"
2026-05-14T15:42:18.200-04:00  INFO 2020 --- [ms-usuarios] [main] .s.d.r.c.RepositoryConfigurationDelegate : Bootstrapping Spring Data JPA repositories in DEFAULT mode.
2026-05-14T15:42:18.579-04:00  INFO 2020 --- [ms-usuarios] [main] .s.d.r.c.RepositoryConfigurationDelegate : Finished Spring Data repository scanning in 261 ms. Found 2 JPA repository interfaces.
2026-05-14T15:42:20.145-04:00  INFO 2020 --- [ms-usuarios] [main] o.s.cloud.context.scope.GenericScope     : BeanFactory id=3ddad5d1-749f-3cce-9d8f-bd0bbd01fb18
2026-05-14T15:42:23.072-04:00  INFO 2020 --- [ms-usuarios] [main] o.s.boot.tomcat.TomcatWebServer          : Tomcat initialized with port 8081 (http)
2026-05-14T15:42:23.109-04:00  INFO 2020 --- [ms-usuarios] [main] o.apache.catalina.core.StandardService   : Starting service [Tomcat]
2026-05-14T15:42:23.111-04:00  INFO 2020 --- [ms-usuarios] [main] o.apache.catalina.core.StandardEngine    : Starting Servlet engine: [Apache Tomcat/11.0.21]
2026-05-14T15:42:23.260-04:00  INFO 2020 --- [ms-usuarios] [main] b.w.c.s.WebApplicationContextInitializer : Root WebApplicationContext: initialization completed in 13202 ms
2026-05-14T15:42:23.695-04:00  INFO 2020 --- [ms-usuarios] [main] org.hibernate.orm.jpa                    : HHH008540: Processing PersistenceUnitInfo [name: default]
2026-05-14T15:42:23.825-04:00  INFO 2020 --- [ms-usuarios] [main] org.hibernate.orm.core                   : HHH000001: Hibernate ORM core version 7.2.12.Final
2026-05-14T15:42:24.910-04:00  INFO 2020 --- [ms-usuarios] [main] o.s.o.j.p.SpringPersistenceUnitInfo      : No LoadTimeWeaver setup: ignoring JPA class transformer
2026-05-14T15:42:24.966-04:00  INFO 2020 --- [ms-usuarios] [main] com.zaxxer.hikari.HikariDataSource       : HikariPool-1 - Starting...
2026-05-14T15:42:25.380-04:00  INFO 2020 --- [ms-usuarios] [main] com.zaxxer.hikari.pool.HikariPool        : HikariPool-1 - Added connection com.mysql.cj.jdbc.ConnectionImpl@7d4da729
2026-05-14T15:42:25.383-04:00  INFO 2020 --- [ms-usuarios] [main] com.zaxxer.hikari.HikariDataSource       : HikariPool-1 - Start completed.
2026-05-14T15:42:25.536-04:00  INFO 2020 --- [ms-usuarios] [main] org.hibernate.orm.connections.pooling    : HHH10001005: Database info:
	Database JDBC URL [jdbc:mysql://localhost:3306/db_usuarios?useSSL=false&serverTimezone=America/Santiago&allowPublicKeyRetrieval=true]
	Database driver: MySQL Connector/J
	Database dialect: MySQLDialect
	Database version: 8.4.3
	Default catalog/schema: db_usuarios/undefined
	Autocommit mode: undefined/unknown
	Isolation level: REPEATABLE_READ [default REPEATABLE_READ]
	JDBC fetch size: none
	Pool: DataSourceConnectionProvider
	Minimum pool size: undefined/unknown
	Maximum pool size: undefined/unknown
2026-05-14T15:42:27.284-04:00  INFO 2020 --- [ms-usuarios] [main] org.hibernate.orm.core                   : HHH000489: No JTA platform available (set 'hibernate.transaction.jta.platform' to enable JTA platform integration)
2026-05-14T15:42:27.579-04:00  INFO 2020 --- [ms-usuarios] [main] j.LocalContainerEntityManagerFactoryBean : Initialized JPA EntityManagerFactory for persistence unit 'default'
2026-05-14T15:42:27.766-04:00  INFO 2020 --- [ms-usuarios] [main] o.s.d.j.r.query.QueryEnhancerFactories   : Hibernate is in classpath; If applicable, HQL parser will be used.
2026-05-14T15:42:29.298-04:00  WARN 2020 --- [ms-usuarios] [main] JpaBaseConfiguration$JpaWebConfiguration : spring.jpa.open-in-view is enabled by default. Therefore, database queries may be performed during view rendering. Explicitly configure spring.jpa.open-in-view to disable this warning
2026-05-14T15:42:30.359-04:00  INFO 2020 --- [ms-usuarios] [main] o.s.boot.tomcat.TomcatWebServer          : Tomcat started on port 8081 (http) with context path '/'
2026-05-14T15:42:30.388-04:00  INFO 2020 --- [ms-usuarios] [main] c.d.msusuarios.MsUsuariosApplication     : Started MsUsuariosApplication in 23.137 seconds (process running for 24.947)
2026-05-14T15:42:53.241-04:00  INFO 2020 --- [ms-usuarios] [http-nio-8081-exec-2] o.a.c.c.C.[Tomcat].[localhost].[/]       : Initializing Spring DispatcherServlet 'dispatcherServlet'
2026-05-14T15:42:53.241-04:00  INFO 2020 --- [ms-usuarios] [http-nio-8081-exec-2] o.s.web.servlet.DispatcherServlet        : Initializing Servlet 'dispatcherServlet'
2026-05-14T15:42:53.245-04:00  INFO 2020 --- [ms-usuarios] [http-nio-8081-exec-2] o.s.web.servlet.DispatcherServlet        : Completed initialization in 4 ms
2026-05-14T15:42:53.386-04:00  INFO 2020 --- [ms-usuarios] [http-nio-8081-exec-2] c.d.msusuarios.service.UsuarioService    : Buscando usuario con ID: 999
2026-05-14T15:42:53.480-04:00 ERROR 2020 --- [ms-usuarios] [http-nio-8081-exec-2] c.d.m.exception.GlobalExceptionHandler   : ERROR CRÍTICO en /api/usuarios/999: 

java.lang.RuntimeException: Usuario no encontrado con ID: 999
	at com.dsy1103.msusuarios.service.UsuarioService.lambda$buscarPorId$0(UsuarioService.java:32) ~[classes/:na]
	at java.base/java.util.Optional.orElseThrow(Optional.java:403) ~[na:na]
	at com.dsy1103.msusuarios.service.UsuarioService.buscarPorId(UsuarioService.java:32) ~[classes/:na]
	at com.dsy1103.msusuarios.controller.UsuarioController.obtenerPorId(UsuarioController.java:29) ~[classes/:na]
	at java.base/jdk.internal.reflect.DirectMethodHandleAccessor.invoke(DirectMethodHandleAccessor.java:104) ~[na:na]
	at java.base/java.lang.reflect.Method.invoke(Method.java:565) ~[na:na]
	at org.springframework.web.method.support.InvocableHandlerMethod.doInvoke(InvocableHandlerMethod.java:252) ~[spring-web-7.0.7.jar:7.0.7]
	at org.springframework.web.method.support.InvocableHandlerMethod.invokeForRequest(InvocableHandlerMethod.java:184) ~[spring-web-7.0.7.jar:7.0.7]
	at org.springframework.web.servlet.mvc.method.annotation.ServletInvocableHandlerMethod.invokeAndHandle(ServletInvocableHandlerMethod.java:117) ~[spring-webmvc-7.0.7.jar:7.0.7]
	at org.springframework.web.servlet.mvc.method.annotation.RequestMappingHandlerAdapter.invokeHandlerMethod(RequestMappingHandlerAdapter.java:934) ~[spring-webmvc-7.0.7.jar:7.0.7]
	at org.springframework.web.servlet.mvc.method.annotation.RequestMappingHandlerAdapter.handleInternal(RequestMappingHandlerAdapter.java:853) ~[spring-webmvc-7.0.7.jar:7.0.7]
	at org.springframework.web.servlet.mvc.method.AbstractHandlerMethodAdapter.handle(AbstractHandlerMethodAdapter.java:86) ~[spring-webmvc-7.0.7.jar:7.0.7]
	at org.springframework.web.servlet.DispatcherServlet.doDispatch(DispatcherServlet.java:963) ~[spring-webmvc-7.0.7.jar:7.0.7]
	at org.springframework.web.servlet.DispatcherServlet.doService(DispatcherServlet.java:866) ~[spring-webmvc-7.0.7.jar:7.0.7]
	at org.springframework.web.servlet.FrameworkServlet.processRequest(FrameworkServlet.java:1000) ~[spring-webmvc-7.0.7.jar:7.0.7]
	at org.springframework.web.servlet.FrameworkServlet.doGet(FrameworkServlet.java:892) ~[spring-webmvc-7.0.7.jar:7.0.7]
	at jakarta.servlet.http.HttpServlet.service(HttpServlet.java:622) ~[tomcat-embed-core-11.0.21.jar:6.1]
	at org.springframework.web.servlet.FrameworkServlet.service(FrameworkServlet.java:874) ~[spring-webmvc-7.0.7.jar:7.0.7]
	at jakarta.servlet.http.HttpServlet.service(HttpServlet.java:710) ~[tomcat-embed-core-11.0.21.jar:6.1]
	at org.apache.catalina.core.ApplicationFilterChain.doFilter(ApplicationFilterChain.java:128) ~[tomcat-embed-core-11.0.21.jar:11.0.21]
	at org.apache.tomcat.websocket.server.WsFilter.doFilter(WsFilter.java:53) ~[tomcat-embed-websocket-11.0.21.jar:11.0.21]
	at org.apache.catalina.core.ApplicationFilterChain.doFilter(ApplicationFilterChain.java:107) ~[tomcat-embed-core-11.0.21.jar:11.0.21]
	at org.springframework.web.filter.RequestContextFilter.doFilterInternal(RequestContextFilter.java:100) ~[spring-web-7.0.7.jar:7.0.7]
	at org.springframework.web.filter.OncePerRequestFilter.doFilter(OncePerRequestFilter.java:116) ~[spring-web-7.0.7.jar:7.0.7]
	at org.apache.catalina.core.ApplicationFilterChain.doFilter(ApplicationFilterChain.java:107) ~[tomcat-embed-core-11.0.21.jar:11.0.21]
	at org.springframework.web.filter.FormContentFilter.doFilterInternal(FormContentFilter.java:93) ~[spring-web-7.0.7.jar:7.0.7]
	at org.springframework.web.filter.OncePerRequestFilter.doFilter(OncePerRequestFilter.java:116) ~[spring-web-7.0.7.jar:7.0.7]
	at org.apache.catalina.core.ApplicationFilterChain.doFilter(ApplicationFilterChain.java:107) ~[tomcat-embed-core-11.0.21.jar:11.0.21]
	at org.springframework.web.filter.CharacterEncodingFilter.doFilterInternal(CharacterEncodingFilter.java:199) ~[spring-web-7.0.7.jar:7.0.7]
	at org.springframework.web.filter.OncePerRequestFilter.doFilter(OncePerRequestFilter.java:116) ~[spring-web-7.0.7.jar:7.0.7]
	at org.apache.catalina.core.ApplicationFilterChain.doFilter(ApplicationFilterChain.java:107) ~[tomcat-embed-core-11.0.21.jar:11.0.21]
	at org.apache.catalina.core.StandardWrapperValve.invoke(StandardWrapperValve.java:165) ~[tomcat-embed-core-11.0.21.jar:11.0.21]
	at org.apache.catalina.core.StandardContextValve.invoke(StandardContextValve.java:77) ~[tomcat-embed-core-11.0.21.jar:11.0.21]
	at org.apache.catalina.authenticator.AuthenticatorBase.invoke(AuthenticatorBase.java:492) ~[tomcat-embed-core-11.0.21.jar:11.0.21]
	at org.apache.catalina.core.StandardHostValve.invoke(StandardHostValve.java:113) ~[tomcat-embed-core-11.0.21.jar:11.0.21]
	at org.apache.catalina.valves.ErrorReportValve.invoke(ErrorReportValve.java:83) ~[tomcat-embed-core-11.0.21.jar:11.0.21]
	at org.apache.catalina.core.StandardEngineValve.invoke(StandardEngineValve.java:72) ~[tomcat-embed-core-11.0.21.jar:11.0.21]
	at org.apache.catalina.connector.CoyoteAdapter.service(CoyoteAdapter.java:341) ~[tomcat-embed-core-11.0.21.jar:11.0.21]
	at org.apache.coyote.http11.Http11Processor.service(Http11Processor.java:397) ~[tomcat-embed-core-11.0.21.jar:11.0.21]
	at org.apache.coyote.AbstractProcessorLight.process(AbstractProcessorLight.java:63) ~[tomcat-embed-core-11.0.21.jar:11.0.21]
	at org.apache.coyote.AbstractProtocol$ConnectionHandler.process(AbstractProtocol.java:903) ~[tomcat-embed-core-11.0.21.jar:11.0.21]
	at org.apache.tomcat.util.net.NioEndpoint$SocketProcessor.doRun(NioEndpoint.java:1801) ~[tomcat-embed-core-11.0.21.jar:11.0.21]
	at org.apache.tomcat.util.net.SocketProcessorBase.run(SocketProcessorBase.java:52) ~[tomcat-embed-core-11.0.21.jar:11.0.21]
	at org.apache.tomcat.util.threads.ThreadPoolExecutor.runWorker(ThreadPoolExecutor.java:946) ~[tomcat-embed-core-11.0.21.jar:11.0.21]
	at org.apache.tomcat.util.threads.ThreadPoolExecutor$Worker.run(ThreadPoolExecutor.java:480) ~[tomcat-embed-core-11.0.21.jar:11.0.21]
	at org.apache.tomcat.util.threads.TaskThread$WrappingRunnable.run(TaskThread.java:57) ~[tomcat-embed-core-11.0.21.jar:11.0.21]
	at java.base/java.lang.Thread.run(Thread.java:1447) ~[na:na]

2026-05-14T15:47:32.668-04:00  INFO 2020 --- [ms-usuarios] [SpringApplicationShutdownHook] o.s.boot.tomcat.GracefulShutdown         : Commencing graceful shutdown. Waiting for active requests to complete
2026-05-14T15:47:32.681-04:00  INFO 2020 --- [ms-usuarios] [tomcat-shutdown] o.s.boot.tomcat.GracefulShutdown         : Graceful shutdown complete
2026-05-14T15:47:32.690-04:00  INFO 2020 --- [ms-usuarios] [SpringApplicationShutdownHook] j.LocalContainerEntityManagerFactoryBean : Closing JPA EntityManagerFactory for persistence unit 'default'
2026-05-14T15:47:32.696-04:00  INFO 2020 --- [ms-usuarios] [SpringApplicationShutdownHook] com.zaxxer.hikari.HikariDataSource       : HikariPool-1 - Shutdown initiated...
2026-05-14T15:47:32.722-04:00  INFO 2020 --- [ms-usuarios] [SpringApplicationShutdownHook] com.zaxxer.hikari.HikariDataSource       : HikariPool-1 - Shutdown completed.
2026-05-14T15:47:51.816-04:00  INFO 7404 --- [ms-usuarios] [main] c.d.msusuarios.MsUsuariosApplication     : Starting MsUsuariosApplication using Java 24.0.2 with PID 7404 (C:\Users\zerze\Downloads\Evaluacion-Parcial-2-Full-Stack-DSY1103-main\Evaluacion-Parcial-2-Full-Stack-DSY1103-main\ms-usuarios\target\classes started by zerze in C:\Users\zerze\Downloads\Evaluacion-Parcial-2-Full-Stack-DSY1103-main\Evaluacion-Parcial-2-Full-Stack-DSY1103-main\ms-usuarios)
2026-05-14T15:47:51.823-04:00 DEBUG 7404 --- [ms-usuarios] [main] c.d.msusuarios.MsUsuariosApplication     : Running with Spring Boot v4.0.6, Spring v7.0.7
2026-05-14T15:47:51.825-04:00  INFO 7404 --- [ms-usuarios] [main] c.d.msusuarios.MsUsuariosApplication     : No active profile set, falling back to 1 default profile: "default"
2026-05-14T15:47:53.471-04:00  INFO 7404 --- [ms-usuarios] [main] .s.d.r.c.RepositoryConfigurationDelegate : Bootstrapping Spring Data JPA repositories in DEFAULT mode.
2026-05-14T15:47:53.581-04:00  INFO 7404 --- [ms-usuarios] [main] .s.d.r.c.RepositoryConfigurationDelegate : Finished Spring Data repository scanning in 89 ms. Found 2 JPA repository interfaces.
2026-05-14T15:47:54.016-04:00  INFO 7404 --- [ms-usuarios] [main] o.s.cloud.context.scope.GenericScope     : BeanFactory id=3ddad5d1-749f-3cce-9d8f-bd0bbd01fb18
2026-05-14T15:47:54.907-04:00  INFO 7404 --- [ms-usuarios] [main] o.s.boot.tomcat.TomcatWebServer          : Tomcat initialized with port 8081 (http)
2026-05-14T15:47:54.937-04:00  INFO 7404 --- [ms-usuarios] [main] o.apache.catalina.core.StandardService   : Starting service [Tomcat]
2026-05-14T15:47:54.937-04:00  INFO 7404 --- [ms-usuarios] [main] o.apache.catalina.core.StandardEngine    : Starting Servlet engine: [Apache Tomcat/11.0.21]
2026-05-14T15:47:55.026-04:00  INFO 7404 --- [ms-usuarios] [main] b.w.c.s.WebApplicationContextInitializer : Root WebApplicationContext: initialization completed in 3107 ms
2026-05-14T15:47:55.441-04:00  INFO 7404 --- [ms-usuarios] [main] org.hibernate.orm.jpa                    : HHH008540: Processing PersistenceUnitInfo [name: default]
2026-05-14T15:47:55.565-04:00  INFO 7404 --- [ms-usuarios] [main] org.hibernate.orm.core                   : HHH000001: Hibernate ORM core version 7.2.12.Final
2026-05-14T15:47:56.704-04:00  INFO 7404 --- [ms-usuarios] [main] o.s.o.j.p.SpringPersistenceUnitInfo      : No LoadTimeWeaver setup: ignoring JPA class transformer
2026-05-14T15:47:56.776-04:00  INFO 7404 --- [ms-usuarios] [main] com.zaxxer.hikari.HikariDataSource       : HikariPool-1 - Starting...
2026-05-14T15:47:57.159-04:00  INFO 7404 --- [ms-usuarios] [main] com.zaxxer.hikari.pool.HikariPool        : HikariPool-1 - Added connection com.mysql.cj.jdbc.ConnectionImpl@4e3ee457
2026-05-14T15:47:57.163-04:00  INFO 7404 --- [ms-usuarios] [main] com.zaxxer.hikari.HikariDataSource       : HikariPool-1 - Start completed.
2026-05-14T15:47:57.296-04:00  INFO 7404 --- [ms-usuarios] [main] org.hibernate.orm.connections.pooling    : HHH10001005: Database info:
	Database JDBC URL [jdbc:mysql://localhost:3306/db_usuarios?useSSL=false&serverTimezone=America/Santiago&allowPublicKeyRetrieval=true]
	Database driver: MySQL Connector/J
	Database dialect: MySQLDialect
	Database version: 8.4.3
	Default catalog/schema: db_usuarios/undefined
	Autocommit mode: undefined/unknown
	Isolation level: REPEATABLE_READ [default REPEATABLE_READ]
	JDBC fetch size: none
	Pool: DataSourceConnectionProvider
	Minimum pool size: undefined/unknown
	Maximum pool size: undefined/unknown
2026-05-14T15:47:58.810-04:00  INFO 7404 --- [ms-usuarios] [main] org.hibernate.orm.core                   : HHH000489: No JTA platform available (set 'hibernate.transaction.jta.platform' to enable JTA platform integration)
2026-05-14T15:47:58.941-04:00  INFO 7404 --- [ms-usuarios] [main] j.LocalContainerEntityManagerFactoryBean : Initialized JPA EntityManagerFactory for persistence unit 'default'
2026-05-14T15:47:59.182-04:00  INFO 7404 --- [ms-usuarios] [main] o.s.d.j.r.query.QueryEnhancerFactories   : Hibernate is in classpath; If applicable, HQL parser will be used.
2026-05-14T15:48:00.631-04:00  WARN 7404 --- [ms-usuarios] [main] JpaBaseConfiguration$JpaWebConfiguration : spring.jpa.open-in-view is enabled by default. Therefore, database queries may be performed during view rendering. Explicitly configure spring.jpa.open-in-view to disable this warning
2026-05-14T15:48:01.506-04:00  INFO 7404 --- [ms-usuarios] [main] o.s.boot.tomcat.TomcatWebServer          : Tomcat started on port 8081 (http) with context path '/'
2026-05-14T15:48:01.524-04:00  INFO 7404 --- [ms-usuarios] [main] c.d.msusuarios.MsUsuariosApplication     : Started MsUsuariosApplication in 10.784 seconds (process running for 12.197)
2026-05-14T15:49:30.817-04:00  INFO 7404 --- [ms-usuarios] [http-nio-8081-exec-1] o.a.c.c.C.[Tomcat].[localhost].[/]       : Initializing Spring DispatcherServlet 'dispatcherServlet'
2026-05-14T15:49:30.861-04:00  INFO 7404 --- [ms-usuarios] [http-nio-8081-exec-1] o.s.web.servlet.DispatcherServlet        : Initializing Servlet 'dispatcherServlet'
2026-05-14T15:49:30.879-04:00  INFO 7404 --- [ms-usuarios] [http-nio-8081-exec-1] o.s.web.servlet.DispatcherServlet        : Completed initialization in 4 ms
2026-05-14T15:49:31.160-04:00  INFO 7404 --- [ms-usuarios] [http-nio-8081-exec-1] c.d.msusuarios.service.UsuarioService    : Buscando usuario con ID: 99
2026-05-14T15:49:31.573-04:00  WARN 7404 --- [ms-usuarios] [http-nio-8081-exec-1] c.d.m.exception.GlobalExceptionHandler   : Recurso no encontrado en /api/usuarios/99: Usuario no encontrado con ID: 99
2026-05-14T15:59:48.810-04:00  WARN 7404 --- [ms-usuarios] [HikariPool-1:housekeeper] com.zaxxer.hikari.pool.HikariPool        : HikariPool-1 - Thread starvation or clock leap detected (housekeeper delta=4m51s441ms652µs).
2026-05-14T16:19:20.215-04:00  WARN 7404 --- [ms-usuarios] [HikariPool-1:housekeeper] com.zaxxer.hikari.pool.HikariPool        : HikariPool-1 - Thread starvation or clock leap detected (housekeeper delta=19m31s401ms83µs100ns).
2026-05-14T16:22:28.898-04:00  INFO 7404 --- [ms-usuarios] [SpringApplicationShutdownHook] o.s.boot.tomcat.GracefulShutdown         : Commencing graceful shutdown. Waiting for active requests to complete
2026-05-14T16:22:28.903-04:00  INFO 7404 --- [ms-usuarios] [tomcat-shutdown] o.s.boot.tomcat.GracefulShutdown         : Graceful shutdown complete
2026-05-14T16:22:28.908-04:00  INFO 7404 --- [ms-usuarios] [SpringApplicationShutdownHook] j.LocalContainerEntityManagerFactoryBean : Closing JPA EntityManagerFactory for persistence unit 'default'
2026-05-14T16:22:28.910-04:00  INFO 7404 --- [ms-usuarios] [SpringApplicationShutdownHook] com.zaxxer.hikari.HikariDataSource       : HikariPool-1 - Shutdown initiated...
2026-05-14T16:22:28.914-04:00  INFO 7404 --- [ms-usuarios] [SpringApplicationShutdownHook] com.zaxxer.hikari.HikariDataSource       : HikariPool-1 - Shutdown completed.
